# 3ds Max Wavefront OBJ Exporter v0.97b - (c)2007 guruware
# File Created: 09.01.2023 15:19:22

mtllib PalmPlant.mtl

#
# object PalmPlant_LOD0
#

v  6.3276 67.8115 6.5517
v  8.2111 67.9922 3.8364
v  6.9643 61.4176 3.0639
v  5.2970 61.2955 5.4846
v  9.6467 68.3537 0.6573
v  8.2267 61.6617 0.2239
v  7.2511 54.3669 -0.7863
v  5.9965 54.1765 2.0618
v  4.3330 54.0812 4.4866
v  11.5057 88.8927 11.9132
v  14.9071 89.4137 7.1408
v  13.0466 83.4931 5.2144
v  9.6637 83.0311 10.0060
v  17.5653 90.4558 1.5988
v  15.6676 84.4171 -0.3660
v  14.0646 79.3481 -0.9891
v  11.6277 78.5613 4.2637
v  8.4666 78.1678 8.7664
v  0.9867 90.4558 17.6103
v  6.6178 89.4137 15.1465
v  4.7573 83.4931 13.2201
v  -0.9110 84.4171 15.6454
v  3.8566 78.5613 11.7691
v  -1.4778 79.3481 14.0217
v  18.4190 105.4445 19.0714
v  21.8900 106.1324 14.3711
v  17.9692 97.3907 10.3113
v  14.5372 96.7900 15.0521
v  24.6875 107.5082 8.9734
v  20.6884 98.5920 4.8327
v  8.1090 107.5082 24.9848
v  13.6008 106.1324 22.3768
v  9.6799 97.3907 18.3171
v  4.1099 98.5920 20.8441
v  27.6660 121.1410 28.6459
v  31.2259 121.9822 24.0376
v  26.3268 114.3472 18.9650
v  22.8115 113.5773 23.6194
v  34.2011 123.6647 18.8239
v  29.2129 115.8870 13.6590
v  17.6225 123.6647 34.8353
v  22.9366 121.9822 32.0433
v  18.0375 114.3472 26.9707
v  12.6343 115.8870 29.6705
v  32.9337 128.0878 34.1002
v  36.5335 128.9844 29.5332
v  38.4080 134.7263 39.7684
v  42.0454 135.6703 35.2404
v  45.1758 137.5583 30.1873
v  39.5886 130.7777 24.4022
v  28.2442 128.9844 37.5389
v  23.0100 130.7777 40.4136
v  28.5972 137.5583 46.1987
v  33.7561 135.6703 43.2461
v  2.5513 38.8171 2.6635
v  4.1122 38.9032 0.3881
v  3.1801 31.1876 -0.3166
v  1.7153 31.1017 1.8183
v  5.2925 39.0752 -2.2899
v  4.2898 31.3596 -2.8325
v  3.2137 22.6345 -3.0923
v  2.2081 21.9577 -0.8433
v  0.9171 21.6193 1.0306
v  1.1876 9.6987 -0.9094
v  0.2619 8.6030 0.4363
v  2.0277 11.8900 -2.7396
v  0.8645 0.1358 -1.4028
v  0.3333 -4.0749 -0.0850
v  0.0847 -6.1802 0.4026
v  0.2232 38.9031 4.1441
v  0.9861 46.6189 5.0682
v  3.4022 46.5327 3.5321
v  -2.4939 39.0752 5.2302
v  -1.8315 46.7912 6.1932
v  -1.0381 54.3669 7.2194
v  1.8519 54.1765 6.0647
v  0.0000 68.2348 -5.6604
v  -3.2411 68.3783 -5.0064
v  -2.8810 61.7330 -3.9635
v  0.0000 61.6445 -4.5524
v  -6.4822 68.6654 -3.6984
v  -5.7620 61.9099 -2.7856
v  -5.7620 54.5467 -1.8013
v  -2.8810 54.4240 -2.9873
v  0.0000 54.3626 -3.5803
v  0.0000 89.7082 -11.8945
v  -5.7620 90.1672 -10.7965
v  -5.7620 84.1029 -8.4619
v  0.0000 83.7045 -9.5831
v  -11.5240 91.0850 -8.6006
v  -11.5240 84.8997 -6.2193
v  -10.8037 79.7497 -4.9504
v  -5.4019 79.0836 -7.0776
v  0.0000 78.7505 -8.1412
v  11.5240 91.0850 -8.6006
v  5.7620 90.1671 -10.7965
v  5.7620 84.1029 -8.4619
v  11.5240 84.8997 -6.2193
v  5.4019 79.0835 -7.0776
v  10.8038 79.7496 -4.9504
v  0.0000 106.8029 -20.8816
v  -5.7620 107.4342 -19.8743
v  -5.7620 98.3835 -14.7402
v  0.0000 97.8426 -15.7988
v  -11.5240 108.6966 -17.8595
v  -11.5240 99.4654 -12.6230
v  11.5240 108.6966 -17.8595
v  5.7620 107.4342 -19.8743
v  5.7620 98.3835 -14.7402
v  11.5240 99.4653 -12.6230
v  0.0000 123.2360 -33.2716
v  -5.7620 124.0276 -32.3831
v  -5.7620 116.0013 -25.7799
v  0.0000 115.2845 -26.7284
v  -11.5240 125.6109 -30.6061
v  -11.5240 117.4347 -23.8830
v  11.5241 125.6109 -30.6061
v  5.7620 124.0276 -32.3831
v  5.7620 116.0013 -25.7799
v  11.5240 117.4347 -23.8830
v  0.0000 130.6057 -40.4441
v  -5.7620 131.4559 -39.6098
v  -0.0000 137.6846 -47.9311
v  -5.7621 138.5853 -47.1481
v  -11.5241 140.3865 -45.5823
v  -11.5240 133.1564 -37.9412
v  5.7620 131.4559 -39.6098
v  11.5240 133.1564 -37.9412
v  11.5240 140.3865 -45.5823
v  5.7620 138.5853 -47.1481
v  0.0086 38.9899 -1.9635
v  -2.6971 39.0419 -1.4061
v  -2.5222 31.2747 -0.6900
v  0.0167 31.2227 -1.2129
v  -5.4064 39.1460 -0.2901
v  -5.0666 31.3787 0.3575
v  -4.4795 22.6020 0.9050
v  -2.1989 21.9931 -0.0199
v  0.0323 21.6887 -0.4747
v  -1.5309 9.6824 0.5032
v  0.0661 8.6207 0.1884
v  -3.3926 11.8058 1.2154
v  -1.6439 -0.0000 1.0646
v  -0.3770 -4.1428 0.6145
v  0.1264 -6.2141 0.5056
v  2.7142 39.0419 -1.4061
v  2.8106 46.8093 -2.1393
v  0.0036 46.7571 -2.7179
v  5.4233 39.1460 -0.2901
v  5.6194 46.9137 -0.9817
v  5.7621 54.5467 -1.8013
v  2.8810 54.4240 -2.9873
v  5.7924 111.1355 -2.6462
v  3.7862 111.2970 -5.2931
v  2.8675 103.8205 -4.4775
v  4.6586 103.7210 -2.1283
v  1.1108 111.6200 -7.6343
v  0.4738 104.0196 -6.5514
v  -0.5335 94.8113 -6.0913
v  1.8686 94.6649 -4.0212
v  3.6639 94.5917 -1.6738
v  12.1719 135.2948 -5.5607
v  8.6715 135.8112 -10.2966
v  6.2824 128.9884 -9.2051
v  9.8066 128.5401 -4.4801
v  4.0476 136.8438 -14.5191
v  1.6108 129.8849 -13.4059
v  0.6094 124.0907 -12.1565
v  5.0144 123.3412 -8.2299
v  8.3310 122.9665 -3.8060
v  13.5547 136.8438 6.4775
v  13.4251 135.8112 0.2017
v  11.0360 128.9884 1.2932
v  11.1179 129.8849 7.5907
v  9.4709 123.3412 1.6123
v  9.5223 124.0907 7.5278
v  21.3686 154.5276 -9.7623
v  17.9609 155.2379 -14.5405
v  12.7072 145.0552 -12.1403
v  16.1672 144.4466 -7.3860
v  13.5224 156.6583 -18.8478
v  8.1638 146.2724 -16.3997
v  23.0295 156.6583 2.1489
v  22.7145 155.2379 -4.0422
v  17.4607 145.0552 -1.6420
v  17.6709 146.2724 4.5970
v  34.0475 173.0161 -15.5547
v  30.7615 173.9068 -20.3885
v  24.0043 164.8765 -17.3015
v  27.3516 164.0701 -12.4957
v  26.5663 175.6881 -24.8069
v  19.6865 166.4893 -21.6638
v  36.0733 175.6881 -3.8103
v  35.5150 173.9068 -9.8902
v  28.7579 164.8765 -6.8031
v  29.1935 166.4893 -0.6672
v  49.0487 189.2720 -22.4080
v  45.8708 190.2853 -27.2911
v  38.1567 182.2642 -23.7669
v  41.3872 181.3076 -18.9078
v  41.8917 192.3118 -31.8083
v  34.0724 184.1774 -28.2360
v  42.9102 182.2642 -13.2687
v  43.5795 184.1774 -7.2394
v  51.3988 192.3118 -10.8117
v  50.6244 190.2853 -16.7929
v  1.0720 83.3003 -3.6572
v  2.8687 83.2249 -1.3105
v  -1.3329 83.4510 -5.7261
v  -2.0283 70.1564 -5.4084
v  0.3766 69.9811 -3.3395
v  2.1733 69.8934 -0.9928
v  3.4488 83.3003 1.5919
v  4.2454 94.6649 1.2280
v  2.7534 69.9811 1.9096
v  2.7252 70.1564 5.0900
v  3.4207 83.4510 4.7723
v  4.2201 94.8113 4.4071
v  -7.5036 49.8412 0.5199
v  -7.3879 49.8997 -1.2382
v  -8.5042 54.2880 -1.1248
v  -8.6160 54.2169 0.6329
v  -6.9555 50.0365 -3.0542
v  -8.0796 54.4498 -2.9399
v  -9.1121 58.0803 -3.2607
v  -9.5741 57.8513 -1.2206
v  -9.6921 57.7478 0.7558
v  -10.5858 60.8545 -1.7500
v  -10.7333 60.6926 0.8840
v  -9.9892 61.2077 -4.4676
v  -10.8920 64.0334 -5.6641
v  -11.6199 63.5526 -2.2694
v  -11.7955 63.3307 1.0218
v  -12.1308 70.1338 7.8946
v  -13.6565 69.4340 4.7072
v  -16.3867 73.6522 5.1114
v  -14.9155 74.4362 8.3068
v  -14.6203 69.0644 1.4133
v  -17.3233 73.2405 1.8135
v  -20.7245 77.7845 2.3309
v  -19.8222 78.2420 5.6339
v  -18.4195 79.1176 8.8398
v  -14.4604 69.3553 -2.0935
v  -17.1905 73.5735 -1.6893
v  -13.7385 69.9765 -5.7068
v  -16.5232 74.2789 -5.2945
v  -20.0273 78.9604 -4.7615
v  -20.6260 78.1634 -1.1667
v  -23.6409 82.5115 6.2310
v  -22.3145 83.4723 9.4487
v  -24.5051 82.0115 2.9220
v  -28.6249 85.8979 3.5801
v  -27.7986 86.4347 6.8952
v  -26.5480 87.4690 10.1250
v  -24.4448 82.4329 -0.5696
v  -23.9222 83.3151 -4.1525
v  -28.1557 87.3118 -3.4763
v  -28.6025 86.3561 0.0945
v  -32.2511 89.9856 7.6191
v  -31.0676 91.0762 10.8598
v  -33.0437 89.4206 4.2985
v  -37.6120 92.7613 5.0471
v  -36.8508 93.3502 8.3728
v  -35.7304 94.4887 11.6238
v  -33.0549 89.9070 0.8184
v  -32.6754 90.9190 -2.7416
v  -37.3381 94.3315 -1.9776
v  -37.6547 93.2716 1.5721
v  -6.9859 49.9390 2.1621
v  -5.6302 44.4610 2.0100
v  -6.1281 44.3620 0.4242
v  -6.1516 50.1151 3.7464
v  -4.8270 44.6394 3.5420
v  -3.5203 38.2145 3.3538
v  -4.2937 38.0241 1.8723
v  -4.7730 37.9191 0.3403
v  -6.0173 44.4217 -1.2735
v  -4.6675 37.9848 -1.2997
v  -4.2690 38.1359 -2.9972
v  -5.6020 44.5608 -3.0293
v  3.9003 50.0704 -4.6967
v  5.1056 50.1181 -3.4112
v  5.6964 54.5417 -4.1850
v  4.4890 54.4813 -5.4677
v  6.1357 50.2332 -1.8526
v  6.7307 54.6820 -2.6320
v  7.5970 58.3438 -3.0688
v  6.4250 58.1384 -4.8045
v  5.0625 58.0467 -6.2418
v  7.4421 61.1717 -5.1009
v  5.6202 61.0253 -7.0100
v  9.0152 61.4940 -2.8014
v  10.4493 64.3436 -2.5680
v  8.4733 63.9009 -5.4288
v  6.1911 63.6979 -7.8084
v  1.2594 70.5356 -12.5574
v  4.6441 69.8747 -11.5167
v  6.1264 74.1834 -13.6726
v  2.7712 74.9304 -14.7564
v  7.7170 69.5245 -9.9837
v  9.1844 73.7903 -12.1182
v  11.0351 78.4476 -14.8327
v  7.9956 78.8877 -16.4145
v  4.6778 79.7286 -17.5530
v  10.1660 69.7960 -7.4665
v  11.6483 74.1048 -9.6224
v  12.3032 70.3783 -4.4571
v  13.8150 74.7731 -6.6560
v  15.7216 79.5713 -9.4527
v  13.5175 78.8090 -12.3643
v  10.0782 83.2850 -19.4959
v  6.8019 84.2136 -20.6959
v  13.0968 82.8010 -17.8834
v  15.3477 86.8257 -21.2369
v  12.3498 87.3477 -22.8802
v  9.1148 88.3524 -24.1418
v  15.6001 83.2063 -15.4458
v  17.8457 84.0563 -12.5956
v  20.1586 88.1951 -16.0415
v  17.8717 87.2691 -18.8301
v  14.7860 91.0484 -26.5307
v  11.5879 92.1117 -27.8473
v  17.7656 90.4971 -24.8599
v  20.2669 93.9917 -28.6176
v  17.3046 94.5680 -30.3143
v  14.1410 95.6813 -31.6826
v  20.3079 90.9697 -22.4806
v  22.6317 91.9544 -19.7470
v  25.1848 95.5240 -23.5823
v  22.8265 94.4894 -26.2641
v  2.3446 50.1574 -5.4362
v  1.6872 44.6436 -4.5035
v  3.1899 44.5555 -3.7878
v  0.6138 50.3118 -5.9028
v  0.0137 44.8003 -4.9567
v  -0.5777 38.3377 -4.0455
v  1.0394 38.1691 -3.6050
v  2.4906 38.0749 -2.9124
v  4.3548 44.6043 -2.5459
v  3.6169 38.1298 -1.7133
v  4.5825 38.2591 -0.2586
v  5.3521 44.7216 -1.0395
v  3.8188 41.4743 7.3237
v  2.4693 41.5383 7.7944
v  3.0170 45.0344 8.7892
v  4.3646 44.9604 8.3151
v  0.9789 41.6823 8.0506
v  1.5304 45.1982 9.0520
v  1.7077 48.0875 10.0870
v  3.3727 47.8660 9.7782
v  4.8850 47.7642 9.2382
v  3.3715 50.2496 10.8352
v  5.3833 50.0950 10.1074
v  1.1609 50.5827 11.2629
v  0.6222 52.8322 12.4412
v  3.3771 52.3849 11.8923
v  5.8876 52.1762 10.9753
v  11.3057 57.6273 9.3639
v  9.3842 57.0015 11.4765
v  10.6525 60.2753 13.5765
v  12.5993 60.9664 11.5058
v  7.2149 56.6726 13.2181
v  8.4705 59.9137 15.2972
v  10.0427 63.4163 17.8770
v  12.2405 63.8131 16.1823
v  14.2190 64.5749 14.1637
v  4.5498 56.9377 14.2178
v  5.8180 60.2115 16.3178
v  1.6368 57.4997 14.8465
v  2.9304 60.8388 16.9884
v  4.5501 64.4473 19.6463
v  7.4061 63.7493 18.9236
v  13.9965 67.0714 19.0364
v  16.0100 67.8982 17.0746
v  11.7812 66.6421 20.7025
v  13.6677 69.5743 23.7448
v  15.9005 70.0314 22.1066
v  17.9487 70.9137 20.2010
v  9.1621 67.0076 21.7777
v  6.3412 67.7706 22.5573
v  8.2799 70.7861 25.6836
v  11.0660 69.9676 24.8479
v  17.9322 72.6743 25.3613
v  20.0112 73.5988 23.5049
v  15.6841 72.1961 26.9748
v  17.7654 74.6627 30.2988
v  20.0279 75.1586 28.7082
v  22.1356 76.1186 26.8977
v  13.0978 72.6105 28.1026
v  10.3424 73.4712 28.9875
v  12.4667 75.9910 32.3803
v  15.1934 75.0948 31.4495
v  4.8865 41.5702 6.4238
v  4.0094 37.1932 4.9982
v  3.0172 37.0963 5.8297
v  5.8133 41.7461 5.3093
v  4.8747 37.3710 3.9681
v  4.1268 32.2307 2.7802
v  3.2960 32.0432 3.7649
v  2.3453 31.9415 4.5596
v  1.7668 37.1613 6.2684
v  1.1488 32.0113 4.9808
v  -0.1746 32.1669 5.2163
v  0.3844 37.3072 6.5115
v  -2.9517 27.8821 4.6273
v  -3.5987 27.9245 4.0655
v  -3.9822 30.0022 4.6944
v  -3.3339 29.9538 5.2541
v  -4.1765 28.0190 3.3677
v  -4.5626 30.1084 4.0008
v  -5.0723 31.8247 4.4406
v  -4.4145 31.6830 5.2125
v  -3.6827 31.6176 5.8380
v  -4.9846 33.0972 5.5589
v  -4.0060 32.9988 6.3878
v  -5.8676 33.3084 4.5397
v  -6.6596 34.6447 4.6404
v  -5.5507 34.3625 5.9054
v  -4.3249 34.2303 6.9370
v  -1.9188 37.4777 9.3539
v  -3.5852 37.0883 8.9728
v  -4.3280 39.0116 10.3024
v  -2.6765 39.4394 10.7099
v  -5.1345 36.8841 8.3566
v  -5.8699 38.7881 9.6728
v  -6.7740 40.8395 11.3064
v  -5.2412 41.0836 11.9524
v  -3.6079 41.5527 12.3929
v  -6.4499 37.0501 7.2698
v  -7.1927 38.9733 8.5994
v  -7.6483 37.4012 5.9479
v  -8.4059 39.3629 7.3040
v  -9.3374 41.4762 8.9869
v  -8.1060 41.0453 10.2494
v  -6.2314 42.9832 13.7598
v  -4.6178 43.4903 14.2364
v  -7.7543 42.7201 13.0957
v  -8.8010 44.4206 15.0226
v  -7.2877 44.6998 15.7044
v  -5.6935 45.2391 16.2164
v  -9.0961 42.9450 12.0568
v  -10.3473 43.4138 10.8303
v  -11.4230 45.1626 12.8104
v  -10.1524 44.6616 14.0014
v  -8.3994 46.2228 17.7660
v  -6.8221 46.7865 18.3092
v  -9.9043 45.9315 17.0686
v  -11.0358 47.3475 19.1741
v  -9.5388 47.6490 19.8861
v  -7.9771 48.2330 20.4584
v  -11.2642 46.1846 16.0630
v  -12.5515 46.7100 14.9032
v  -13.7066 48.1565 17.0524
v  -12.4036 47.6108 18.1831
v  -2.1663 27.9437 4.9170
v  -1.3999 25.3393 3.5573
v  -2.0405 25.2771 3.3179
v  -1.3118 28.0573 5.0707
v  -0.7021 25.4541 3.6881
v  -0.2962 22.3939 2.9565
v  -0.9598 22.2733 2.8311
v  -1.5687 22.2083 2.6030
v  -2.5710 25.3202 2.8600
v  -2.0737 22.2542 2.1679
v  -2.5284 22.3556 1.6276
v  -3.0479 25.4158 2.2915
v  -7.1427 67.8115 5.6521
v  -4.6259 67.9922 7.7936
v  -3.7344 61.4176 6.6290
v  -5.9793 61.2955 4.7314
v  -1.6035 68.3538 9.5351
v  -1.0324 61.6617 8.1648
v  0.0689 54.3670 7.2933
v  -2.6419 54.1765 5.7645
v  -4.8912 54.0813 3.8704
v  -12.9878 88.8927 10.2773
v  -8.5733 89.4137 14.1319
v  -6.4732 83.4931 12.4700
v  -10.9086 83.0311 8.6320
v  -3.3199 90.4558 17.3227
v  -1.1778 84.4171 15.6276
v  -0.4000 79.3481 14.0936
v  -5.3875 78.5613 11.1517
v  -9.5572 78.1678 7.5626
v  -17.6218 90.4559 -0.7513
v  -15.7243 89.4137 5.0949
v  -13.6241 83.4931 3.4330
v  -15.4797 84.4171 -2.4464
v  -12.0915 78.5613 2.6795
v  -13.8081 79.3482 -2.8507
v  -20.7916 105.4445 16.4525
v  -16.4558 106.1324 20.3693
v  -12.0299 97.3907 16.8671
v  -16.4098 96.7900 12.9852
v  -11.3596 107.5082 23.6845
v  -6.8454 98.5920 20.1124
v  -25.6616 107.5083 5.6105
v  -23.6068 106.1324 11.3323
v  -19.1808 97.3907 7.8301
v  -21.1474 98.5921 2.0384
v  -31.2298 121.1410 24.7122
v  -26.9942 121.9822 28.7084
v  -21.4641 114.3472 24.3324
v  -25.7499 113.5773 20.3760
v  -22.0986 123.6647 32.1823
v  -16.4679 115.8870 27.7267
v  -36.4006 123.6647 14.1084
v  -34.1452 121.9822 19.6714
v  -28.6151 114.3472 15.2954
v  -30.7699 115.8870 9.6528
v  -37.1760 128.0878 29.4175
v  -32.9856 128.9844 33.4494
v  -43.3555 134.7263 34.3074
v  -39.2076 135.6703 38.3728
v  -34.4871 137.5583 41.9853
v  -28.1801 130.7777 36.9946
v  -40.1366 128.9844 24.4124
v  -42.4821 130.7777 18.9207
v  -48.7890 137.5583 23.9113
v  -46.3585 135.6703 29.3358
v  -2.8613 38.8171 2.3019
v  -0.7510 38.9031 4.0790
v  0.0795 31.1876 3.2442
v  -1.9003 31.1017 1.5767
v  1.7972 39.0752 5.5167
v  2.4730 31.3596 4.5955
v  2.9014 22.6345 3.5902
v  0.7685 21.9577 2.3719
v  -0.9662 21.6193 0.9047
v  1.0772 9.6987 1.4521
v  -0.1548 8.6030 0.4084
v  2.7856 11.8900 2.4493
v  1.7601 0.1358 1.2791
v  0.5870 -4.0749 0.6746
v  0.1731 -6.1802 0.4085
v  -4.1060 38.9031 -0.1608
v  -5.1236 46.6189 0.4932
v  -3.8325 46.5327 3.0489
v  -4.9200 39.0752 -2.9720
v  -5.9662 46.7912 -2.4217
v  -7.0821 54.3669 -1.7437
v  -6.2174 54.1765 1.2460
v  -1.5547 111.1355 6.1755
v  1.7654 111.2970 6.2639
v  1.7029 103.8205 5.0370
v  -1.2504 103.7210 4.9667
v  5.2652 111.6200 5.6386
v  4.8180 104.0196 4.4646
v  5.0883 94.8112 3.3907
v  1.9710 94.6648 3.9720
v  -0.9834 94.5916 3.9062
v  -3.2670 135.2948 12.9770
v  2.6177 135.8112 13.2046
v  3.2589 128.9884 10.6575
v  -2.6321 128.5401 10.4553
v  8.8039 136.8438 12.2344
v  9.4580 129.8849 9.6364
v  9.1086 124.0907 8.0738
v  3.2902 123.3412 9.0581
v  -2.2361 122.9665 8.8821
v  -13.5284 136.8438 6.5323
v  -8.5485 135.8111 10.3536
v  -7.9072 128.9884 7.8064
v  -12.8743 129.8849 3.9343
v  -7.1781 123.3412 6.3853
v  -11.8279 124.0907 2.7281
v  -5.7354 154.5276 22.7821
v  0.1244 155.2379 23.1085
v  1.5345 145.0552 17.5072
v  -4.3393 144.4466 17.2367
v  6.2608 156.6583 22.3359
v  7.6991 146.2724 16.6229
v  -16.0714 156.6582 16.6338
v  -11.0417 155.2378 20.2575
v  -9.6316 145.0552 14.6562
v  -14.6332 146.2723 10.9207
v  -9.1384 173.0161 36.2997
v  -3.3113 173.9068 36.7559
v  -1.4977 164.8765 29.5517
v  -7.3412 164.0701 29.1609
v  2.7599 175.6881 36.2426
v  4.6064 166.4893 28.9077
v  -19.5724 175.6881 30.5406
v  -14.4775 173.9068 33.9048
v  -12.6638 164.8765 26.7006
v  -17.7258 166.4893 23.2056
v  -13.1648 189.2720 52.2932
v  -7.3667 190.2853 52.8646
v  -5.2962 182.2642 44.6402
v  -11.1084 181.3076 44.1249
v  -1.3535 192.3118 52.5818
v  0.7452 184.1774 44.2453
v  -16.4623 182.2642 41.7892
v  -21.5871 184.1774 38.5432
v  -23.6858 192.3118 46.8797
v  -18.5328 190.2853 50.0135
v  2.1848 83.3003 3.1227
v  -0.7700 83.2249 3.0584
v  5.3028 83.4510 2.5385
v  5.4895 70.1564 1.7970
v  2.3715 69.9811 2.3813
v  -0.5833 69.8934 2.3170
v  -3.3983 83.3003 1.6972
v  -3.6121 94.6648 2.5464
v  -3.2116 69.9811 0.9557
v  -5.6766 70.1564 -1.0540
v  -5.8633 83.4510 -0.3126
v  -6.0778 94.8112 0.5397
v  -5.5565 111.1355 -3.1112
v  -5.7937 111.2970 -1.1937
v  -4.6723 103.8205 -0.7936
v  -4.4689 103.7210 -2.5022
v  -5.3890 111.6200 1.0833
v  -4.2976 104.0196 1.2388
v  -3.3314 94.8113 1.7798
v  -3.7141 94.6649 -0.2570
v  -3.5147 94.5917 -1.9679
v  -11.6762 135.2948 -6.5377
v  -12.1615 135.8112 -3.1644
v  -9.8697 128.9884 -1.8812
v  -9.4072 128.5401 -5.2673
v  -11.5690 136.8438 0.8124
v  -9.2315 129.8849 2.1212
v  -7.7904 124.0907 2.4725
v  -8.4131 123.3412 -1.2934
v  -7.9917 122.9665 -4.4747
v  -5.3164 136.8438 -10.2669
v  -9.0352 135.8112 -8.7040
v  -6.7434 128.9884 -7.4208
v  -2.9788 129.8849 -8.9581
v  -5.4822 123.3412 -6.4868
v  -1.9286 124.0907 -7.9144
v  -20.4984 154.5276 -11.4774
v  -21.0726 155.2379 -8.1539
v  -16.0328 145.0552 -5.3320
v  -15.5089 144.4466 -8.6837
v  -20.6580 156.6583 -4.2767
v  -15.5176 146.2724 -1.3985
v  -14.4054 156.6583 -15.3560
v  -17.9464 155.2379 -13.6936
v  -12.9065 145.0552 -10.8717
v  -9.2650 146.2724 -12.4778
v  -32.6611 173.0161 -18.2875
v  -33.3520 173.9068 -15.0293
v  -26.8699 164.8765 -11.3999
v  -26.2379 164.0701 -14.6911
v  -33.1707 175.6881 -11.2828
v  -26.5710 166.4893 -7.5875
v  -26.9182 175.6881 -22.3621
v  -30.2257 173.9068 -20.5690
v  -23.7437 164.8765 -16.9396
v  -20.3185 166.4893 -18.6668
v  -39.7019 181.3077 -22.2298
v  -40.4460 182.2642 -19.0014
v  -47.0515 189.2720 -26.3450
v  -47.8461 190.2853 -23.1448
v  -47.8721 192.3118 -19.5144
v  -40.3712 184.1774 -15.3145
v  -37.3197 182.2642 -24.5411
v  -34.1186 184.1774 -26.3938
v  -41.6195 192.3118 -30.5937
v  -44.7197 190.2853 -28.6845
v  -2.9500 83.3003 0.1708
v  -2.7519 83.2249 -1.5408
v  -2.5646 83.4510 2.2091
v  -1.8975 70.1564 2.5826
v  -2.2829 69.9811 0.5443
v  -2.0848 69.8934 -1.1673
v  -1.3868 83.3003 -2.5990
v  -2.1509 94.6649 -3.0269
v  -0.7197 69.9811 -2.2255
v  1.2288 70.1564 -2.9570
v  0.5617 83.4510 -3.3305
v  -0.2051 94.8113 -3.7599
v  8.8970 41.7141 -0.0250
v  8.7648 41.8324 1.3747
v  10.9266 44.3947 1.3389
v  11.0420 44.2591 -0.0606
v  8.4290 42.1294 2.8075
v  10.6289 44.7328 2.7713
v  12.6520 46.5735 3.0776
v  12.9312 46.1477 1.4669
v  13.0361 45.9754 -0.1073
v  14.7336 47.3477 1.9377
v  14.8459 47.1039 -0.1605
v  14.4225 47.9494 4.0843
v  16.1301 48.9975 5.0831
v  16.4666 48.2236 2.4011
v  16.5834 47.9101 -0.2212
v  19.9618 50.9860 -5.6856
v  20.3671 49.7816 -3.0761
v  23.6159 49.6541 -3.2764
v  23.3435 50.8661 -5.8899
v  20.6171 49.0953 -0.4047
v  23.7936 48.9604 -0.6030
v  27.2908 48.1173 -0.8647
v  27.1879 48.8047 -3.5408
v  27.0517 49.9974 -6.1596
v  20.5568 49.4453 2.3906
v  23.7816 49.3035 2.1903
v  20.3413 50.3133 5.2478
v  23.6748 50.1650 5.0436
v  27.3299 49.2695 4.7739
v  27.3270 48.4407 1.9259
v  30.4685 47.0928 -3.8491
v  30.4427 48.2341 -6.4740
v  30.5099 46.4286 -1.1700
v  33.3640 44.0013 -1.5150
v  33.3674 44.6323 -4.1973
v  33.4200 45.7037 -6.8285
v  30.5827 46.7188 1.6176
v  30.6710 47.4863 4.4594
v  33.6028 44.9415 4.1049
v  33.4588 44.2512 1.2694
v  35.7946 41.5371 -4.5815
v  35.8875 42.5336 -7.2184
v  35.7660 40.9424 -1.8963
v  37.9420 37.5676 -2.2957
v  37.9859 38.1245 -4.9836
v  38.1000 39.0435 -7.6260
v  35.8658 41.1511 0.8852
v  36.0299 41.7616 3.7150
v  38.2047 38.2641 3.3074
v  38.0383 37.7348 0.4831
v  8.6218 41.9531 -1.3586
v  5.9331 38.3079 -1.2185
v  6.2019 38.0996 0.0287
v  8.1429 42.3708 -2.6592
v  5.4630 38.6726 -2.4410
v  3.3107 33.9009 -2.3268
v  3.7965 33.5963 -1.1472
v  4.0743 33.4234 0.0554
v  6.0724 38.2042 1.3359
v  3.9409 33.5139 1.3157
v  3.6010 33.7360 2.6105
v  5.7430 38.4653 2.6781
v  0.3212 68.3537 9.6637
v  3.5484 67.9922 8.3396
v  2.8197 61.4176 7.0667
v  -0.0625 61.6617 8.2296
v  -0.4689 31.1876 3.2077
v  -3.0214 31.3596 4.2286
v  -0.9989 21.9577 2.2539
v  -3.2782 22.6345 3.1775
v  5.0215 46.6189 1.1708
v  6.2441 46.7912 -1.6061
v  -1.1065 9.6987 1.3062
v  -2.9485 11.8900 2.0663
v  -0.3859 -4.0749 0.6096
v  -1.6749 0.1358 1.0497
v  6.4823 68.6654 -3.6983
v  3.2411 68.3783 -5.0064
v  2.8810 61.7330 -3.9635
v  5.7621 61.9099 -2.7856
v  2.5555 31.2747 -0.6900
v  5.0997 31.3787 0.3575
v  2.2624 21.9931 -0.0199
v  4.5405 22.6019 0.9050
v  -2.8033 46.8093 -2.1393
v  -5.6123 46.9137 -0.9817
v  1.6564 9.6824 0.5032
v  3.5054 11.8058 1.2154
v  0.6098 -4.1428 0.6145
v  1.8399 0.0000 1.0646
v  6.4585 111.6200 4.1763
v  6.4601 111.2970 0.6122
v  5.2443 103.8205 0.7716
v  5.2273 104.0196 3.9469
v  -3.1886 38.3955 -4.4319
v  -0.9344 37.7071 -2.4833
v  -0.3155 54.9615 -2.9969
v  -2.7041 55.1451 -5.0525
v  0.7368 37.3629 -0.2967
v  1.4682 54.8697 -0.6667
v  2.0444 54.9615 2.2150
v  2.0169 55.1450 5.3741
v  1.2783 37.7071 2.4035
v  1.2572 38.3955 5.3868
v  -1.4290 0.4977 -0.9732
v  -0.3309 -3.7246 0.0209
v  -1.1695 17.6835 -1.5451
v  -3.0223 19.8865 -3.1845
v  0.0556 -5.8358 0.4711
v  0.1037 16.5821 0.1266
v  0.5135 17.6835 2.1717
v  0.5111 19.8865 4.6192
v  0.1092 -3.7246 0.9929
v  0.0781 0.4977 2.3552
v  -8.1023 54.3273 2.2756
v  -7.2758 54.5284 3.8608
v  -9.1220 57.8955 2.6048
v  -8.2077 58.1687 4.3901
v  -0.8017 22.3283 2.7285
v  -1.4308 21.6290 1.4820
v  -2.8579 30.7592 1.7049
v  -2.1321 30.9536 3.0987
v  -1.8154 21.2696 0.2209
v  -3.3072 30.6522 0.2659
v  -3.2087 30.7199 -1.2746
v  -2.8356 30.8749 -2.8713
v  -1.7386 21.5897 -1.1320
v  -1.4257 22.2496 -2.5645
v  0.6107 0.3456 1.3313
v  0.2611 -3.8875 0.6915
v  -0.2353 9.5964 1.1493
v  0.2313 11.8101 2.1539
v  0.1569 -6.0139 0.4365
v  -0.4901 8.4797 0.2556
v  -0.4559 9.5571 -0.7232
v  -0.2489 11.7315 -1.9109
v  0.1885 -3.9268 0.0833
v  0.3579 0.2669 -0.7847
v  2.9354 54.5810 -6.2100
v  1.2088 54.7607 -6.6822
v  3.3189 58.1826 -7.0827
v  1.3848 58.4322 -7.6253
v  -1.5572 22.3686 -1.9600
v  -0.2041 21.6911 -1.5708
v  0.3767 30.8634 -2.6192
v  -1.1439 31.0360 -3.0350
v  0.9880 21.3425 -0.9917
v  1.7399 30.7672 -1.9678
v  2.7982 30.8241 -0.8418
v  3.7070 30.9574 0.5252
v  1.9205 21.6517 -0.0112
v  2.7435 22.2899 1.1961
v  -0.9772 0.3027 0.0473
v  -0.1926 -3.9086 0.3213
v  -0.4972 9.6167 -0.5120
v  -1.5874 11.8087 -0.8771
v  0.1079 -6.0241 0.4707
v  0.3509 8.5109 -0.0768
v  1.0246 9.5774 0.6050
v  1.7140 11.7301 1.5446
v  0.3006 -3.9479 0.6826
v  0.7373 0.2241 1.3020
v  5.4343 45.0663 7.4185
v  6.3649 45.2620 6.3106
v  6.0921 47.9019 8.2362
v  7.1465 48.1593 7.0030
v  2.4204 19.3126 0.4497
v  1.7152 18.6171 1.2555
v  2.5249 26.2283 2.4768
v  3.3019 26.4189 1.5573
v  0.9362 18.2614 1.8947
v  1.6376 26.1250 3.2180
v  0.5215 26.1963 3.6113
v  -0.7145 26.3551 3.8322
v  -0.0332 18.5852 2.2457
v  -1.1284 19.2488 2.4603
v  0.6779 0.3056 -0.3444
v  0.2830 -3.9238 0.2127
v  0.9079 8.0785 0.3552
v  1.5072 10.2885 -0.2888
v  0.1119 -6.0464 0.4231
v  0.3451 6.9655 0.8032
v  -0.3402 8.0466 1.0625
v  -1.2278 10.2247 1.2622
v  -0.1469 -3.9557 0.4577
v  -0.8216 0.2418 0.5091
v  -2.5498 30.0213 5.5459
v  -1.6978 30.1467 5.7038
v  -2.8031 31.7046 6.1705
v  -1.8495 31.8677 6.3564
v  0.4627 14.2930 1.4633
v  -0.0860 13.6657 1.3470
v  -0.5101 18.8108 2.0837
v  0.1100 18.9332 2.2006
v  -0.5780 13.3473 1.1560
v  -1.0786 18.7448 1.8708
v  -1.5500 18.7916 1.4647
v  -1.9750 18.8950 0.9597
v  -0.9960 13.6466 0.8055
v  -1.3912 14.2548 0.3603
v  0.6166 0.1157 0.4433
v  0.2632 -4.0454 0.4388
v  0.2203 5.5523 0.7249
v  0.6629 7.6941 0.8298
v  0.1320 -6.1308 0.4323
v  -0.1201 4.4766 0.5869
v  -0.4311 5.5331 0.3375
v  -0.7896 7.6558 -0.0337
v  0.0137 -4.0646 0.2910
v  -0.2578 0.0775 -0.0753
v  -9.6484 68.3538 -0.6314
v  -8.6483 67.9923 2.7103
v  -7.3099 61.4176 2.1105
v  -8.1834 61.6617 -0.8722
v  -3.0685 31.1876 -0.7340
v  -3.8342 31.3596 -3.3752
v  -1.9981 21.9577 -1.1243
v  -2.6989 22.6345 -3.4872
v  -1.6423 46.6189 4.8926
v  1.0005 46.7912 6.3824
v  -0.9018 9.6987 -1.0489
v  -1.5072 11.8900 -2.9757
v  -0.0335 -4.0748 -0.1095
v  -0.4306 0.1359 -1.4893
v  -7.2967 111.6200 2.4312
v  -4.5155 111.2970 4.6601
v  -3.8801 103.8205 3.6114
v  -6.3481 104.0196 1.6135
v  5.4924 38.3955 0.3260
v  2.5650 37.7071 0.8707
v  2.5410 54.9615 1.6318
v  5.6383 55.1451 1.0518
v  -0.1851 37.3629 0.8102
v  -0.3928 54.8697 1.5678
v  -3.0025 54.9615 0.2164
v  -5.4515 55.1450 -1.7797
v  -2.6327 37.7071 -0.4564
v  -4.9509 38.3955 -2.3405
v  2.0730 0.4977 -0.0319
v  0.6918 -3.7246 0.2958
v  2.1167 17.6835 0.2560
v  4.5327 19.8865 -0.1902
v  0.1430 -5.8358 0.3661
v  0.0275 16.5821 0.2181
v  -1.8366 17.6835 -0.7534
v  -3.7673 19.8865 -2.3095
v  -0.3420 -3.7246 0.0318
v  -1.4671 0.4977 -0.9358
v  -1.8719 111.6200 -5.1488
v  -4.0352 111.2970 -4.3097
v  -3.1091 103.8205 -3.5634
v  -1.1713 104.0196 -4.3009
v  -0.5177 38.3955 3.1462
v  -0.8735 37.7071 1.2364
v  -1.6033 54.9615 0.9148
v  -1.2210 55.1451 2.9393
v  -0.6871 37.3629 -0.3550
v  -1.4065 54.8697 -0.7845
v  -0.0513 54.9615 -1.8353
v  1.8839 55.1450 -2.5624
v  0.5817 37.7071 -1.3422
v  2.4062 38.3955 -2.0348
v  0.3403 0.4977 1.6311
v  0.1858 -3.7246 0.7814
v  -0.1584 17.6835 1.3235
v  0.1132 19.8865 2.8799
v  0.1906 -5.8358 0.4766
v  -0.0140 16.5821 0.1218
v  0.9484 17.6835 -0.6377
v  2.4370 19.8865 -1.2378
v  0.4753 -3.7246 0.2685
v  1.3315 0.4977 -0.1252
v  10.7930 44.5283 -1.3944
v  10.3618 44.9999 -2.6954
v  12.7923 46.3103 -1.6082
v  12.3743 46.8987 -3.0725
v  0.4189 20.5814 -1.8482
v  0.8636 19.9091 -0.8496
v  2.1015 27.8219 -1.0412
v  1.6145 28.0512 -2.1500
v  1.1138 19.5638 0.1446
v  2.3799 27.6931 0.0885
v  2.2455 27.7650 1.2725
v  1.9038 27.9373 2.4894
v  0.9950 19.8724 1.1826
v  0.6858 20.5080 2.2701
v  -0.2728 0.2371 -0.4620
v  0.0105 -3.9514 0.1768
v  0.1522 8.7824 -0.4647
v  -0.1998 10.9498 -1.3059
v  0.0998 -6.0540 0.4470
v  0.3287 7.6908 0.2578
v  0.2475 8.7509 0.9912
v  0.0086 10.8869 1.8652
v  0.0428 -3.9849 0.6613
v  -0.1602 0.1700 1.2245
v  11.8251 74.1215 -0.1975
v  9.8907 73.5506 4.0204
v  7.3693 73.2651 7.6303
v  3.6738 73.5506 10.0246
v  -0.6088 74.1215 11.8111
v  -8.6430 74.4751 -4.2650
v  -4.3215 74.0019 -5.9851
v  0.0000 73.7654 -6.8451
v  4.3215 74.0019 -5.9851
v  8.6431 74.4751 -4.2650
v  0.7994 118.1564 -9.8677
v  4.3421 117.6240 -6.7349
v  7.0048 117.3578 -3.2001
v  7.9072 117.6240 1.1388
v  7.9296 118.1564 5.8798
v  -12.9344 65.9412 1.1738
v  -11.9536 66.2793 4.4653
v  -10.8663 63.6264 4.1062
v  -10.3939 66.9161 7.6478
v  -9.3848 64.1808 7.0872
v  -12.0016 66.7588 -5.9536
v  -12.7575 66.2006 -2.3354
v  6.8046 66.3457 -8.6734
v  3.7226 66.6638 -10.1931
v  3.2965 63.9746 -9.2258
v  0.3195 67.2607 -11.2075
v  0.0957 64.4910 -10.1620
v  11.3633 67.1034 -3.1072
v  9.2445 66.5852 -6.1430
v  6.4260 54.2311 11.8949
v  8.5875 54.5354 10.1399
v  7.9094 52.4447 9.3223
v  10.4930 55.1119 8.0007
v  9.6868 52.9518 7.3013
v  0.8241 54.9843 13.4832
v  3.7530 54.4715 12.8812
v  -4.6603 35.4451 7.5190
v  -3.1061 35.6349 8.1268
v  -2.8651 34.3984 7.5020
v  -1.4302 35.9952 8.4909
v  -1.2883 34.7164 7.8336
v  -7.1597 35.9187 5.0849
v  -5.9708 35.5966 6.4238
v  -0.9673 74.1215 11.7871
v  -4.9743 73.5506 9.4470
v  -8.3186 73.2651 6.5826
v  -10.3376 73.5506 2.6693
v  -11.6938 74.1215 -1.7683
v  7.2032 118.1564 6.7915
v  2.5434 117.6240 7.5989
v  -1.8801 117.3578 7.4681
v  -5.8312 117.6240 5.4606
v  -9.5460 118.1564 2.5149
v  -6.5314 118.1564 1.8105
v  -7.0476 117.6240 -1.2123
v  -6.7194 117.3578 -3.7623
v  -4.7028 117.6240 -5.3670
v  -1.8420 118.1564 -6.4990
v  18.3605 48.6596 -0.2900
v  18.0560 49.3278 -2.9603
v  16.2611 48.5176 -2.7240
v  17.5505 50.5024 -5.5675
v  15.7191 49.5856 -5.1670
v  17.9647 49.8548 5.3660
v  18.2630 49.0040 2.5064
v  -9.9829 60.9135 3.3505
v  -8.7834 61.3256 5.7334
v  3.3006 61.2307 -8.1385
v  0.7323 61.6119 -8.8766
v  6.9973 50.2975 8.7793
v  8.4125 50.6784 7.1510
v  -2.8361 33.1259 6.8362
v  -1.5705 33.3658 7.0942
v  14.5608 47.5759 -2.1623
v  14.0769 48.4058 -4.1158
# 1045 vertices

vn -0.5513 0.6085 -0.5708
vn -0.6967 0.6085 -0.3800
vn -0.7145 0.5807 -0.3903
vn -0.5635 0.5848 -0.5835
vn -0.7279 0.6140 -0.3052
vn -0.7504 0.5786 -0.3196
vn -0.7607 0.5614 -0.3258
vn -0.7244 0.5648 -0.3953
vn -0.5710 0.5695 -0.5912
vn -0.4765 0.7277 -0.4934
vn -0.6214 0.7167 -0.3167
vn -0.6522 0.6777 -0.3395
vn -0.5058 0.6855 -0.5237
vn -0.6578 0.7087 -0.2551
vn -0.6856 0.6736 -0.2759
vn -0.6993 0.6552 -0.2860
vn -0.6695 0.6543 -0.3517
vn -0.5251 0.6547 -0.5437
vn -0.2321 0.7087 -0.6663
vn -0.2949 0.7167 -0.6320
vn -0.3166 0.6777 -0.6636
vn -0.2519 0.6736 -0.6948
vn -0.3282 0.6543 -0.6813
vn -0.2615 0.6552 -0.7088
vn -0.4190 0.7977 -0.4338
vn -0.5607 0.7843 -0.2656
vn -0.5920 0.7509 -0.2927
vn -0.4490 0.7631 -0.4649
vn -0.5974 0.7746 -0.2076
vn -0.6286 0.7421 -0.2328
vn -0.1867 0.7746 -0.6042
vn -0.2460 0.7843 -0.5696
vn -0.2719 0.7509 -0.6018
vn -0.2108 0.7421 -0.6363
vn -0.3503 0.8636 -0.3627
vn -0.4899 0.8479 -0.2024
vn -0.5252 0.8181 -0.2343
vn -0.3847 0.8327 -0.3983
vn -0.5274 0.8367 -0.1478
vn -0.5622 0.8076 -0.1781
vn -0.1294 0.8367 -0.5322
vn -0.1852 0.8479 -0.4967
vn -0.2159 0.8181 -0.5330
vn -0.1584 0.8076 -0.5681
vn -0.3242 0.8845 -0.3356
vn -0.4632 0.8682 -0.1780
vn -0.3154 0.8910 -0.3265
vn -0.4544 0.8745 -0.1695
vn -0.4923 0.8626 -0.1164
vn -0.5011 0.8564 -0.1244
vn -0.1618 0.8682 -0.4691
vn -0.1069 0.8564 -0.5051
vn -0.0992 0.8626 -0.4961
vn -0.1535 0.8745 -0.4601
vn -0.5793 0.5519 -0.5998
vn -0.7331 0.5489 -0.4015
vn -0.7403 0.5389 -0.4020
vn -0.5848 0.5399 -0.6054
vn -0.7691 0.5469 -0.3309
vn -0.7751 0.5389 -0.3298
vn -0.7905 0.5209 -0.3222
vn -0.7592 0.5153 -0.3977
vn -0.5970 0.5115 -0.6180
vn -0.7875 0.4864 -0.3786
vn -0.6131 0.4704 -0.6347
vn -0.8096 0.5012 -0.3054
vn -0.8320 0.4812 -0.2762
vn -0.7666 0.4607 -0.4472
vn -0.6179 0.4581 -0.6390
vn -0.3760 0.5483 -0.7470
vn -0.3737 0.5547 -0.7434
vn -0.5761 0.5589 -0.5965
vn -0.3041 0.5461 -0.7805
vn -0.3023 0.5520 -0.7771
vn -0.2992 0.5612 -0.7717
vn -0.3700 0.5646 -0.7378
vn 0.0000 0.5736 0.8192
vn 0.2415 0.5752 0.7816
vn 0.2474 0.5462 0.8003
vn 0.0000 0.5488 0.8360
vn 0.3170 0.5822 0.7487
vn 0.3236 0.5452 0.7733
vn 0.3273 0.5259 0.7851
vn 0.2515 0.5281 0.8110
vn 0.0000 0.5314 0.8471
vn 0.0000 0.6986 0.7155
vn 0.2303 0.6886 0.6876
vn 0.2371 0.6477 0.7240
vn 0.0000 0.6542 0.7563
vn 0.3003 0.6814 0.6675
vn 0.3063 0.6446 0.7005
vn 0.3093 0.6252 0.7166
vn 0.2413 0.6232 0.7439
vn 0.0000 0.6219 0.7831
vn -0.3003 0.6814 0.6675
vn -0.2303 0.6886 0.6876
vn -0.2371 0.6477 0.7240
vn -0.3063 0.6446 0.7005
vn -0.2413 0.6232 0.7439
vn -0.3093 0.6252 0.7166
vn 0.0000 0.7725 0.6350
vn 0.2216 0.7600 0.6110
vn 0.2257 0.7247 0.6511
vn 0.0000 0.7360 0.6770
vn 0.2891 0.7510 0.5937
vn 0.2944 0.7165 0.6324
vn -0.2891 0.7510 0.5937
vn -0.2216 0.7600 0.6110
vn -0.2257 0.7247 0.6511
vn -0.2944 0.7165 0.6324
vn 0.0000 0.8428 0.5382
vn 0.2140 0.8279 0.5184
vn 0.2175 0.7960 0.5649
vn 0.0000 0.8098 0.5867
vn 0.2795 0.8171 0.5042
vn 0.2839 0.7860 0.5492
vn -0.2795 0.8171 0.5042
vn -0.2140 0.8279 0.5184
vn -0.2175 0.7960 0.5649
vn -0.2839 0.7860 0.5492
vn -0.0000 0.8653 0.5012
vn 0.2115 0.8497 0.4830
vn -0.0000 0.8725 0.4887
vn 0.2111 0.8565 0.4710
vn 0.2757 0.8450 0.4581
vn 0.2766 0.8383 0.4698
vn -0.2115 0.8497 0.4830
vn -0.2766 0.8383 0.4698
vn -0.2757 0.8450 0.4581
vn -0.2111 0.8565 0.4710
vn 0.0000 0.5140 0.8578
vn 0.2536 0.5124 0.8204
vn 0.2563 0.5076 0.8226
vn 0.0000 0.5077 0.8615
vn 0.3299 0.5115 0.7934
vn 0.3327 0.5081 0.7945
vn 0.3421 0.4990 0.7962
vn 0.2659 0.4952 0.8271
vn 0.0000 0.4921 0.8705
vn 0.2852 0.4807 0.8292
vn 0.0000 0.4706 0.8823
vn 0.3566 0.4895 0.7958
vn 0.3773 0.4805 0.7917
vn 0.2192 0.4657 0.8573
vn 0.0003 0.4643 0.8857
vn -0.2536 0.5121 0.8206
vn -0.2530 0.5170 0.8177
vn 0.0000 0.5195 0.8545
vn -0.3300 0.5111 0.7937
vn -0.3292 0.5155 0.7911
vn -0.3273 0.5258 0.7851
vn -0.2515 0.5281 0.8111
vn -0.7462 0.5735 0.3380
vn -0.5936 0.5740 0.5641
vn -0.6097 0.5412 0.5792
vn -0.7641 0.5444 0.3461
vn -0.5253 0.5797 0.6229
vn -0.5457 0.5398 0.6410
vn -0.5592 0.5091 0.6543
vn -0.6229 0.5115 0.5920
vn -0.7808 0.5150 0.3537
vn -0.6518 0.6986 0.2952
vn -0.5142 0.6864 0.5142
vn -0.5440 0.6459 0.5357
vn -0.6889 0.6542 0.3121
vn -0.4604 0.6776 0.5735
vn -0.4871 0.6413 0.5928
vn -0.5000 0.6223 0.6022
vn -0.5602 0.6214 0.5478
vn -0.7133 0.6219 0.3231
vn -0.7352 0.6771 -0.0314
vn -0.7260 0.6860 0.0479
vn -0.7617 0.6455 0.0561
vn -0.7673 0.6408 -0.0240
vn -0.7814 0.6211 0.0603
vn -0.7828 0.6219 -0.0205
vn -0.5784 0.7725 0.2620
vn -0.4492 0.7572 0.4742
vn -0.4835 0.7222 0.4946
vn -0.6167 0.7360 0.2793
vn -0.3995 0.7463 0.5325
vn -0.4317 0.7123 0.5534
vn -0.6644 0.7457 -0.0501
vn -0.6532 0.7567 0.0255
vn -0.6911 0.7218 0.0377
vn -0.7013 0.7117 -0.0397
vn -0.4902 0.8428 0.2221
vn -0.3692 0.8245 0.4287
vn -0.4096 0.7929 0.4512
vn -0.5345 0.8098 0.2421
vn -0.3237 0.8114 0.4866
vn -0.3620 0.7808 0.5092
vn -0.5803 0.8108 -0.0767
vn -0.5665 0.8240 -0.0047
vn -0.6099 0.7924 0.0108
vn -0.6224 0.7802 -0.0629
vn -0.4451 0.8724 0.2019
vn -0.3276 0.8529 0.4065
vn -0.3384 0.8462 0.4117
vn -0.4565 0.8653 0.2068
vn -0.2842 0.8389 0.4641
vn -0.2942 0.8324 0.4697
vn -0.5334 0.8457 -0.0166
vn -0.5482 0.8317 -0.0878
vn -0.5373 0.8384 -0.0917
vn -0.5224 0.8525 -0.0210
vn -0.6316 0.4916 0.5995
vn -0.7920 0.4940 0.3588
vn -0.5667 0.4900 0.6624
vn -0.5696 0.4822 0.6656
vn -0.6350 0.4835 0.6025
vn -0.7964 0.4854 0.3608
vn -0.8672 0.4916 0.0799
vn -0.8558 0.5114 0.0782
vn -0.8717 0.4834 0.0805
vn -0.8761 0.4820 -0.0100
vn -0.8717 0.4899 -0.0101
vn -0.8607 0.5089 -0.0104
vn 0.7867 0.6097 -0.0966
vn 0.7851 0.6057 0.1292
vn 0.7736 0.6208 0.1271
vn 0.7748 0.6249 -0.0957
vn 0.7732 0.6024 0.1983
vn 0.7606 0.6186 0.1969
vn 0.7300 0.6553 0.1941
vn 0.7492 0.6506 0.1239
vn 0.7531 0.6512 -0.0935
vn 0.7244 0.6778 0.1259
vn 0.7317 0.6755 -0.0913
vn 0.7023 0.6854 0.1923
vn 0.6942 0.6937 0.1918
vn 0.7089 0.6934 0.1291
vn 0.7137 0.6947 -0.0894
vn 0.5660 0.7458 -0.3513
vn 0.5912 0.7534 -0.2878
vn 0.5518 0.7857 -0.2796
vn 0.5277 0.7775 -0.3420
vn 0.6410 0.7632 -0.0815
vn 0.6001 0.7962 -0.0771
vn 0.5558 0.8282 -0.0722
vn 0.5088 0.8170 -0.2714
vn 0.4858 0.8082 -0.3329
vn 0.6475 0.7515 0.1265
vn 0.6086 0.7832 0.1270
vn 0.6412 0.7433 0.1905
vn 0.6036 0.7744 0.1900
vn 0.5627 0.8044 0.1904
vn 0.5664 0.8141 0.1286
vn 0.4599 0.8483 -0.2626
vn 0.4381 0.8389 -0.3231
vn 0.5054 0.8603 -0.0666
vn 0.4550 0.8884 -0.0609
vn 0.4108 0.8756 -0.2542
vn 0.3902 0.8655 -0.3140
vn 0.5183 0.8452 0.1307
vn 0.5162 0.8348 0.1916
vn 0.4695 0.8614 0.1936
vn 0.4701 0.8724 0.1335
vn 0.3737 0.8938 -0.2480
vn 0.3541 0.8832 -0.3075
vn 0.4169 0.9072 -0.0567
vn 0.4034 0.9131 -0.0589
vn 0.3606 0.8992 -0.2478
vn 0.3421 0.8886 -0.3054
vn 0.4336 0.8908 0.1357
vn 0.4337 0.8796 0.1955
vn 0.4215 0.8853 0.1963
vn 0.4213 0.8968 0.1353
vn 0.7309 0.6025 -0.3207
vn 0.7402 0.5896 -0.3232
vn 0.7964 0.5968 -0.0979
vn 0.7007 0.5978 -0.3894
vn 0.7095 0.5855 -0.3922
vn 0.7188 0.5720 -0.3952
vn 0.7500 0.5757 -0.3257
vn 0.8069 0.5824 -0.0989
vn 0.7939 0.5941 0.1295
vn 0.8039 0.5804 0.1301
vn 0.7909 0.5783 0.2002
vn 0.7812 0.5917 0.1991
vn -0.4757 0.5874 0.6547
vn -0.6419 0.5838 0.4972
vn -0.6313 0.6016 0.4894
vn -0.4678 0.6050 0.6443
vn -0.6846 0.5808 0.4405
vn -0.6737 0.5999 0.4316
vn -0.6511 0.6376 0.4118
vn -0.6126 0.6322 0.4744
vn -0.4550 0.6320 0.6273
vn -0.5973 0.6602 0.4554
vn -0.4423 0.6570 0.6106
vn -0.6311 0.6685 0.3935
vn -0.6253 0.6771 0.3881
vn -0.5893 0.6762 0.4422
vn -0.4315 0.6768 0.5964
vn -0.1376 0.7310 0.6684
vn -0.2019 0.7382 0.6437
vn -0.1815 0.7716 0.6096
vn -0.1187 0.7638 0.6345
vn -0.3885 0.7474 0.5389
vn -0.3642 0.7816 0.5065
vn -0.3379 0.8147 0.4713
vn -0.1586 0.8040 0.5730
vn -0.0973 0.7956 0.5979
vn -0.5459 0.7361 0.4002
vn -0.5200 0.7689 0.3719
vn -0.5885 0.7282 0.3512
vn -0.5626 0.7603 0.3246
vn -0.5353 0.7915 0.2951
vn -0.4925 0.8009 0.3406
vn -0.1322 0.8366 0.5316
vn -0.0724 0.8275 0.5567
vn -0.3079 0.8481 0.4311
vn -0.2780 0.8775 0.3908
vn -0.1052 0.8652 0.4903
vn -0.0469 0.8554 0.5158
vn -0.4615 0.8332 0.3045
vn -0.5046 0.8230 0.2608
vn -0.4744 0.8509 0.2259
vn -0.4309 0.8617 0.2679
vn -0.0847 0.8843 0.4591
vn -0.0273 0.8740 0.4852
vn -0.2552 0.8973 0.3602
vn -0.2446 0.9035 0.3520
vn -0.0760 0.8900 0.4495
vn -0.0207 0.8797 0.4751
vn -0.4077 0.8810 0.2400
vn -0.4515 0.8699 0.1988
vn -0.4437 0.8759 0.1894
vn -0.3990 0.8873 0.2315
vn -0.2709 0.5814 0.7671
vn -0.2754 0.5679 0.7757
vn -0.4818 0.5733 0.6627
vn -0.1992 0.5775 0.7917
vn -0.2029 0.5647 0.8000
vn -0.2064 0.5522 0.8077
vn -0.2794 0.5551 0.7834
vn -0.4874 0.5600 0.6700
vn -0.6487 0.5706 0.5036
vn -0.6551 0.5578 0.5095
vn -0.6980 0.5560 0.4513
vn -0.6914 0.5685 0.4459
vn -0.3731 0.6632 -0.6489
vn -0.1709 0.6575 -0.7338
vn -0.1726 0.6558 -0.7349
vn -0.3741 0.6611 -0.6504
vn -0.1046 0.6531 -0.7500
vn -0.1047 0.6527 -0.7504
vn -0.0942 0.6875 -0.7201
vn -0.1652 0.6841 -0.7104
vn -0.3631 0.6860 -0.6305
vn -0.1531 0.7099 -0.6875
vn -0.3523 0.7090 -0.6109
vn -0.0843 0.7160 -0.6930
vn -0.0814 0.7238 -0.6851
vn -0.1438 0.7245 -0.6741
vn -0.3433 0.7272 -0.5944
vn -0.5240 0.7725 -0.3587
vn -0.4755 0.7808 -0.4053
vn -0.4523 0.8111 -0.3710
vn -0.5004 0.8022 -0.3258
vn -0.3067 0.7916 -0.5285
vn -0.2862 0.8225 -0.4916
vn -0.2639 0.8522 -0.4518
vn -0.4278 0.8401 -0.3335
vn -0.4754 0.8307 -0.2896
vn -0.1208 0.7792 -0.6150
vn -0.1044 0.8090 -0.5785
vn -0.0606 0.7705 -0.6345
vn -0.0456 0.7996 -0.5988
vn -0.0285 0.8276 -0.5606
vn -0.0858 0.8377 -0.5394
vn -0.4004 0.8690 -0.2907
vn -0.4477 0.8590 -0.2483
vn -0.2387 0.8819 -0.4066
vn -0.2135 0.9076 -0.3616
vn -0.3735 0.8939 -0.2478
vn -0.4206 0.8834 -0.2067
vn -0.0644 0.8664 -0.4952
vn -0.0085 0.8557 -0.5174
vn 0.0122 0.8801 -0.4745
vn -0.0424 0.8914 -0.4512
vn -0.3532 0.9104 -0.2154
vn -0.4005 0.8994 -0.1754
vn -0.1945 0.9246 -0.3275
vn -0.1911 0.9299 -0.3142
vn -0.3479 0.9152 -0.2033
vn -0.3940 0.9042 -0.1649
vn -0.0258 0.9081 -0.4180
vn 0.0284 0.8966 -0.4419
vn 0.0341 0.9018 -0.4308
vn -0.0212 0.9135 -0.4063
vn -0.5529 0.6547 -0.5154
vn -0.5589 0.6434 -0.5232
vn -0.3781 0.6515 -0.6577
vn -0.6036 0.6489 -0.4632
vn -0.6090 0.6388 -0.4701
vn -0.6254 0.6074 -0.4897
vn -0.5744 0.6117 -0.5440
vn -0.3910 0.6187 -0.6814
vn -0.1742 0.6467 -0.7425
vn -0.1834 0.6148 -0.7671
vn -0.1152 0.6118 -0.7825
vn -0.1074 0.6435 -0.7578
vn 0.3528 0.7169 -0.6013
vn 0.5199 0.7127 -0.4710
vn 0.5448 0.6700 -0.5044
vn 0.3726 0.6757 -0.6361
vn 0.5652 0.7080 -0.4233
vn 0.5917 0.6664 -0.4536
vn 0.5704 0.7005 -0.4290
vn 0.5271 0.6976 -0.4854
vn 0.3605 0.7001 -0.6164
vn 0.5130 0.7227 -0.4631
vn 0.3487 0.7225 -0.5970
vn 0.5517 0.7283 -0.4065
vn 0.5463 0.7359 -0.3999
vn 0.5059 0.7370 -0.4482
vn 0.3387 0.7403 -0.5808
vn 0.0459 0.7832 -0.6201
vn 0.1098 0.7918 -0.6009
vn 0.0912 0.8211 -0.5634
vn 0.0286 0.8120 -0.5830
vn 0.2992 0.8030 -0.5155
vn 0.2771 0.8329 -0.4790
vn 0.2533 0.8617 -0.4396
vn 0.0704 0.8492 -0.5233
vn 0.0092 0.8396 -0.5431
vn 0.4658 0.7903 -0.3981
vn 0.4421 0.8192 -0.3653
vn 0.5124 0.7814 -0.3560
vn 0.4888 0.8097 -0.3248
vn 0.4640 0.8368 -0.2906
vn 0.4172 0.8470 -0.3294
vn 0.0466 0.8771 -0.4780
vn -0.0133 0.8669 -0.4982
vn 0.2264 0.8904 -0.3950
vn 0.1996 0.9151 -0.3504
vn 0.0224 0.9011 -0.4331
vn -0.0362 0.8903 -0.4539
vn 0.3893 0.8748 -0.2884
vn 0.4363 0.8640 -0.2514
vn 0.4093 0.8875 -0.2118
vn 0.3620 0.8988 -0.2472
vn 0.0042 0.9168 -0.3992
vn -0.0537 0.9056 -0.4207
vn 0.1794 0.9314 -0.3168
vn 0.1695 0.9364 -0.3073
vn -0.0038 0.9214 -0.3886
vn -0.0596 0.9102 -0.4098
vn 0.3414 0.9148 -0.2160
vn 0.3890 0.9032 -0.1813
vn 0.3821 0.9082 -0.1708
vn 0.3334 0.9200 -0.2062
vn 0.1544 0.7059 -0.6913
vn 0.1578 0.6886 -0.7078
vn 0.3591 0.7000 -0.6173
vn 0.0851 0.6993 -0.7097
vn 0.0890 0.6844 -0.7236
vn 0.1134 0.6047 -0.7883
vn 0.1865 0.6090 -0.7710
vn 0.3985 0.6168 -0.6788
vn 0.5302 0.6969 -0.4828
vn 0.5767 0.6138 -0.5391
vn 0.6239 0.6114 -0.4869
vn 0.5733 0.6969 -0.4309
vn 0.6223 0.6085 -0.4924
vn 0.4467 0.6085 -0.6559
vn 0.4587 0.5807 -0.6726
vn 0.6361 0.5848 -0.5034
vn 0.3754 0.6140 -0.6943
vn 0.3919 0.5786 -0.7153
vn 0.3991 0.5614 -0.7250
vn 0.4647 0.5648 -0.6819
vn 0.6445 0.5698 -0.5099
vn 0.5379 0.7277 -0.4256
vn 0.3764 0.7167 -0.5872
vn 0.4021 0.6777 -0.6156
vn 0.5710 0.6855 -0.4518
vn 0.3186 0.7087 -0.6295
vn 0.3420 0.6736 -0.6552
vn 0.3534 0.6552 -0.6677
vn 0.4159 0.6543 -0.6316
vn 0.5928 0.6547 -0.4691
vn 0.6859 0.7087 -0.1654
vn 0.6580 0.7167 -0.2313
vn 0.6916 0.6777 -0.2498
vn 0.7162 0.6736 -0.1823
vn 0.7103 0.6543 -0.2596
vn 0.7311 0.6552 -0.1905
vn 0.4730 0.7977 -0.3742
vn 0.3195 0.7843 -0.5318
vn 0.3495 0.7509 -0.5603
vn 0.5068 0.7631 -0.4010
vn 0.2654 0.7746 -0.5741
vn 0.2935 0.7421 -0.6027
vn 0.6197 0.7746 -0.1263
vn 0.5910 0.7843 -0.1887
vn 0.6257 0.7509 -0.2113
vn 0.6540 0.7421 -0.1471
vn 0.3954 0.8636 -0.3129
vn 0.2496 0.8479 -0.4676
vn 0.2849 0.8181 -0.4996
vn 0.4343 0.8327 -0.3436
vn 0.1990 0.8367 -0.5103
vn 0.2326 0.8076 -0.5420
vn 0.5424 0.8367 -0.0764
vn 0.5125 0.8479 -0.1354
vn 0.5517 0.8181 -0.1624
vn 0.5809 0.8076 -0.1018
vn 0.3659 0.8845 -0.2896
vn 0.2228 0.8682 -0.4434
vn 0.3560 0.8910 -0.2817
vn 0.2134 0.8745 -0.4355
vn 0.1643 0.8626 -0.4785
vn 0.1732 0.8564 -0.4864
vn 0.4827 0.8682 -0.1149
vn 0.5132 0.8564 -0.0567
vn 0.5034 0.8626 -0.0499
vn 0.4729 0.8745 -0.1075
vn 0.6535 0.5529 -0.5170
vn 0.4717 0.5490 -0.6900
vn 0.4729 0.5391 -0.6970
vn 0.6593 0.5415 -0.5216
vn 0.4051 0.5467 -0.7328
vn 0.4046 0.5386 -0.7391
vn 0.3985 0.5203 -0.7554
vn 0.4705 0.5154 -0.7162
vn 0.6727 0.5141 -0.5321
vn 0.4544 0.4860 -0.7465
vn 0.6902 0.4749 -0.5460
vn 0.3837 0.5001 -0.7763
vn 0.3569 0.4793 -0.8018
vn 0.5204 0.4618 -0.7183
vn 0.6956 0.4632 -0.5491
vn 0.7793 0.5501 -0.3002
vn 0.7759 0.5559 -0.2984
vn 0.6499 0.5596 -0.5143
vn 0.8055 0.5481 -0.2255
vn 0.8023 0.5533 -0.2240
vn 0.7971 0.5618 -0.2217
vn 0.7703 0.5651 -0.2954
vn 0.2025 0.5735 -0.7937
vn -0.0693 0.5740 -0.8159
vn -0.0710 0.5412 -0.8379
vn 0.2074 0.5444 -0.8128
vn -0.1580 0.5797 -0.7994
vn -0.1593 0.5398 -0.8266
vn -0.1613 0.5091 -0.8455
vn -0.0728 0.5115 -0.8562
vn 0.2119 0.5150 -0.8306
vn 0.1769 0.6986 -0.6933
vn -0.0800 0.6864 -0.7228
vn -0.0781 0.6459 -0.7595
vn 0.1870 0.6542 -0.7329
vn -0.1599 0.6776 -0.7178
vn -0.1583 0.6413 -0.7508
vn -0.1576 0.6223 -0.7667
vn -0.0775 0.6214 -0.7796
vn 0.1936 0.6219 -0.7588
vn 0.4840 0.6771 -0.5543
vn 0.4164 0.6860 -0.5967
vn 0.4323 0.6455 -0.6297
vn 0.4983 0.6408 -0.5839
vn 0.4414 0.6211 -0.6476
vn 0.5053 0.6219 -0.5982
vn 0.1570 0.7725 -0.6153
vn -0.0894 0.7572 -0.6470
vn -0.0839 0.7222 -0.6866
vn 0.1674 0.7360 -0.6560
vn -0.1660 0.7463 -0.6446
vn -0.1622 0.7123 -0.6829
vn 0.4544 0.7457 -0.4874
vn 0.3884 0.7567 -0.5258
vn 0.4025 0.7218 -0.5631
vn 0.4694 0.7117 -0.5226
vn 0.1331 0.8428 -0.5215
vn -0.1039 0.8245 -0.5562
vn -0.0962 0.7929 -0.6017
vn 0.1451 0.8098 -0.5685
vn -0.1775 0.8114 -0.5568
vn -0.1712 0.7808 -0.6009
vn 0.4226 0.8108 -0.4050
vn 0.3577 0.8240 -0.4393
vn 0.3728 0.7924 -0.4829
vn 0.4381 0.7802 -0.4466
vn 0.1206 0.8724 -0.4736
vn -0.1125 0.8529 -0.5098
vn -0.1098 0.8462 -0.5215
vn 0.1239 0.8653 -0.4856
vn -0.1847 0.8389 -0.5119
vn -0.1828 0.8324 -0.5232
vn 0.3463 0.8457 -0.4061
vn 0.4111 0.8317 -0.3730
vn 0.4074 0.8384 -0.3622
vn 0.3429 0.8525 -0.3946
vn -0.0732 0.4916 -0.8677
vn 0.2150 0.4940 -0.8424
vn -0.1629 0.4900 -0.8564
vn -0.1636 0.4820 -0.8607
vn -0.0734 0.4834 -0.8723
vn 0.2162 0.4854 -0.8472
vn 0.4797 0.4916 -0.7268
vn 0.4738 0.5114 -0.7169
vn 0.4821 0.4833 -0.7308
vn 0.5554 0.4820 -0.6776
vn 0.5527 0.4899 -0.6742
vn 0.5461 0.5089 -0.6654
vn 0.7136 0.5735 0.4023
vn 0.8262 0.5622 -0.0356
vn 0.8459 0.5323 -0.0350
vn 0.7307 0.5444 0.4119
vn 0.8125 0.5593 -0.1642
vn 0.8348 0.5257 -0.1636
vn 0.8505 0.4997 -0.1645
vn 0.8622 0.5054 -0.0351
vn 0.7467 0.5150 0.4209
vn 0.6233 0.6986 0.3514
vn 0.7446 0.6651 -0.0576
vn 0.7768 0.6277 -0.0506
vn 0.6589 0.6541 0.3714
vn 0.7444 0.6447 -0.1741
vn 0.7718 0.6130 -0.1690
vn 0.7849 0.5968 -0.1666
vn 0.7950 0.6049 -0.0464
vn 0.6822 0.6219 0.3846
vn 0.2381 0.6441 0.7269
vn 0.3372 0.6645 0.6669
vn 0.3598 0.6272 0.6908
vn 0.2567 0.6125 0.7477
vn 0.3727 0.6044 0.7041
vn 0.2654 0.5964 0.7576
vn 0.5531 0.7725 0.3118
vn 0.6787 0.7303 -0.0782
vn 0.7129 0.6981 -0.0665
vn 0.5897 0.7360 0.3324
vn 0.6840 0.7046 -0.1890
vn 0.7155 0.6749 -0.1804
vn 0.1943 0.7039 0.6832
vn 0.2856 0.7296 0.6213
vn 0.3133 0.6975 0.6445
vn 0.2178 0.6743 0.7056
vn 0.4688 0.8428 0.2643
vn 0.6003 0.7925 -0.1077
vn 0.6395 0.7632 -0.0923
vn 0.5111 0.8098 0.2881
vn 0.6121 0.7617 -0.2127
vn 0.6481 0.7348 -0.2001
vn 0.1369 0.7610 0.6342
vn 0.2200 0.7918 0.5698
vn 0.2534 0.7625 0.5952
vn 0.1662 0.7341 0.6584
vn 0.4366 0.8653 0.2461
vn 0.5705 0.8126 -0.1193
vn 0.4259 0.8724 0.2396
vn 0.5607 0.8186 -0.1245
vn 0.5755 0.7858 -0.2266
vn 0.5847 0.7800 -0.2229
vn 0.1947 0.8119 0.5503
vn 0.1140 0.7794 0.6161
vn 0.1061 0.7851 0.6102
vn 0.1854 0.8181 0.5444
vn 0.8725 0.4874 -0.0344
vn 0.7574 0.4940 0.4269
vn 0.8596 0.4834 -0.1657
vn 0.8632 0.4767 -0.1663
vn 0.8766 0.4800 -0.0342
vn 0.7616 0.4855 0.4293
vn 0.4230 0.4872 0.7640
vn 0.4171 0.5052 0.7555
vn 0.4253 0.4800 0.7673
vn 0.3062 0.4767 0.8240
vn 0.3048 0.4833 0.8207
vn 0.3011 0.4995 0.8123
vn -0.5711 0.8192 0.0516
vn -0.5623 0.8119 -0.1567
vn -0.4989 0.8531 -0.1529
vn -0.5071 0.8603 0.0510
vn -0.5511 0.8050 -0.2196
vn -0.4856 0.8471 -0.2160
vn -0.3744 0.9029 -0.2111
vn -0.4003 0.9044 -0.1476
vn -0.4115 0.9100 0.0498
vn -0.3086 0.9397 -0.1477
vn -0.3240 0.9448 0.0486
vn -0.2779 0.9381 -0.2069
vn -0.2502 0.9461 -0.2056
vn -0.2626 0.9532 -0.1497
vn -0.2731 0.9608 0.0478
vn -0.0355 0.9564 0.2898
vn -0.0354 0.9722 0.2316
vn 0.1026 0.9703 0.2189
vn 0.0983 0.9564 0.2752
vn -0.0451 0.9980 0.0438
vn 0.0978 0.9944 0.0405
vn 0.2446 0.9689 0.0368
vn 0.2451 0.9479 0.2037
vn 0.2356 0.9372 0.2573
vn -0.0550 0.9883 -0.1426
vn 0.0845 0.9871 -0.1363
vn -0.0628 0.9779 -0.1993
vn 0.0733 0.9789 -0.1909
vn 0.2120 0.9605 -0.1804
vn 0.2287 0.9650 -0.1285
vn 0.3930 0.9013 0.1821
vn 0.3815 0.8948 0.2319
vn 0.3949 0.9182 0.0317
vn 0.5235 0.8516 0.0263
vn 0.5213 0.8387 0.1574
vn 0.5100 0.8360 0.2023
vn 0.3789 0.9180 -0.1170
vn 0.3611 0.9178 -0.1651
vn 0.4930 0.8576 -0.1464
vn 0.5097 0.8541 -0.1033
vn 0.6055 0.7841 0.1360
vn 0.5997 0.7809 0.1749
vn 0.6062 0.7950 0.0227
vn 0.6304 0.7759 0.0234
vn 0.6309 0.7656 0.1257
vn 0.6295 0.7596 0.1634
vn 0.5961 0.7979 -0.0894
vn 0.5867 0.7998 -0.1271
vn 0.6188 0.7767 -0.1174
vn 0.6227 0.7784 -0.0796
vn -0.5387 0.8010 0.2610
vn -0.6109 0.7450 0.2680
vn -0.6482 0.7596 0.0530
vn -0.5192 0.7903 0.3254
vn -0.5857 0.7389 0.3333
vn -0.6705 0.6577 0.3434
vn -0.6977 0.6610 0.2763
vn -0.7396 0.6708 0.0547
vn -0.6366 0.7541 -0.1614
vn -0.7259 0.6673 -0.1665
vn -0.7089 0.6658 -0.2327
vn -0.6211 0.7506 -0.2255
vn -0.2797 0.6140 -0.7381
vn -0.3555 0.6085 -0.7095
vn -0.3652 0.5807 -0.7276
vn -0.2933 0.5786 -0.7610
vn -0.3763 0.5380 -0.7543
vn -0.3029 0.5377 -0.7868
vn -0.3714 0.5138 -0.7734
vn -0.2947 0.5190 -0.8024
vn -0.7297 0.5551 -0.3992
vn -0.7659 0.5525 -0.3290
vn -0.3513 0.4836 -0.8017
vn -0.2772 0.4985 -0.8214
vn -0.4206 0.4581 -0.7831
vn -0.2470 0.4771 -0.8434
vn -0.3170 0.5822 0.7487
vn -0.2415 0.5752 0.7816
vn -0.2474 0.5462 0.8003
vn -0.3236 0.5452 0.7733
vn -0.2564 0.5071 0.8229
vn -0.3328 0.5074 0.7948
vn -0.2660 0.4943 0.8276
vn -0.3424 0.4980 0.7968
vn 0.2529 0.5173 0.8176
vn 0.3292 0.5158 0.7909
vn -0.2856 0.4792 0.8299
vn -0.3571 0.4880 0.7965
vn -0.2196 0.4644 0.8580
vn -0.3782 0.4783 0.7926
vn -0.8149 0.5794 -0.0152
vn -0.8156 0.5738 0.0746
vn -0.8375 0.5410 0.0767
vn -0.8419 0.5396 -0.0118
vn -0.5658 0.4794 0.6709
vn -0.6325 0.4783 0.6092
vn -0.6353 0.4809 0.6043
vn -0.5694 0.4802 0.6672
vn -0.8007 0.4766 0.3629
vn -0.7981 0.4819 0.3616
vn -0.8735 0.4803 0.0795
vn -0.8775 0.4795 -0.0112
vn -0.8761 0.4764 0.0742
vn -0.8786 0.4773 -0.0167
vn -0.5481 0.4723 0.6904
vn -0.6813 0.4580 0.5710
vn -0.6251 0.4712 0.6222
vn -0.5587 0.4772 0.6784
vn -0.8105 0.4547 0.3693
vn -0.8081 0.4612 0.3663
vn -0.8825 0.4665 0.0595
vn -0.8807 0.4729 -0.0277
vn -0.8811 0.4532 0.1353
vn -0.8843 0.4648 -0.0448
vn 0.7187 0.6193 -0.3161
vn 0.6869 0.6165 -0.3848
vn 0.6948 0.6500 -0.3077
vn 0.6563 0.6546 -0.3752
vn 0.7228 0.5386 -0.4329
vn 0.7626 0.5337 -0.3655
vn 0.7565 0.5618 -0.3347
vn 0.7228 0.5599 -0.4050
vn 0.8386 0.5350 -0.1023
vn 0.8175 0.5671 -0.1001
vn 0.8121 0.5671 0.1374
vn 0.7969 0.5669 0.2088
vn 0.8252 0.5399 0.1661
vn 0.8035 0.5464 0.2361
vn 0.6833 0.4888 -0.5424
vn 0.7996 0.4771 -0.3647
vn 0.7540 0.5010 -0.4250
vn 0.7130 0.5152 -0.4755
vn 0.8705 0.4814 -0.1024
vn 0.8650 0.4906 -0.1055
vn 0.8303 0.5094 0.2261
vn 0.8041 0.5244 0.2801
vn 0.8600 0.4844 0.1608
vn 0.7906 0.5010 0.3521
vn -0.2660 0.6001 0.7543
vn -0.1932 0.5979 0.7779
vn -0.2564 0.6316 0.7316
vn -0.1800 0.6371 0.7495
vn -0.1859 0.5272 0.8291
vn -0.2621 0.5228 0.8112
vn -0.2775 0.5441 0.7918
vn -0.2026 0.5430 0.8149
vn -0.5022 0.5212 0.6900
vn -0.4924 0.5472 0.6768
vn -0.6642 0.5462 0.5104
vn -0.7068 0.5458 0.4500
vn -0.6888 0.5232 0.5018
vn -0.7273 0.5282 0.4382
vn -0.0998 0.4930 0.8643
vn -0.2967 0.4799 0.8256
vn -0.2221 0.4994 0.8374
vn -0.1553 0.5105 0.8457
vn -0.5161 0.4787 0.7102
vn -0.5147 0.4860 0.7063
vn -0.7292 0.4968 0.4706
vn -0.7547 0.5095 0.4133
vn -0.6973 0.4767 0.5353
vn -0.7930 0.4885 0.3639
vn -0.5524 0.6542 -0.5165
vn -0.6029 0.6504 -0.4621
vn -0.5351 0.6834 -0.4966
vn -0.5818 0.6865 -0.4361
vn -0.6803 0.5575 -0.4759
vn -0.6394 0.5483 -0.5391
vn -0.5926 0.5895 -0.5490
vn -0.6431 0.5880 -0.4906
vn -0.4165 0.5460 -0.7269
vn -0.4002 0.5942 -0.6977
vn -0.1784 0.5923 -0.7857
vn -0.1068 0.5919 -0.7989
vn -0.1456 0.5502 -0.8222
vn -0.0743 0.5602 -0.8250
vn -0.7936 0.4919 -0.3581
vn -0.6748 0.4760 -0.5639
vn -0.7077 0.5064 -0.4927
vn -0.7300 0.5246 -0.4381
vn -0.4365 0.4766 -0.7631
vn -0.4339 0.4865 -0.7583
vn -0.0687 0.5068 -0.8593
vn -0.0155 0.5265 -0.8500
vn -0.1431 0.4756 -0.8679
vn 0.0890 0.4921 -0.8660
vn 0.1697 0.6683 -0.7243
vn 0.0980 0.6640 -0.7413
vn 0.1606 0.6968 -0.6991
vn 0.0854 0.6994 -0.7097
vn 0.0593 0.5421 -0.8382
vn 0.1276 0.5280 -0.8396
vn 0.1775 0.5782 -0.7964
vn 0.0995 0.5777 -0.8102
vn 0.4318 0.5245 -0.7338
vn 0.4114 0.5834 -0.7003
vn 0.6036 0.5834 -0.5434
vn 0.6502 0.5845 -0.4853
vn 0.6663 0.5340 -0.5205
vn 0.6953 0.5493 -0.4635
vn -0.1501 0.4745 -0.8674
vn 0.1198 0.4644 -0.8775
vn 0.0341 0.4884 -0.8719
vn -0.0207 0.5041 -0.8634
vn 0.4515 0.4691 -0.7590
vn 0.4469 0.4736 -0.7589
vn 0.7405 0.4965 -0.4529
vn 0.7565 0.5128 -0.4060
vn 0.7062 0.4714 -0.5282
vn 0.8234 0.4860 -0.2930
vn 0.7620 0.6140 -0.2057
vn 0.7410 0.6085 -0.2839
vn 0.7600 0.5807 -0.2918
vn 0.7862 0.5786 -0.2170
vn 0.7860 0.5408 -0.2995
vn 0.8109 0.5408 -0.2235
vn 0.8035 0.5184 -0.2927
vn 0.8245 0.5239 -0.2139
vn 0.4691 0.5552 -0.6868
vn 0.4028 0.5524 -0.7298
vn 0.8280 0.4914 -0.2702
vn 0.8405 0.5055 -0.1950
vn 0.8160 0.4668 -0.3409
vn 0.8578 0.4872 -0.1636
vn 0.5212 0.5794 -0.6266
vn 0.4516 0.5738 -0.6833
vn 0.4636 0.5410 -0.7017
vn 0.5354 0.5396 -0.6498
vn -0.1710 0.4757 -0.8628
vn -0.0808 0.4744 -0.8766
vn -0.0748 0.4798 -0.8742
vn -0.1651 0.4791 -0.8621
vn 0.2178 0.4738 -0.8533
vn 0.2168 0.4812 -0.8494
vn 0.4841 0.4800 -0.7316
vn 0.5573 0.4793 -0.6780
vn 0.4903 0.4752 -0.7306
vn 0.5624 0.4767 -0.6756
vn -0.2017 0.4592 -0.8651
vn -0.0225 0.4455 -0.8950
vn -0.0975 0.4616 -0.8817
vn -0.1830 0.4696 -0.8637
vn 0.2226 0.4454 -0.8672
vn 0.2204 0.4538 -0.8634
vn 0.5066 0.4640 -0.7267
vn 0.5726 0.4717 -0.6705
vn 0.4475 0.4480 -0.7740
vn 0.5887 0.4630 -0.6627
vn 0.2818 0.5590 0.7799
vn 0.3981 0.5619 0.7251
vn 0.4088 0.5320 0.7415
vn 0.2938 0.5254 0.7985
vn 0.8634 0.4734 -0.1744
vn 0.8792 0.4745 -0.0432
vn 0.8779 0.4774 -0.0357
vn 0.8639 0.4748 -0.1679
vn 0.7651 0.4780 0.4315
vn 0.7631 0.4823 0.4302
vn 0.4246 0.4779 0.7690
vn 0.3051 0.4753 0.8252
vn 0.4187 0.4765 0.7731
vn 0.2994 0.4754 0.8272
vn 0.8607 0.4642 -0.2091
vn 0.8884 0.4564 0.0494
vn 0.8820 0.4671 -0.0630
vn 0.8623 0.4706 -0.1869
vn 0.7708 0.4598 0.4409
vn 0.7717 0.4641 0.4348
vn 0.4037 0.4722 0.7836
vn 0.2888 0.4749 0.8313
vn 0.5022 0.4620 0.7310
vn 0.2705 0.4721 0.8390
vn -0.4766 0.8410 0.2561
vn -0.4548 0.8309 0.3206
vn -0.3791 0.8915 0.2482
vn -0.3449 0.8851 0.3125
vn -0.7448 0.5356 0.3980
vn -0.7853 0.5242 0.3295
vn -0.7526 0.5888 0.2948
vn -0.7209 0.5894 0.3646
vn -0.8522 0.5199 0.0589
vn -0.8031 0.5932 0.0568
vn -0.7851 0.5920 -0.1819
vn -0.7646 0.5934 -0.2517
vn -0.8243 0.5238 -0.2149
vn -0.7948 0.5359 -0.2849
vn -0.7391 0.4768 0.4758
vn -0.8336 0.4644 0.2989
vn -0.7923 0.4850 0.3701
vn -0.7502 0.4987 0.4342
vn -0.8846 0.4622 0.0626
vn -0.8812 0.4689 0.0600
vn -0.8382 0.4806 -0.2577
vn -0.8064 0.4958 -0.3225
vn -0.8686 0.4598 -0.1848
vn -0.8018 0.4697 -0.3694
vn -0.7058 0.6461 -0.2905
vn -0.6792 0.6377 -0.3635
vn -0.5371 0.6342 -0.5561
vn -0.3397 0.6377 -0.6914
vn -0.2657 0.6461 -0.7155
vn 0.3110 0.6157 0.7240
vn 0.2401 0.6057 0.7586
vn 0.0000 0.6005 0.7997
vn -0.2401 0.6057 0.7586
vn -0.3110 0.6157 0.7240
vn -0.5060 0.6127 0.6071
vn -0.5737 0.6042 0.5530
vn -0.7284 0.6004 0.3300
vn -0.7943 0.6039 0.0670
vn -0.7904 0.6123 -0.0192
vn 0.6847 0.7237 -0.0862
vn 0.6308 0.7164 -0.2980
vn 0.6526 0.6941 -0.3040
vn 0.6024 0.7122 -0.3603
vn 0.6204 0.6942 -0.3648
vn 0.6769 0.7108 0.1913
vn 0.6871 0.7152 0.1279
vn -0.4144 0.7066 0.5735
vn -0.2209 0.7000 0.6791
vn -0.2309 0.6770 0.6988
vn -0.1552 0.6963 0.7007
vn -0.1639 0.6778 0.7167
vn -0.6132 0.6947 0.3760
vn -0.5737 0.6987 0.4275
vn -0.3286 0.7545 -0.5681
vn -0.5006 0.7460 -0.4391
vn -0.5148 0.7249 -0.4576
vn -0.5467 0.7409 -0.3900
vn -0.5580 0.7240 -0.4055
vn -0.0746 0.7400 -0.6685
vn -0.1358 0.7451 -0.6530
vn 0.3230 0.7669 -0.5546
vn 0.1271 0.7579 -0.6399
vn 0.1364 0.7373 -0.6616
vn 0.0621 0.7525 -0.6557
vn 0.0702 0.7359 -0.6734
vn 0.5352 0.7516 -0.3855
vn 0.4914 0.7571 -0.4305
vn 0.3585 0.6461 -0.6738
vn 0.4286 0.6377 -0.6401
vn 0.6063 0.6342 -0.4798
vn 0.7215 0.6377 -0.2700
vn 0.7382 0.6461 -0.1940
vn -0.1576 0.6127 -0.7744
vn -0.0731 0.6042 -0.7935
vn 0.1977 0.6004 -0.7748
vn 0.4442 0.6039 -0.6619
vn 0.5090 0.6123 -0.6050
vn 0.7919 0.5877 -0.1659
vn 0.8069 0.5893 -0.0412
vn 0.6966 0.6004 0.3927
vn 0.3833 0.5889 0.7115
vn 0.2697 0.5873 0.7632
vn -0.1929 0.9801 0.0467
vn -0.1739 0.9544 0.2427
vn -0.2416 0.9387 0.2461
vn -0.1616 0.9400 0.3004
vn -0.2228 0.9264 0.3034
vn -0.1898 0.9603 -0.2044
vn -0.1947 0.9696 -0.1480
vn 0.6691 0.6781 -0.3042
vn 0.6285 0.6857 -0.3671
vn -0.2418 0.6605 0.7108
vn -0.1675 0.6690 0.7241
vn -0.5216 0.7099 -0.4733
vn -0.5633 0.7159 -0.4124
vn 0.1467 0.7227 -0.6754
vn 0.0736 0.7281 -0.6815
vn -0.2876 0.9258 0.2453
vn -0.2497 0.9190 0.3050
# 1045 vertex normals

vt 0.5000 0.1950 0.0000
vt 0.3594 0.1950 0.0000
vt 0.3750 0.1300 0.0000
vt 0.5000 0.1300 0.0000
vt 0.2188 0.1950 0.0000
vt 0.2500 0.1300 0.0000
vt 0.2500 0.0750 0.0000
vt 0.3750 0.0750 0.0000
vt 0.5000 0.0750 0.0000
vt 0.5000 0.4125 0.0000
vt 0.2500 0.4125 0.0000
vt 0.2500 0.3500 0.0000
vt 0.5000 0.3500 0.0000
vt 0.0000 0.4125 0.0000
vt 0.0000 0.3500 0.0000
vt 0.0313 0.3000 0.0000
vt 0.2656 0.3000 0.0000
vt 0.5000 0.3000 0.0000
vt 1.0000 0.4125 0.0000
vt 0.7500 0.4125 0.0000
vt 0.7500 0.3500 0.0000
vt 1.0000 0.3500 0.0000
vt 0.7344 0.3000 0.0000
vt 0.9688 0.3000 0.0000
vt 0.5000 0.6000 0.0000
vt 0.2500 0.6000 0.0000
vt 0.2500 0.5000 0.0000
vt 0.5000 0.5000 0.0000
vt 0.0000 0.6000 0.0000
vt 0.0000 0.5000 0.0000
vt 1.0000 0.6000 0.0000
vt 0.7500 0.6000 0.0000
vt 0.7500 0.5000 0.0000
vt 1.0000 0.5000 0.0000
vt 0.5000 0.7992 0.0000
vt 0.2500 0.7992 0.0000
vt 0.2500 0.7000 0.0000
vt 0.5000 0.7000 0.0000
vt 0.0000 0.7992 0.0000
vt 0.0000 0.7000 0.0000
vt 1.0000 0.7992 0.0000
vt 0.7500 0.7992 0.0000
vt 0.7500 0.7000 0.0000
vt 1.0000 0.7000 0.0000
vt 0.5000 0.8970 0.0000
vt 0.2500 0.8970 0.0000
vt 0.5000 0.9940 0.0000
vt 0.2500 0.9940 0.0000
vt 0.0000 0.9940 0.0000
vt 0.0000 0.8970 0.0000
vt 0.7500 0.8970 0.0000
vt 1.0000 0.8970 0.0000
vt 1.0000 0.9940 0.0000
vt 0.7500 0.9940 0.0000
vt 0.5000 0.0400 0.0000
vt 0.3750 0.0400 0.0000
vt 0.3750 0.0300 0.0000
vt 0.5000 0.0300 0.0000
vt 0.2500 0.0400 0.0000
vt 0.2500 0.0300 0.0000
vt 0.2500 0.0200 0.0000
vt 0.3750 0.0200 0.0000
vt 0.5000 0.0200 0.0000
vt 0.3750 0.0100 0.0000
vt 0.5000 0.0100 0.0000
vt 0.2500 0.0100 0.0000
vt 0.2500 0.0000 0.0000
vt 0.3750 0.0000 0.0000
vt 0.5000 0.0000 0.0000
vt 0.6250 0.0400 0.0000
vt 0.6250 0.0500 0.0000
vt 0.5000 0.0500 0.0000
vt 0.7500 0.0400 0.0000
vt 0.7500 0.0500 0.0000
vt 0.7500 0.0750 0.0000
vt 0.6250 0.0750 0.0000
vt 0.3750 0.0500 0.0000
vt 0.2500 0.0500 0.0000
vt 0.6250 0.1300 0.0000
vt 0.7500 0.1300 0.0000
vt 0.7813 0.1950 0.0000
vt 0.6406 0.1950 0.0000
vt 0.6875 0.2500 0.0000
vt 0.5000 0.2500 0.0000
vt 0.8750 0.2500 0.0000
vt 0.6250 0.0300 0.0000
vt 0.7500 0.0300 0.0000
vt 0.6250 0.0200 0.0000
vt 0.7500 0.0200 0.0000
vt 0.6250 0.0100 0.0000
vt 0.7500 0.0100 0.0000
vt 0.6250 0.0000 0.0000
vt 0.7500 0.0000 0.0000
vt 0.1250 0.2500 0.0000
vt 0.3125 0.2500 0.0000
# 95 texture coords

o PalmPlant_LOD0
g PalmPlant_LOD0
usemtl Material__25
s 2
f 1/1/1 2/2/2 3/3/3 4/4/4 
f 2/2/2 5/5/5 6/6/6 3/3/3 
f 7/7/7 8/8/8 3/3/3 6/6/6 
f 8/8/8 9/9/9 4/4/4 3/3/3 
f 10/10/10 11/11/11 12/12/12 13/13/13 
f 11/11/11 14/14/14 15/15/15 12/12/12 
f 16/16/16 17/17/17 12/12/12 15/15/15 
f 17/17/17 18/18/18 13/13/13 12/12/12 
f 19/19/19 20/20/20 21/21/21 22/22/22 
f 20/20/20 10/10/10 13/13/13 21/21/21 
f 18/18/18 23/23/23 21/21/21 13/13/13 
f 23/23/23 24/24/24 22/22/22 21/21/21 
f 25/25/25 26/26/26 27/27/27 28/28/28 
f 26/26/26 29/29/29 30/30/30 27/27/27 
f 14/14/14 11/11/11 27/27/27 30/30/30 
f 11/11/11 10/10/10 28/28/28 27/27/27 
f 31/31/31 32/32/32 33/33/33 34/34/34 
f 32/32/32 25/25/25 28/28/28 33/33/33 
f 10/10/10 20/20/20 33/33/33 28/28/28 
f 20/20/20 19/19/19 34/34/34 33/33/33 
f 35/35/35 36/36/36 37/37/37 38/38/38 
f 36/36/36 39/39/39 40/40/40 37/37/37 
f 29/29/29 26/26/26 37/37/37 40/40/40 
f 26/26/26 25/25/25 38/38/38 37/37/37 
f 41/41/41 42/42/42 43/43/43 44/44/44 
f 42/42/42 35/35/35 38/38/38 43/43/43 
f 25/25/25 32/32/32 43/43/43 38/38/38 
f 32/32/32 31/31/31 44/44/44 43/43/43 
f 35/35/35 45/45/45 46/46/46 36/36/36 
f 45/45/45 47/47/47 48/48/48 46/46/46 
f 49/49/49 50/50/50 46/46/46 48/48/48 
f 50/50/50 39/39/39 36/36/36 46/46/46 
f 35/35/35 42/42/42 51/51/51 45/45/45 
f 42/42/42 41/41/41 52/52/52 51/51/51 
f 53/53/53 54/54/54 51/51/51 52/52/52 
f 54/54/54 47/47/47 45/45/45 51/51/51 
f 55/55/55 56/56/56 57/57/57 58/58/58 
f 56/56/56 59/59/59 60/60/60 57/57/57 
f 61/61/61 62/62/62 57/57/57 60/60/60 
f 62/62/62 63/63/63 58/58/58 57/57/57 
f 63/63/63 62/62/62 64/64/64 65/65/65 
f 62/62/62 61/61/61 66/66/66 64/64/64 
f 67/67/67 68/68/68 64/64/64 66/66/66 
f 68/68/68 69/69/69 65/65/65 64/64/64 
f 55/55/55 70/70/70 71/71/71 72/72/72 
f 70/70/70 73/73/73 74/74/74 71/71/71 
f 75/75/75 76/76/76 71/71/71 74/74/74 
f 76/76/76 9/9/9 72/72/72 71/71/71 
f 77/1/77 78/2/78 79/3/79 80/4/80 
f 78/2/78 81/5/81 82/6/82 79/3/79 
f 83/7/83 84/8/84 79/3/79 82/6/82 
f 84/8/84 85/9/85 80/4/80 79/3/79 
f 86/10/86 87/11/87 88/12/88 89/13/89 
f 87/11/87 90/14/90 91/15/91 88/12/88 
f 92/16/92 93/17/93 88/12/88 91/15/91 
f 93/17/93 94/18/94 89/13/89 88/12/88 
f 95/19/95 96/20/96 97/21/97 98/22/98 
f 96/20/96 86/10/86 89/13/89 97/21/97 
f 94/18/94 99/23/99 97/21/97 89/13/89 
f 99/23/99 100/24/100 98/22/98 97/21/97 
f 101/25/101 102/26/102 103/27/103 104/28/104 
f 102/26/102 105/29/105 106/30/106 103/27/103 
f 90/14/90 87/11/87 103/27/103 106/30/106 
f 87/11/87 86/10/86 104/28/104 103/27/103 
f 107/31/107 108/32/108 109/33/109 110/34/110 
f 108/32/108 101/25/101 104/28/104 109/33/109 
f 86/10/86 96/20/96 109/33/109 104/28/104 
f 96/20/96 95/19/95 110/34/110 109/33/109 
f 111/35/111 112/36/112 113/37/113 114/38/114 
f 112/36/112 115/39/115 116/40/116 113/37/113 
f 105/29/105 102/26/102 113/37/113 116/40/116 
f 102/26/102 101/25/101 114/38/114 113/37/113 
f 117/41/117 118/42/118 119/43/119 120/44/120 
f 118/42/118 111/35/111 114/38/114 119/43/119 
f 101/25/101 108/32/108 119/43/119 114/38/114 
f 108/32/108 107/31/107 120/44/120 119/43/119 
f 111/35/111 121/45/121 122/46/122 112/36/112 
f 121/45/121 123/47/123 124/48/124 122/46/122 
f 125/49/125 126/50/126 122/46/122 124/48/124 
f 126/50/126 115/39/115 112/36/112 122/46/122 
f 111/35/111 118/42/118 127/51/127 121/45/121 
f 118/42/118 117/41/117 128/52/128 127/51/127 
f 129/53/129 130/54/130 127/51/127 128/52/128 
f 130/54/130 123/47/123 121/45/121 127/51/127 
f 131/55/131 132/56/132 133/57/133 134/58/134 
f 132/56/132 135/59/135 136/60/136 133/57/133 
f 137/61/137 138/62/138 133/57/133 136/60/136 
f 138/62/138 139/63/139 134/58/134 133/57/133 
f 139/63/139 138/62/138 140/64/140 141/65/141 
f 138/62/138 137/61/137 142/66/142 140/64/140 
f 143/67/143 144/68/144 140/64/140 142/66/142 
f 144/68/144 145/69/145 141/65/141 140/64/140 
f 131/55/131 146/70/146 147/71/147 148/72/148 
f 146/70/146 149/73/149 150/74/150 147/71/147 
f 151/75/151 152/76/152 147/71/147 150/74/150 
f 152/76/152 85/9/85 148/72/148 147/71/147 
f 153/1/153 154/2/154 155/3/155 156/4/156 
f 154/2/154 157/5/157 158/6/158 155/3/155 
f 159/7/159 160/8/160 155/3/155 158/6/158 
f 160/8/160 161/9/161 156/4/156 155/3/155 
f 162/10/162 163/11/163 164/12/164 165/13/165 
f 163/11/163 166/14/166 167/15/167 164/12/164 
f 168/16/168 169/17/169 164/12/164 167/15/167 
f 169/17/169 170/18/170 165/13/165 164/12/164 
f 171/19/171 172/20/172 173/21/173 174/22/174 
f 172/20/172 162/10/162 165/13/165 173/21/173 
f 170/18/170 175/23/175 173/21/173 165/13/165 
f 175/23/175 176/24/176 174/22/174 173/21/173 
f 177/25/177 178/26/178 179/27/179 180/28/180 
f 178/26/178 181/29/181 182/30/182 179/27/179 
f 166/14/166 163/11/163 179/27/179 182/30/182 
f 163/11/163 162/10/162 180/28/180 179/27/179 
f 183/31/183 184/32/184 185/33/185 186/34/186 
f 184/32/184 177/25/177 180/28/180 185/33/185 
f 162/10/162 172/20/172 185/33/185 180/28/180 
f 172/20/172 171/19/171 186/34/186 185/33/185 
f 187/35/187 188/36/188 189/37/189 190/38/190 
f 188/36/188 191/39/191 192/40/192 189/37/189 
f 181/29/181 178/26/178 189/37/189 192/40/192 
f 178/26/178 177/25/177 190/38/190 189/37/189 
f 193/41/193 194/42/194 195/43/195 196/44/196 
f 194/42/194 187/35/187 190/38/190 195/43/195 
f 177/25/177 184/32/184 195/43/195 190/38/190 
f 184/32/184 183/31/183 196/44/196 195/43/195 
f 197/47/197 198/48/198 199/46/199 200/45/200 
f 198/48/198 201/49/201 202/50/202 199/46/199 
f 191/39/191 188/36/188 199/46/199 202/50/202 
f 188/36/188 187/35/187 200/45/200 199/46/199 
f 187/35/187 194/42/194 203/51/203 200/45/200 
f 194/42/194 193/41/193 204/52/204 203/51/203 
f 205/53/205 206/54/206 203/51/203 204/52/204 
f 206/54/206 197/47/197 200/45/200 203/51/203 
f 161/9/161 160/8/160 207/77/207 208/72/208 
f 160/8/160 159/7/159 209/78/209 207/77/207 
f 210/59/210 211/56/211 207/77/207 209/78/209 
f 211/56/211 212/55/212 208/72/208 207/77/207 
f 161/9/161 208/72/208 213/71/213 214/76/214 
f 208/72/208 212/55/212 215/70/215 213/71/213 
f 216/73/216 217/74/217 213/71/213 215/70/215 
f 217/74/217 218/75/218 214/76/214 213/71/213 
f 219/9/219 220/76/220 221/79/221 222/4/222 
f 220/76/220 223/75/223 224/80/224 221/79/221 
f 225/81/225 226/82/226 221/79/221 224/80/224 
f 226/82/226 227/1/227 222/4/222 221/79/221 
f 227/1/227 226/82/226 228/83/228 229/84/229 
f 226/82/226 225/81/225 230/85/230 228/83/228 
f 231/24/231 232/23/232 228/83/228 230/85/230 
f 232/23/232 233/18/233 229/84/229 228/83/228 
f 234/14/234 235/11/235 236/27/236 237/30/237 
f 235/11/235 238/10/238 239/28/239 236/27/236 
f 240/25/240 241/26/241 236/27/236 239/28/239 
f 241/26/241 242/29/242 237/30/237 236/27/236 
f 238/10/238 243/20/243 244/33/244 239/28/239 
f 243/20/243 245/19/245 246/34/246 244/33/244 
f 247/31/247 248/32/248 244/33/244 246/34/246 
f 248/32/248 240/25/240 239/28/239 244/33/244 
f 242/29/242 241/26/241 249/37/249 250/40/250 
f 241/26/241 240/25/240 251/38/251 249/37/249 
f 252/35/252 253/36/253 249/37/249 251/38/251 
f 253/36/253 254/39/254 250/40/250 249/37/249 
f 240/25/240 248/32/248 255/43/255 251/38/251 
f 248/32/248 247/31/247 256/44/256 255/43/255 
f 257/41/257 258/42/258 255/43/255 256/44/256 
f 258/42/258 252/35/252 251/38/251 255/43/255 
f 254/39/254 253/36/253 259/46/259 260/50/260 
f 253/36/253 252/35/252 261/45/261 259/46/259 
f 262/47/262 263/48/263 259/46/259 261/45/261 
f 263/48/263 264/49/264 260/50/260 259/46/259 
f 252/35/252 258/42/258 265/51/265 261/45/261 
f 258/42/258 257/41/257 266/52/266 265/51/265 
f 267/53/267 268/54/268 265/51/265 266/52/266 
f 268/54/268 262/47/262 261/45/261 265/51/265 
f 219/9/219 269/8/269 270/77/270 271/72/271 
f 269/8/269 272/7/272 273/78/273 270/77/270 
f 274/59/274 275/56/275 270/77/270 273/78/273 
f 275/56/275 276/55/276 271/72/271 270/77/270 
f 219/9/219 271/72/271 277/71/277 220/76/220 
f 271/72/271 276/55/276 278/70/278 277/71/277 
f 279/73/279 280/74/280 277/71/277 278/70/278 
f 280/74/280 223/75/223 220/76/220 277/71/277 
f 281/9/281 282/76/282 283/79/283 284/4/284 
f 282/76/282 285/75/285 286/80/286 283/79/283 
f 287/81/287 288/82/288 283/79/283 286/80/286 
f 288/82/288 289/1/289 284/4/284 283/79/283 
f 289/1/289 288/82/288 290/83/290 291/84/291 
f 288/82/288 287/81/287 292/85/292 290/83/290 
f 293/24/293 294/23/294 290/83/290 292/85/292 
f 294/23/294 295/18/295 291/84/291 290/83/290 
f 296/14/296 297/11/297 298/27/298 299/30/299 
f 297/11/297 300/10/300 301/28/301 298/27/298 
f 302/25/302 303/26/303 298/27/298 301/28/301 
f 303/26/303 304/29/304 299/30/299 298/27/298 
f 300/10/300 305/20/305 306/33/306 301/28/301 
f 305/20/305 307/19/307 308/34/308 306/33/306 
f 309/31/309 310/32/310 306/33/306 308/34/308 
f 310/32/310 302/25/302 301/28/301 306/33/306 
f 304/29/304 303/26/303 311/37/311 312/40/312 
f 303/26/303 302/25/302 313/38/313 311/37/311 
f 314/35/314 315/36/315 311/37/311 313/38/313 
f 315/36/315 316/39/316 312/40/312 311/37/311 
f 302/25/302 310/32/310 317/43/317 313/38/313 
f 310/32/310 309/31/309 318/44/318 317/43/317 
f 319/41/319 320/42/320 317/43/317 318/44/318 
f 320/42/320 314/35/314 313/38/313 317/43/317 
f 316/39/316 315/36/315 321/46/321 322/50/322 
f 315/36/315 314/35/314 323/45/323 321/46/321 
f 324/47/324 325/48/325 321/46/321 323/45/323 
f 325/48/325 326/49/326 322/50/322 321/46/321 
f 314/35/314 320/42/320 327/51/327 323/45/323 
f 320/42/320 319/41/319 328/52/328 327/51/327 
f 329/53/329 330/54/330 327/51/327 328/52/328 
f 330/54/330 324/47/324 323/45/323 327/51/327 
f 281/9/281 331/8/331 332/77/332 333/72/333 
f 331/8/331 334/7/334 335/78/335 332/77/332 
f 336/59/336 337/56/337 332/77/332 335/78/335 
f 337/56/337 338/55/338 333/72/333 332/77/332 
f 281/9/281 333/72/333 339/71/339 282/76/282 
f 333/72/333 338/55/338 340/70/340 339/71/339 
f 341/73/341 342/74/342 339/71/339 340/70/340 
f 342/74/342 285/75/285 282/76/282 339/71/339 
f 343/9/343 344/76/344 345/79/345 346/4/346 
f 344/76/344 347/75/347 348/80/348 345/79/345 
f 349/81/349 350/82/350 345/79/345 348/80/348 
f 350/82/350 351/1/351 346/4/346 345/79/345 
f 351/1/351 350/82/350 352/83/352 353/84/353 
f 350/82/350 349/81/349 354/85/354 352/83/352 
f 355/24/355 356/23/356 352/83/352 354/85/354 
f 356/23/356 357/18/357 353/84/353 352/83/352 
f 358/14/358 359/11/359 360/27/360 361/30/361 
f 359/11/359 362/10/362 363/28/363 360/27/360 
f 364/25/364 365/26/365 360/27/360 363/28/363 
f 365/26/365 366/29/366 361/30/361 360/27/360 
f 362/10/362 367/20/367 368/33/368 363/28/363 
f 367/20/367 369/19/369 370/34/370 368/33/368 
f 371/31/371 372/32/372 368/33/368 370/34/370 
f 372/32/372 364/25/364 363/28/363 368/33/368 
f 366/29/366 365/26/365 373/37/373 374/40/374 
f 365/26/365 364/25/364 375/38/375 373/37/373 
f 376/35/376 377/36/377 373/37/373 375/38/375 
f 377/36/377 378/39/378 374/40/374 373/37/373 
f 364/25/364 372/32/372 379/43/379 375/38/375 
f 372/32/372 371/31/371 380/44/380 379/43/379 
f 381/41/381 382/42/382 379/43/379 380/44/380 
f 382/42/382 376/35/376 375/38/375 379/43/379 
f 378/39/378 377/36/377 383/46/383 384/50/384 
f 377/36/377 376/35/376 385/45/385 383/46/383 
f 386/47/386 387/48/387 383/46/383 385/45/385 
f 387/48/387 388/49/388 384/50/384 383/46/383 
f 376/35/376 382/42/382 389/51/389 385/45/385 
f 382/42/382 381/41/381 390/52/390 389/51/389 
f 391/53/391 392/54/392 389/51/389 390/52/390 
f 392/54/392 386/47/386 385/45/385 389/51/389 
f 343/9/343 393/8/393 394/77/394 395/72/395 
f 393/8/393 396/7/396 397/78/397 394/77/394 
f 398/59/398 399/56/399 394/77/394 397/78/397 
f 399/56/399 400/55/400 395/72/395 394/77/394 
f 343/9/343 395/72/395 401/71/401 344/76/344 
f 395/72/395 400/55/400 402/70/402 401/71/401 
f 403/73/403 404/74/404 401/71/401 402/70/402 
f 404/74/404 347/75/347 344/76/344 401/71/401 
f 405/9/405 406/76/406 407/79/407 408/4/408 
f 406/76/406 409/75/409 410/80/410 407/79/407 
f 411/81/411 412/82/412 407/79/407 410/80/410 
f 412/82/412 413/1/413 408/4/408 407/79/407 
f 413/1/413 412/82/412 414/83/414 415/84/415 
f 412/82/412 411/81/411 416/85/416 414/83/414 
f 417/24/417 418/23/418 414/83/414 416/85/416 
f 418/23/418 419/18/419 415/84/415 414/83/414 
f 420/14/420 421/11/421 422/27/422 423/30/423 
f 421/11/421 424/10/424 425/28/425 422/27/422 
f 426/25/426 427/26/427 422/27/422 425/28/425 
f 427/26/427 428/29/428 423/30/423 422/27/422 
f 424/10/424 429/20/429 430/33/430 425/28/425 
f 429/20/429 431/19/431 432/34/432 430/33/430 
f 433/31/433 434/32/434 430/33/430 432/34/432 
f 434/32/434 426/25/426 425/28/425 430/33/430 
f 428/29/428 427/26/427 435/37/435 436/40/436 
f 427/26/427 426/25/426 437/38/437 435/37/435 
f 438/35/438 439/36/439 435/37/435 437/38/437 
f 439/36/439 440/39/440 436/40/436 435/37/435 
f 426/25/426 434/32/434 441/43/441 437/38/437 
f 434/32/434 433/31/433 442/44/442 441/43/441 
f 443/41/443 444/42/444 441/43/441 442/44/442 
f 444/42/444 438/35/438 437/38/437 441/43/441 
f 440/39/440 439/36/439 445/46/445 446/50/446 
f 439/36/439 438/35/438 447/45/447 445/46/445 
f 448/47/448 449/48/449 445/46/445 447/45/447 
f 449/48/449 450/49/450 446/50/446 445/46/445 
f 438/35/438 444/42/444 451/51/451 447/45/447 
f 444/42/444 443/41/443 452/52/452 451/51/451 
f 453/53/453 454/54/454 451/51/451 452/52/452 
f 454/54/454 448/47/448 447/45/447 451/51/451 
f 405/9/405 455/8/455 456/77/456 457/72/457 
f 455/8/455 458/7/458 459/78/459 456/77/456 
f 460/59/460 461/56/461 456/77/456 459/78/459 
f 461/56/461 462/55/462 457/72/457 456/77/456 
f 405/9/405 457/72/457 463/71/463 406/76/406 
f 457/72/457 462/55/462 464/70/464 463/71/463 
f 465/73/465 466/74/466 463/71/463 464/70/464 
f 466/74/466 409/75/409 406/76/406 463/71/463 
f 467/1/467 468/2/468 469/3/469 470/4/470 
f 468/2/468 471/5/471 472/6/472 469/3/469 
f 473/7/473 474/8/474 469/3/469 472/6/472 
f 474/8/474 475/9/475 470/4/470 469/3/469 
f 476/10/476 477/11/477 478/12/478 479/13/479 
f 477/11/477 480/14/480 481/15/481 478/12/478 
f 482/16/482 483/17/483 478/12/478 481/15/481 
f 483/17/483 484/18/484 479/13/479 478/12/478 
f 485/19/485 486/20/486 487/21/487 488/22/488 
f 486/20/486 476/10/476 479/13/479 487/21/487 
f 484/18/484 489/23/489 487/21/487 479/13/479 
f 489/23/489 490/24/490 488/22/488 487/21/487 
f 491/25/491 492/26/492 493/27/493 494/28/494 
f 492/26/492 495/29/495 496/30/496 493/27/493 
f 480/14/480 477/11/477 493/27/493 496/30/496 
f 477/11/477 476/10/476 494/28/494 493/27/493 
f 497/31/497 498/32/498 499/33/499 500/34/500 
f 498/32/498 491/25/491 494/28/494 499/33/499 
f 476/10/476 486/20/486 499/33/499 494/28/494 
f 486/20/486 485/19/485 500/34/500 499/33/499 
f 501/35/501 502/36/502 503/37/503 504/38/504 
f 502/36/502 505/39/505 506/40/506 503/37/503 
f 495/29/495 492/26/492 503/37/503 506/40/506 
f 492/26/492 491/25/491 504/38/504 503/37/503 
f 507/41/507 508/42/508 509/43/509 510/44/510 
f 508/42/508 501/35/501 504/38/504 509/43/509 
f 491/25/491 498/32/498 509/43/509 504/38/504 
f 498/32/498 497/31/497 510/44/510 509/43/509 
f 501/35/501 511/45/511 512/46/512 502/36/502 
f 511/45/511 513/47/513 514/48/514 512/46/512 
f 515/49/515 516/50/516 512/46/512 514/48/514 
f 516/50/516 505/39/505 502/36/502 512/46/512 
f 501/35/501 508/42/508 517/51/517 511/45/511 
f 508/42/508 507/41/507 518/52/518 517/51/517 
f 519/53/519 520/54/520 517/51/517 518/52/518 
f 520/54/520 513/47/513 511/45/511 517/51/517 
f 521/55/521 522/56/522 523/57/523 524/58/524 
f 522/56/522 525/59/525 526/60/526 523/57/523 
f 527/61/527 528/62/528 523/57/523 526/60/526 
f 528/62/528 529/63/529 524/58/524 523/57/523 
f 529/63/529 528/62/528 530/64/530 531/65/531 
f 528/62/528 527/61/527 532/66/532 530/64/530 
f 533/67/533 534/68/534 530/64/530 532/66/532 
f 534/68/534 535/69/535 531/65/531 530/64/530 
f 521/55/521 536/70/536 537/71/537 538/72/538 
f 536/70/536 539/73/539 540/74/540 537/71/537 
f 541/75/541 542/76/542 537/71/537 540/74/540 
f 542/76/542 475/9/475 538/72/538 537/71/537 
f 543/1/543 544/2/544 545/3/545 546/4/546 
f 544/2/544 547/5/547 548/6/548 545/3/545 
f 549/7/549 550/8/550 545/3/545 548/6/548 
f 550/8/550 551/9/551 546/4/546 545/3/545 
f 552/10/552 553/11/553 554/12/554 555/13/555 
f 553/11/553 556/14/556 557/15/557 554/12/554 
f 558/16/558 559/17/559 554/12/554 557/15/557 
f 559/17/559 560/18/560 555/13/555 554/12/554 
f 561/19/561 562/20/562 563/21/563 564/22/564 
f 562/20/562 552/10/552 555/13/555 563/21/563 
f 560/18/560 565/23/565 563/21/563 555/13/555 
f 565/23/565 566/24/566 564/22/564 563/21/563 
f 567/25/567 568/26/568 569/27/569 570/28/570 
f 568/26/568 571/29/571 572/30/572 569/27/569 
f 556/14/556 553/11/553 569/27/569 572/30/572 
f 553/11/553 552/10/552 570/28/570 569/27/569 
f 573/31/573 574/32/574 575/33/575 576/34/576 
f 574/32/574 567/25/567 570/28/570 575/33/575 
f 552/10/552 562/20/562 575/33/575 570/28/570 
f 562/20/562 561/19/561 576/34/576 575/33/575 
f 577/35/577 578/36/578 579/37/579 580/38/580 
f 578/36/578 581/39/581 582/40/582 579/37/579 
f 571/29/571 568/26/568 579/37/579 582/40/582 
f 568/26/568 567/25/567 580/38/580 579/37/579 
f 583/41/583 584/42/584 585/43/585 586/44/586 
f 584/42/584 577/35/577 580/38/580 585/43/585 
f 567/25/567 574/32/574 585/43/585 580/38/580 
f 574/32/574 573/31/573 586/44/586 585/43/585 
f 587/47/587 588/48/588 589/46/589 590/45/590 
f 588/48/588 591/49/591 592/50/592 589/46/589 
f 581/39/581 578/36/578 589/46/589 592/50/592 
f 578/36/578 577/35/577 590/45/590 589/46/589 
f 577/35/577 584/42/584 593/51/593 590/45/590 
f 584/42/584 583/41/583 594/52/594 593/51/593 
f 595/53/595 596/54/596 593/51/593 594/52/594 
f 596/54/596 587/47/587 590/45/590 593/51/593 
f 551/9/551 550/8/550 597/77/597 598/72/598 
f 550/8/550 549/7/549 599/78/599 597/77/597 
f 600/59/600 601/56/601 597/77/597 599/78/599 
f 601/56/601 602/55/602 598/72/598 597/77/597 
f 551/9/551 598/72/598 603/71/603 604/76/604 
f 598/72/598 602/55/602 605/70/605 603/71/603 
f 606/73/606 607/74/607 603/71/603 605/70/605 
f 607/74/607 608/75/608 604/76/604 603/71/603 
f 609/1/609 610/2/610 611/3/611 612/4/612 
f 610/2/610 613/5/613 614/6/614 611/3/611 
f 615/7/615 616/8/616 611/3/611 614/6/614 
f 616/8/616 617/9/617 612/4/612 611/3/611 
f 618/10/618 619/11/619 620/12/620 621/13/621 
f 619/11/619 622/14/622 623/15/623 620/12/620 
f 624/16/624 625/17/625 620/12/620 623/15/623 
f 625/17/625 626/18/626 621/13/621 620/12/620 
f 627/19/627 628/20/628 629/21/629 630/22/630 
f 628/20/628 618/10/618 621/13/621 629/21/629 
f 626/18/626 631/23/631 629/21/629 621/13/621 
f 631/23/631 632/24/632 630/22/630 629/21/629 
f 633/25/633 634/26/634 635/27/635 636/28/636 
f 634/26/634 637/29/637 638/30/638 635/27/635 
f 622/14/622 619/11/619 635/27/635 638/30/638 
f 619/11/619 618/10/618 636/28/636 635/27/635 
f 639/31/639 640/32/640 641/33/641 642/34/642 
f 640/32/640 633/25/633 636/28/636 641/33/641 
f 618/10/618 628/20/628 641/33/641 636/28/636 
f 628/20/628 627/19/627 642/34/642 641/33/641 
f 643/35/643 644/36/644 645/37/645 646/38/646 
f 644/36/644 647/39/647 648/40/648 645/37/645 
f 637/29/637 634/26/634 645/37/645 648/40/648 
f 634/26/634 633/25/633 646/38/646 645/37/645 
f 649/41/649 650/42/650 651/43/651 652/44/652 
f 650/42/650 643/35/643 646/38/646 651/43/651 
f 633/25/633 640/32/640 651/43/651 646/38/646 
f 640/32/640 639/31/639 652/44/652 651/43/651 
f 643/35/643 653/45/653 654/46/654 644/36/644 
f 653/45/653 655/47/655 656/48/656 654/46/654 
f 657/49/657 658/50/658 654/46/654 656/48/656 
f 658/50/658 647/39/647 644/36/644 654/46/654 
f 643/35/643 650/42/650 659/51/659 653/45/653 
f 650/42/650 649/41/649 660/52/660 659/51/659 
f 661/53/661 662/54/662 659/51/659 660/52/660 
f 662/54/662 655/47/655 653/45/653 659/51/659 
f 617/9/617 616/8/616 663/77/663 664/72/664 
f 616/8/616 615/7/615 665/78/665 663/77/663 
f 666/59/666 667/56/667 663/77/663 665/78/665 
f 667/56/667 668/55/668 664/72/664 663/77/663 
f 617/9/617 664/72/664 669/71/669 670/76/670 
f 664/72/664 668/55/668 671/70/671 669/71/669 
f 672/73/672 673/74/673 669/71/669 671/70/671 
f 673/74/673 674/75/674 670/76/670 669/71/669 
f 675/9/675 676/76/676 677/79/677 678/4/678 
f 676/76/676 679/75/679 680/80/680 677/79/677 
f 681/81/681 682/82/682 677/79/677 680/80/680 
f 682/82/682 683/1/683 678/4/678 677/79/677 
f 683/1/683 682/82/682 684/83/684 685/84/685 
f 682/82/682 681/81/681 686/85/686 684/83/684 
f 687/24/687 688/23/688 684/83/684 686/85/686 
f 688/23/688 689/18/689 685/84/685 684/83/684 
f 690/14/690 691/11/691 692/27/692 693/30/693 
f 691/11/691 694/10/694 695/28/695 692/27/692 
f 696/25/696 697/26/697 692/27/692 695/28/695 
f 697/26/697 698/29/698 693/30/693 692/27/692 
f 694/10/694 699/20/699 700/33/700 695/28/695 
f 699/20/699 701/19/701 702/34/702 700/33/700 
f 703/31/703 704/32/704 700/33/700 702/34/702 
f 704/32/704 696/25/696 695/28/695 700/33/700 
f 698/29/698 697/26/697 705/37/705 706/40/706 
f 697/26/697 696/25/696 707/38/707 705/37/705 
f 708/35/708 709/36/709 705/37/705 707/38/707 
f 709/36/709 710/39/710 706/40/706 705/37/705 
f 696/25/696 704/32/704 711/43/711 707/38/707 
f 704/32/704 703/31/703 712/44/712 711/43/711 
f 713/41/713 714/42/714 711/43/711 712/44/712 
f 714/42/714 708/35/708 707/38/707 711/43/711 
f 710/39/710 709/36/709 715/46/715 716/50/716 
f 709/36/709 708/35/708 717/45/717 715/46/715 
f 718/47/718 719/48/719 715/46/715 717/45/717 
f 719/48/719 720/49/720 716/50/716 715/46/715 
f 708/35/708 714/42/714 721/51/721 717/45/717 
f 714/42/714 713/41/713 722/52/722 721/51/721 
f 723/53/723 724/54/724 721/51/721 722/52/722 
f 724/54/724 718/47/718 717/45/717 721/51/721 
f 675/9/675 725/8/725 726/77/726 727/72/727 
f 725/8/725 728/7/728 729/78/729 726/77/726 
f 730/59/730 731/56/731 726/77/726 729/78/729 
f 731/56/731 732/55/732 727/72/727 726/77/726 
f 675/9/675 727/72/727 733/71/733 676/76/676 
f 727/72/727 732/55/732 734/70/734 733/71/733 
f 735/73/735 736/74/736 733/71/733 734/70/734 
f 736/74/736 679/75/679 676/76/676 733/71/733 
f 737/81/737 738/82/738 739/79/739 740/80/740 
f 738/82/738 1/1/1 4/4/4 739/79/739 
f 9/9/9 76/76/76 739/79/739 4/4/4 
f 76/76/76 75/75/75 740/80/740 739/79/739 
f 73/73/73 70/70/70 741/86/741 742/87/742 
f 70/70/70 55/55/55 58/58/58 741/86/741 
f 63/63/63 743/88/743 741/86/741 58/58/58 
f 743/88/743 744/89/744 742/87/742 741/86/741 
f 59/59/59 56/56/56 745/77/745 746/78/746 
f 56/56/56 55/55/55 72/72/72 745/77/745 
f 9/9/9 8/8/8 745/77/745 72/72/72 
f 8/8/8 7/7/7 746/78/746 745/77/745 
f 744/89/744 743/88/743 747/90/747 748/91/748 
f 743/88/743 63/63/63 65/65/65 747/90/747 
f 69/69/69 749/92/749 747/90/747 65/65/65 
f 749/92/749 750/93/750 748/91/748 747/90/747 
f 751/81/751 752/82/752 753/79/753 754/80/754 
f 752/82/752 77/1/77 80/4/80 753/79/753 
f 85/9/85 152/76/152 753/79/753 80/4/80 
f 152/76/152 151/75/151 754/80/754 753/79/753 
f 149/73/149 146/70/146 755/86/755 756/87/756 
f 146/70/146 131/55/131 134/58/134 755/86/755 
f 139/63/139 757/88/757 755/86/755 134/58/134 
f 757/88/757 758/89/758 756/87/756 755/86/755 
f 135/59/135 132/56/132 759/77/759 760/78/760 
f 132/56/132 131/55/131 148/72/148 759/77/759 
f 85/9/85 84/8/84 759/77/759 148/72/148 
f 84/8/84 83/7/83 760/78/760 759/77/759 
f 758/89/758 757/88/757 761/90/761 762/91/762 
f 757/88/757 139/63/139 141/65/141 761/90/761 
f 145/69/145 763/92/763 761/90/761 141/65/141 
f 763/92/763 764/93/764 762/91/762 761/90/761 
f 765/81/765 766/82/766 767/79/767 768/80/768 
f 766/82/766 153/1/153 156/4/156 767/79/767 
f 161/9/161 214/76/214 767/79/767 156/4/156 
f 214/76/214 218/75/218 768/80/768 767/79/767 
f 769/61/769 770/62/770 771/57/771 772/60/772 
f 770/62/770 773/63/773 774/58/774 771/57/771 
f 212/55/212 211/56/211 771/57/771 774/58/774 
f 211/56/211 210/59/210 772/60/772 771/57/771 
f 216/73/216 215/70/215 775/86/775 776/87/776 
f 215/70/215 212/55/212 774/58/774 775/86/775 
f 773/63/773 777/88/777 775/86/775 774/58/774 
f 777/88/777 778/89/778 776/87/776 775/86/775 
f 779/67/779 780/68/780 781/64/781 782/66/782 
f 780/68/780 783/69/783 784/65/784 781/64/781 
f 773/63/773 770/62/770 781/64/781 784/65/784 
f 770/62/770 769/61/769 782/66/782 781/64/781 
f 778/89/778 777/88/777 785/90/785 786/91/786 
f 777/88/777 773/63/773 784/65/784 785/90/785 
f 783/69/783 787/92/787 785/90/785 784/65/784 
f 787/92/787 788/93/788 786/91/786 785/90/785 
f 272/7/272 269/8/269 789/3/789 790/6/790 
f 269/8/269 219/9/219 222/4/222 789/3/789 
f 227/1/227 791/2/791 789/3/789 222/4/222 
f 791/2/791 792/5/792 790/6/790 789/3/789 
f 793/61/793 794/62/794 795/57/795 796/60/796 
f 794/62/794 797/63/797 798/58/798 795/57/795 
f 276/55/276 275/56/275 795/57/795 798/58/798 
f 275/56/275 274/59/274 796/60/796 795/57/795 
f 279/73/279 278/70/278 799/86/799 800/87/800 
f 278/70/278 276/55/276 798/58/798 799/86/799 
f 797/63/797 801/88/801 799/86/799 798/58/798 
f 801/88/801 802/89/802 800/87/800 799/86/799 
f 803/67/803 804/68/804 805/64/805 806/66/806 
f 804/68/804 807/69/807 808/65/808 805/64/805 
f 797/63/797 794/62/794 805/64/805 808/65/808 
f 794/62/794 793/61/793 806/66/806 805/64/805 
f 802/89/802 801/88/801 809/90/809 810/91/810 
f 801/88/801 797/63/797 808/65/808 809/90/809 
f 807/69/807 811/92/811 809/90/809 808/65/808 
f 811/92/811 812/93/812 810/91/810 809/90/809 
f 334/7/334 331/8/331 813/3/813 814/6/814 
f 331/8/331 281/9/281 284/4/284 813/3/813 
f 289/1/289 815/2/815 813/3/813 284/4/284 
f 815/2/815 816/5/816 814/6/814 813/3/813 
f 817/61/817 818/62/818 819/57/819 820/60/820 
f 818/62/818 821/63/821 822/58/822 819/57/819 
f 338/55/338 337/56/337 819/57/819 822/58/822 
f 337/56/337 336/59/336 820/60/820 819/57/819 
f 341/73/341 340/70/340 823/86/823 824/87/824 
f 340/70/340 338/55/338 822/58/822 823/86/823 
f 821/63/821 825/88/825 823/86/823 822/58/822 
f 825/88/825 826/89/826 824/87/824 823/86/823 
f 827/67/827 828/68/828 829/64/829 830/66/830 
f 828/68/828 831/69/831 832/65/832 829/64/829 
f 821/63/821 818/62/818 829/64/829 832/65/832 
f 818/62/818 817/61/817 830/66/830 829/64/829 
f 826/89/826 825/88/825 833/90/833 834/91/834 
f 825/88/825 821/63/821 832/65/832 833/90/833 
f 831/69/831 835/92/835 833/90/833 832/65/832 
f 835/92/835 836/93/836 834/91/834 833/90/833 
f 396/7/396 393/8/393 837/3/837 838/6/838 
f 393/8/393 343/9/343 346/4/346 837/3/837 
f 351/1/351 839/2/839 837/3/837 346/4/346 
f 839/2/839 840/5/840 838/6/838 837/3/837 
f 841/61/841 842/62/842 843/57/843 844/60/844 
f 842/62/842 845/63/845 846/58/846 843/57/843 
f 400/55/400 399/56/399 843/57/843 846/58/846 
f 399/56/399 398/59/398 844/60/844 843/57/843 
f 403/73/403 402/70/402 847/86/847 848/87/848 
f 402/70/402 400/55/400 846/58/846 847/86/847 
f 845/63/845 849/88/849 847/86/847 846/58/846 
f 849/88/849 850/89/850 848/87/848 847/86/847 
f 851/67/851 852/68/852 853/64/853 854/66/854 
f 852/68/852 855/69/855 856/65/856 853/64/853 
f 845/63/845 842/62/842 853/64/853 856/65/856 
f 842/62/842 841/61/841 854/66/854 853/64/853 
f 850/89/850 849/88/849 857/90/857 858/91/858 
f 849/88/849 845/63/845 856/65/856 857/90/857 
f 855/69/855 859/92/859 857/90/857 856/65/856 
f 859/92/859 860/93/860 858/91/858 857/90/857 
f 458/7/458 455/8/455 861/3/861 862/6/862 
f 455/8/455 405/9/405 408/4/408 861/3/861 
f 413/1/413 863/2/863 861/3/861 408/4/408 
f 863/2/863 864/5/864 862/6/862 861/3/861 
f 865/61/865 866/62/866 867/57/867 868/60/868 
f 866/62/866 869/63/869 870/58/870 867/57/867 
f 462/55/462 461/56/461 867/57/867 870/58/870 
f 461/56/461 460/59/460 868/60/868 867/57/867 
f 465/73/465 464/70/464 871/86/871 872/87/872 
f 464/70/464 462/55/462 870/58/870 871/86/871 
f 869/63/869 873/88/873 871/86/871 870/58/870 
f 873/88/873 874/89/874 872/87/872 871/86/871 
f 875/67/875 876/68/876 877/64/877 878/66/878 
f 876/68/876 879/69/879 880/65/880 877/64/877 
f 869/63/869 866/62/866 877/64/877 880/65/880 
f 866/62/866 865/61/865 878/66/878 877/64/877 
f 874/89/874 873/88/873 881/90/881 882/91/882 
f 873/88/873 869/63/869 880/65/880 881/90/881 
f 879/69/879 883/92/883 881/90/881 880/65/880 
f 883/92/883 884/93/884 882/91/882 881/90/881 
f 885/81/885 886/82/886 887/79/887 888/80/888 
f 886/82/886 467/1/467 470/4/470 887/79/887 
f 475/9/475 542/76/542 887/79/887 470/4/470 
f 542/76/542 541/75/541 888/80/888 887/79/887 
f 539/73/539 536/70/536 889/86/889 890/87/890 
f 536/70/536 521/55/521 524/58/524 889/86/889 
f 529/63/529 891/88/891 889/86/889 524/58/524 
f 891/88/891 892/89/892 890/87/890 889/86/889 
f 525/59/525 522/56/522 893/77/893 894/78/894 
f 522/56/522 521/55/521 538/72/538 893/77/893 
f 475/9/475 474/8/474 893/77/893 538/72/538 
f 474/8/474 473/7/473 894/78/894 893/77/893 
f 892/89/892 891/88/891 895/90/895 896/91/896 
f 891/88/891 529/63/529 531/65/531 895/90/895 
f 535/69/535 897/92/897 895/90/895 531/65/531 
f 897/92/897 898/93/898 896/91/896 895/90/895 
f 899/81/899 900/82/900 901/79/901 902/80/902 
f 900/82/900 543/1/543 546/4/546 901/79/901 
f 551/9/551 604/76/604 901/79/901 546/4/546 
f 604/76/604 608/75/608 902/80/902 901/79/901 
f 903/61/903 904/62/904 905/57/905 906/60/906 
f 904/62/904 907/63/907 908/58/908 905/57/905 
f 602/55/602 601/56/601 905/57/905 908/58/908 
f 601/56/601 600/59/600 906/60/906 905/57/905 
f 606/73/606 605/70/605 909/86/909 910/87/910 
f 605/70/605 602/55/602 908/58/908 909/86/909 
f 907/63/907 911/88/911 909/86/909 908/58/908 
f 911/88/911 912/89/912 910/87/910 909/86/909 
f 913/67/913 914/68/914 915/64/915 916/66/916 
f 914/68/914 917/69/917 918/65/918 915/64/915 
f 907/63/907 904/62/904 915/64/915 918/65/918 
f 904/62/904 903/61/903 916/66/916 915/64/915 
f 912/89/912 911/88/911 919/90/919 920/91/920 
f 911/88/911 907/63/907 918/65/918 919/90/919 
f 917/69/917 921/92/921 919/90/919 918/65/918 
f 921/92/921 922/93/922 920/91/920 919/90/919 
f 923/81/923 924/82/924 925/79/925 926/80/926 
f 924/82/924 609/1/609 612/4/612 925/79/925 
f 617/9/617 670/76/670 925/79/925 612/4/612 
f 670/76/670 674/75/674 926/80/926 925/79/925 
f 927/61/927 928/62/928 929/57/929 930/60/930 
f 928/62/928 931/63/931 932/58/932 929/57/929 
f 668/55/668 667/56/667 929/57/929 932/58/932 
f 667/56/667 666/59/666 930/60/930 929/57/929 
f 672/73/672 671/70/671 933/86/933 934/87/934 
f 671/70/671 668/55/668 932/58/932 933/86/933 
f 931/63/931 935/88/935 933/86/933 932/58/932 
f 935/88/935 936/89/936 934/87/934 933/86/933 
f 937/67/937 938/68/938 939/64/939 940/66/940 
f 938/68/938 941/69/941 942/65/942 939/64/939 
f 931/63/931 928/62/928 939/64/939 942/65/942 
f 928/62/928 927/61/927 940/66/940 939/64/939 
f 936/89/936 935/88/935 943/90/943 944/91/944 
f 935/88/935 931/63/931 942/65/942 943/90/943 
f 941/69/941 945/92/945 943/90/943 942/65/942 
f 945/92/945 946/93/946 944/91/944 943/90/943 
f 728/7/728 725/8/725 947/3/947 948/6/948 
f 725/8/725 675/9/675 678/4/678 947/3/947 
f 683/1/683 949/2/949 947/3/947 678/4/678 
f 949/2/949 950/5/950 948/6/948 947/3/947 
f 951/61/951 952/62/952 953/57/953 954/60/954 
f 952/62/952 955/63/955 956/58/956 953/57/953 
f 732/55/732 731/56/731 953/57/953 956/58/956 
f 731/56/731 730/59/730 954/60/954 953/57/953 
f 735/73/735 734/70/734 957/86/957 958/87/958 
f 734/70/734 732/55/732 956/58/956 957/86/957 
f 955/63/955 959/88/959 957/86/957 956/58/956 
f 959/88/959 960/89/960 958/87/958 957/86/957 
f 961/67/961 962/68/962 963/64/963 964/66/964 
f 962/68/962 965/69/965 966/65/966 963/64/963 
f 955/63/955 952/62/952 963/64/963 966/65/966 
f 952/62/952 951/61/951 964/66/964 963/64/963 
f 960/89/960 959/88/959 967/90/967 968/91/968 
f 959/88/959 955/63/955 966/65/966 967/90/967 
f 965/69/965 969/92/969 967/90/967 966/65/966 
f 969/92/969 970/93/970 968/91/968 967/90/967 
f 16/16/16 971/94/971 972/95/972 17/17/17 
f 971/94/971 5/5/5 2/2/2 972/95/972 
f 1/1/1 973/84/973 972/95/972 2/2/2 
f 973/84/973 18/18/18 17/17/17 972/95/972 
f 18/18/18 973/84/973 974/83/974 23/23/23 
f 973/84/973 1/1/1 738/82/738 974/83/974 
f 737/81/737 975/85/975 974/83/974 738/82/738 
f 975/85/975 24/24/24 23/23/23 974/83/974 
f 92/16/92 976/94/976 977/95/977 93/17/93 
f 976/94/976 81/5/81 78/2/78 977/95/977 
f 77/1/77 978/84/978 977/95/977 78/2/78 
f 978/84/978 94/18/94 93/17/93 977/95/977 
f 94/18/94 978/84/978 979/83/979 99/23/99 
f 978/84/978 77/1/77 752/82/752 979/83/979 
f 751/81/751 980/85/980 979/83/979 752/82/752 
f 980/85/980 100/24/100 99/23/99 979/83/979 
f 168/16/168 981/94/981 982/95/982 169/17/169 
f 981/94/981 157/5/157 154/2/154 982/95/982 
f 153/1/153 983/84/983 982/95/982 154/2/154 
f 983/84/983 170/18/170 169/17/169 982/95/982 
f 170/18/170 983/84/983 984/83/984 175/23/175 
f 983/84/983 153/1/153 766/82/766 984/83/984 
f 765/81/765 985/85/985 984/83/984 766/82/766 
f 985/85/985 176/24/176 175/23/175 984/83/984 
f 233/18/233 986/13/986 987/12/987 988/17/988 
f 986/13/986 238/10/238 235/11/235 987/12/987 
f 234/14/234 989/15/989 987/12/987 235/11/235 
f 989/15/989 990/16/990 988/17/988 987/12/987 
f 231/24/231 991/22/991 992/21/992 232/23/232 
f 991/22/991 245/19/245 243/20/243 992/21/992 
f 238/10/238 986/13/986 992/21/992 243/20/243 
f 986/13/986 233/18/233 232/23/232 992/21/992 
f 295/18/295 993/13/993 994/12/994 995/17/995 
f 993/13/993 300/10/300 297/11/297 994/12/994 
f 296/14/296 996/15/996 994/12/994 297/11/297 
f 996/15/996 997/16/997 995/17/995 994/12/994 
f 293/24/293 998/22/998 999/21/999 294/23/294 
f 998/22/998 307/19/307 305/20/305 999/21/999 
f 300/10/300 993/13/993 999/21/999 305/20/305 
f 993/13/993 295/18/295 294/23/294 999/21/999 
f 357/18/357 1000/13/1000 1001/12/1001 1002/17/1002 
f 1000/13/1000 362/10/362 359/11/359 1001/12/1001 
f 358/14/358 1003/15/1003 1001/12/1001 359/11/359 
f 1003/15/1003 1004/16/1004 1002/17/1002 1001/12/1001 
f 355/24/355 1005/22/1005 1006/21/1006 356/23/356 
f 1005/22/1005 369/19/369 367/20/367 1006/21/1006 
f 362/10/362 1000/13/1000 1006/21/1006 367/20/367 
f 1000/13/1000 357/18/357 356/23/356 1006/21/1006 
f 419/18/419 1007/13/1007 1008/12/1008 1009/17/1009 
f 1007/13/1007 424/10/424 421/11/421 1008/12/1008 
f 420/14/420 1010/15/1010 1008/12/1008 421/11/421 
f 1010/15/1010 1011/16/1011 1009/17/1009 1008/12/1008 
f 417/24/417 1012/22/1012 1013/21/1013 418/23/418 
f 1012/22/1012 431/19/431 429/20/429 1013/21/1013 
f 424/10/424 1007/13/1007 1013/21/1013 429/20/429 
f 1007/13/1007 419/18/419 418/23/418 1013/21/1013 
f 482/16/482 1014/94/1014 1015/95/1015 483/17/483 
f 1014/94/1014 471/5/471 468/2/468 1015/95/1015 
f 467/1/467 1016/84/1016 1015/95/1015 468/2/468 
f 1016/84/1016 484/18/484 483/17/483 1015/95/1015 
f 484/18/484 1016/84/1016 1017/83/1017 489/23/489 
f 1016/84/1016 467/1/467 886/82/886 1017/83/1017 
f 885/81/885 1018/85/1018 1017/83/1017 886/82/886 
f 1018/85/1018 490/24/490 489/23/489 1017/83/1017 
f 558/16/558 1019/94/1019 1020/95/1020 559/17/559 
f 1019/94/1019 547/5/547 544/2/544 1020/95/1020 
f 543/1/543 1021/84/1021 1020/95/1020 544/2/544 
f 1021/84/1021 560/18/560 559/17/559 1020/95/1020 
f 560/18/560 1021/84/1021 1022/83/1022 565/23/565 
f 1021/84/1021 543/1/543 900/82/900 1022/83/1022 
f 899/81/899 1023/85/1023 1022/83/1022 900/82/900 
f 1023/85/1023 566/24/566 565/23/565 1022/83/1022 
f 624/16/624 1024/94/1024 1025/95/1025 625/17/625 
f 1024/94/1024 613/5/613 610/2/610 1025/95/1025 
f 609/1/609 1026/84/1026 1025/95/1025 610/2/610 
f 1026/84/1026 626/18/626 625/17/625 1025/95/1025 
f 626/18/626 1026/84/1026 1027/83/1027 631/23/631 
f 1026/84/1026 609/1/609 924/82/924 1027/83/1027 
f 923/81/923 1028/85/1028 1027/83/1027 924/82/924 
f 1028/85/1028 632/24/632 631/23/631 1027/83/1027 
f 689/18/689 1029/13/1029 1030/12/1030 1031/17/1031 
f 1029/13/1029 694/10/694 691/11/691 1030/12/1030 
f 690/14/690 1032/15/1032 1030/12/1030 691/11/691 
f 1032/15/1032 1033/16/1033 1031/17/1031 1030/12/1030 
f 687/24/687 1034/22/1034 1035/21/1035 688/23/688 
f 1034/22/1034 701/19/701 699/20/699 1035/21/1035 
f 694/10/694 1029/13/1029 1035/21/1035 699/20/699 
f 1029/13/1029 689/18/689 688/23/688 1035/21/1035 
f 792/5/792 791/2/791 1036/95/1036 1037/94/1037 
f 791/2/791 227/1/227 229/84/229 1036/95/1036 
f 233/18/233 988/17/988 1036/95/1036 229/84/229 
f 988/17/988 990/16/990 1037/94/1037 1036/95/1036 
f 816/5/816 815/2/815 1038/95/1038 1039/94/1039 
f 815/2/815 289/1/289 291/84/291 1038/95/1038 
f 295/18/295 995/17/995 1038/95/1038 291/84/291 
f 995/17/995 997/16/997 1039/94/1039 1038/95/1038 
f 840/5/840 839/2/839 1040/95/1040 1041/94/1041 
f 839/2/839 351/1/351 353/84/353 1040/95/1040 
f 357/18/357 1002/17/1002 1040/95/1040 353/84/353 
f 1002/17/1002 1004/16/1004 1041/94/1041 1040/95/1040 
f 864/5/864 863/2/863 1042/95/1042 1043/94/1043 
f 863/2/863 413/1/413 415/84/415 1042/95/1042 
f 419/18/419 1009/17/1009 1042/95/1042 415/84/415 
f 1009/17/1009 1011/16/1011 1043/94/1043 1042/95/1042 
f 950/5/950 949/2/949 1044/95/1044 1045/94/1045 
f 949/2/949 683/1/683 685/84/685 1044/95/1044 
f 689/18/689 1031/17/1031 1044/95/1044 685/84/685 
f 1031/17/1031 1033/16/1033 1045/94/1045 1044/95/1044 
# 792 polygons

#
# object PalmPlant_LOD1
#

v  6.3276 67.8115 6.5517
v  9.6467 68.3537 0.6573
v  8.2267 61.6617 0.2239
v  5.2970 61.2955 5.4846
v  7.2511 54.3669 -0.7863
v  4.3330 54.0812 4.4866
v  11.5057 88.8927 11.9132
v  17.5653 90.4558 1.5988
v  15.6676 84.4171 -0.3660
v  9.6637 83.0311 10.0060
v  14.0646 79.3481 -0.9891
v  8.4666 78.1678 8.7664
v  0.9867 90.4558 17.6103
v  -0.9110 84.4171 15.6454
v  -1.4778 79.3481 14.0217
v  18.4190 105.4445 19.0714
v  24.6875 107.5082 8.9734
v  20.6884 98.5920 4.8327
v  14.5372 96.7900 15.0521
v  8.1090 107.5082 24.9848
v  4.1099 98.5920 20.8441
v  27.6660 121.1410 28.6459
v  34.2011 123.6647 18.8239
v  29.2129 115.8870 13.6590
v  22.8115 113.5773 23.6194
v  17.6225 123.6647 34.8353
v  12.6343 115.8870 29.6705
v  32.9337 128.0878 34.1002
v  39.5886 130.7777 24.4022
v  38.4080 134.7263 39.7684
v  45.1758 137.5583 30.1873
v  23.0100 130.7777 40.4136
v  28.5972 137.5583 46.1987
v  2.5513 38.8171 2.6635
v  5.2925 39.0752 -2.2899
v  4.2898 31.3596 -2.8325
v  1.7153 31.1017 1.8183
v  3.2137 22.6345 -3.0923
v  0.9171 21.6193 1.0306
v  2.0277 11.8900 -2.7396
v  0.2619 8.6030 0.4363
v  0.8645 0.1358 -1.4028
v  0.0847 -6.1802 0.4026
v  -2.4939 39.0752 5.2302
v  -1.8315 46.7912 6.1932
v  3.4022 46.5327 3.5321
v  -1.0381 54.3669 7.2194
v  0.0000 68.2348 -5.6604
v  -6.4822 68.6654 -3.6984
v  -5.7620 61.9099 -2.7856
v  0.0000 61.6445 -4.5524
v  -5.7620 54.5467 -1.8013
v  0.0000 54.3626 -3.5803
v  0.0000 89.7082 -11.8945
v  -11.5240 91.0850 -8.6006
v  -11.5240 84.8997 -6.2193
v  0.0000 83.7045 -9.5831
v  -10.8037 79.7497 -4.9504
v  0.0000 78.7505 -8.1412
v  11.5240 91.0850 -8.6006
v  11.5240 84.8997 -6.2193
v  10.8038 79.7496 -4.9504
v  0.0000 106.8029 -20.8816
v  -11.5240 108.6966 -17.8595
v  -11.5240 99.4654 -12.6230
v  0.0000 97.8426 -15.7988
v  11.5240 108.6966 -17.8595
v  11.5240 99.4653 -12.6230
v  0.0000 123.2360 -33.2716
v  -11.5240 125.6109 -30.6061
v  -11.5240 117.4347 -23.8830
v  0.0000 115.2845 -26.7284
v  11.5241 125.6109 -30.6061
v  11.5240 117.4347 -23.8830
v  0.0000 130.6057 -40.4441
v  -11.5240 133.1564 -37.9412
v  -0.0000 137.6846 -47.9311
v  -11.5241 140.3865 -45.5823
v  11.5240 133.1564 -37.9412
v  11.5240 140.3865 -45.5823
v  0.0086 38.9899 -1.9635
v  -5.4064 39.1460 -0.2901
v  -5.0666 31.3787 0.3575
v  0.0167 31.2227 -1.2129
v  -4.4795 22.6020 0.9050
v  0.0323 21.6887 -0.4747
v  -3.3926 11.8058 1.2154
v  0.0661 8.6207 0.1884
v  -1.6439 -0.0000 1.0646
v  0.1264 -6.2141 0.5056
v  5.4233 39.1460 -0.2901
v  5.6194 46.9137 -0.9817
v  0.0036 46.7571 -2.7179
v  5.7621 54.5467 -1.8013
v  5.7924 111.1355 -2.6462
v  1.1108 111.6200 -7.6343
v  0.4738 104.0196 -6.5514
v  4.6586 103.7210 -2.1283
v  -0.5335 94.8113 -6.0913
v  3.6639 94.5917 -1.6738
v  12.1719 135.2948 -5.5607
v  4.0476 136.8438 -14.5191
v  1.6108 129.8849 -13.4059
v  9.8066 128.5401 -4.4801
v  0.6094 124.0907 -12.1565
v  8.3310 122.9665 -3.8060
v  13.5547 136.8438 6.4775
v  11.1179 129.8849 7.5907
v  9.5223 124.0907 7.5278
v  21.3686 154.5276 -9.7623
v  13.5224 156.6583 -18.8478
v  8.1638 146.2724 -16.3997
v  16.1672 144.4466 -7.3860
v  23.0295 156.6583 2.1489
v  17.6709 146.2724 4.5970
v  34.0475 173.0161 -15.5547
v  26.5663 175.6881 -24.8069
v  19.6865 166.4893 -21.6638
v  27.3516 164.0701 -12.4957
v  36.0733 175.6881 -3.8103
v  29.1935 166.4893 -0.6672
v  49.0487 189.2720 -22.4080
v  41.8917 192.3118 -31.8083
v  34.0724 184.1774 -28.2360
v  41.3872 181.3076 -18.9078
v  43.5795 184.1774 -7.2394
v  51.3988 192.3118 -10.8117
v  -1.3329 83.4510 -5.7261
v  2.8687 83.2249 -1.3105
v  -2.0283 70.1564 -5.4084
v  2.1733 69.8934 -0.9928
v  3.4207 83.4510 4.7723
v  4.2201 94.8113 4.4071
v  2.7252 70.1564 5.0900
v  -7.5036 49.8412 0.5199
v  -6.9555 50.0365 -3.0542
v  -8.0796 54.4498 -2.9399
v  -8.6160 54.2169 0.6329
v  -9.1121 58.0803 -3.2607
v  -9.6921 57.7478 0.7558
v  -9.9892 61.2077 -4.4676
v  -10.7333 60.6926 0.8840
v  -10.8920 64.0334 -5.6641
v  -11.7955 63.3307 1.0218
v  -12.1308 70.1338 7.8946
v  -14.6203 69.0644 1.4133
v  -17.3233 73.2405 1.8135
v  -14.9155 74.4362 8.3068
v  -20.7245 77.7845 2.3309
v  -18.4195 79.1176 8.8398
v  -13.7385 69.9765 -5.7068
v  -16.5232 74.2789 -5.2945
v  -20.0273 78.9604 -4.7615
v  -24.5051 82.0115 2.9220
v  -22.3145 83.4723 9.4487
v  -28.6249 85.8979 3.5801
v  -26.5480 87.4690 10.1250
v  -23.9222 83.3151 -4.1525
v  -28.1557 87.3118 -3.4763
v  -33.0437 89.4206 4.2985
v  -31.0676 91.0762 10.8598
v  -37.6120 92.7613 5.0471
v  -35.7304 94.4887 11.6238
v  -32.6754 90.9190 -2.7416
v  -37.3381 94.3315 -1.9776
v  -6.1516 50.1151 3.7464
v  -4.8270 44.6394 3.5420
v  -6.1281 44.3620 0.4242
v  -3.5203 38.2145 3.3538
v  -4.7730 37.9191 0.3403
v  -5.6020 44.5608 -3.0293
v  -4.2690 38.1359 -2.9972
v  3.9003 50.0704 -4.6967
v  6.1357 50.2332 -1.8526
v  6.7307 54.6820 -2.6320
v  4.4890 54.4813 -5.4677
v  7.5970 58.3438 -3.0688
v  5.0625 58.0467 -6.2418
v  9.0152 61.4940 -2.8014
v  5.6202 61.0253 -7.0100
v  10.4493 64.3436 -2.5680
v  6.1911 63.6979 -7.8084
v  1.2594 70.5356 -12.5574
v  7.7170 69.5245 -9.9837
v  9.1844 73.7903 -12.1182
v  2.7712 74.9304 -14.7564
v  11.0351 78.4476 -14.8327
v  4.6778 79.7286 -17.5530
v  12.3032 70.3783 -4.4571
v  13.8150 74.7731 -6.6560
v  15.7216 79.5713 -9.4527
v  13.0968 82.8010 -17.8834
v  6.8019 84.2136 -20.6959
v  15.3477 86.8257 -21.2369
v  9.1148 88.3524 -24.1418
v  17.8457 84.0563 -12.5956
v  20.1586 88.1951 -16.0415
v  17.7656 90.4971 -24.8599
v  11.5879 92.1117 -27.8473
v  20.2669 93.9917 -28.6176
v  14.1410 95.6813 -31.6826
v  22.6317 91.9544 -19.7470
v  25.1848 95.5240 -23.5823
v  0.6138 50.3118 -5.9028
v  0.0137 44.8003 -4.9567
v  3.1899 44.5555 -3.7878
v  -0.5777 38.3377 -4.0455
v  2.4906 38.0749 -2.9124
v  5.3521 44.7216 -1.0395
v  4.5825 38.2591 -0.2586
v  3.8188 41.4743 7.3237
v  0.9789 41.6823 8.0506
v  1.5304 45.1982 9.0520
v  4.3646 44.9604 8.3151
v  1.7077 48.0875 10.0870
v  4.8850 47.7642 9.2382
v  1.1609 50.5827 11.2629
v  5.3833 50.0950 10.1074
v  0.6222 52.8322 12.4412
v  5.8876 52.1762 10.9753
v  11.3057 57.6273 9.3639
v  7.2149 56.6726 13.2181
v  8.4705 59.9137 15.2972
v  12.5993 60.9664 11.5058
v  10.0427 63.4163 17.8770
v  14.2190 64.5749 14.1637
v  1.6368 57.4997 14.8465
v  2.9304 60.8388 16.9884
v  4.5501 64.4473 19.6463
v  11.7812 66.6421 20.7025
v  16.0100 67.8982 17.0746
v  13.6677 69.5743 23.7448
v  17.9487 70.9137 20.2010
v  6.3412 67.7706 22.5573
v  8.2799 70.7861 25.6836
v  15.6841 72.1961 26.9748
v  20.0112 73.5988 23.5049
v  17.7654 74.6627 30.2988
v  22.1356 76.1186 26.8977
v  10.3424 73.4712 28.9875
v  12.4667 75.9910 32.3803
v  5.8133 41.7461 5.3093
v  4.8747 37.3710 3.9681
v  3.0172 37.0963 5.8297
v  4.1268 32.2307 2.7802
v  2.3453 31.9415 4.5596
v  0.3844 37.3072 6.5115
v  -0.1746 32.1669 5.2163
v  -2.9517 27.8821 4.6273
v  -4.1765 28.0190 3.3677
v  -4.5626 30.1084 4.0008
v  -3.3339 29.9538 5.2541
v  -5.0723 31.8247 4.4406
v  -3.6827 31.6176 5.8380
v  -5.8676 33.3084 4.5397
v  -4.0060 32.9988 6.3878
v  -6.6596 34.6447 4.6404
v  -4.3249 34.2303 6.9370
v  -1.9188 37.4777 9.3539
v  -5.1345 36.8841 8.3566
v  -5.8699 38.7881 9.6728
v  -2.6765 39.4394 10.7099
v  -6.7740 40.8395 11.3064
v  -3.6079 41.5527 12.3929
v  -7.6483 37.4012 5.9479
v  -8.4059 39.3629 7.3040
v  -9.3374 41.4762 8.9869
v  -7.7543 42.7201 13.0957
v  -4.6178 43.4903 14.2364
v  -8.8010 44.4206 15.0226
v  -5.6935 45.2391 16.2164
v  -10.3473 43.4138 10.8303
v  -11.4230 45.1626 12.8104
v  -9.9043 45.9315 17.0686
v  -6.8221 46.7865 18.3092
v  -11.0358 47.3475 19.1741
v  -7.9771 48.2330 20.4584
v  -12.5515 46.7100 14.9032
v  -13.7066 48.1565 17.0524
v  -1.3118 28.0573 5.0707
v  -0.7021 25.4541 3.6881
v  -2.0405 25.2771 3.3179
v  -0.2962 22.3939 2.9565
v  -1.5687 22.2083 2.6030
v  -3.0479 25.4158 2.2915
v  -2.5284 22.3556 1.6276
v  -7.1427 67.8115 5.6521
v  -1.6035 68.3538 9.5351
v  -1.0324 61.6617 8.1648
v  -5.9793 61.2955 4.7314
v  0.0689 54.3670 7.2933
v  -4.8912 54.0813 3.8704
v  -12.9878 88.8927 10.2773
v  -3.3199 90.4558 17.3227
v  -1.1778 84.4171 15.6276
v  -10.9086 83.0311 8.6320
v  -0.4000 79.3481 14.0936
v  -9.5572 78.1678 7.5626
v  -17.6218 90.4559 -0.7513
v  -15.4797 84.4171 -2.4464
v  -13.8081 79.3482 -2.8507
v  -20.7916 105.4445 16.4525
v  -11.3596 107.5082 23.6845
v  -6.8454 98.5920 20.1124
v  -16.4098 96.7900 12.9852
v  -25.6616 107.5083 5.6105
v  -21.1474 98.5921 2.0384
v  -31.2298 121.1410 24.7122
v  -22.0986 123.6647 32.1823
v  -16.4679 115.8870 27.7267
v  -25.7499 113.5773 20.3760
v  -36.4006 123.6647 14.1084
v  -30.7699 115.8870 9.6528
v  -37.1760 128.0878 29.4175
v  -28.1801 130.7777 36.9946
v  -43.3555 134.7263 34.3074
v  -34.4871 137.5583 41.9853
v  -42.4821 130.7777 18.9207
v  -48.7890 137.5583 23.9113
v  -2.8613 38.8171 2.3019
v  1.7972 39.0752 5.5167
v  2.4730 31.3596 4.5955
v  -1.9003 31.1017 1.5767
v  2.9014 22.6345 3.5902
v  -0.9662 21.6193 0.9047
v  2.7856 11.8900 2.4493
v  -0.1548 8.6030 0.4084
v  1.7601 0.1358 1.2791
v  0.1731 -6.1802 0.4085
v  -4.9200 39.0752 -2.9720
v  -5.9662 46.7912 -2.4217
v  -3.8325 46.5327 3.0489
v  -7.0821 54.3669 -1.7437
v  -1.5547 111.1355 6.1755
v  5.2652 111.6200 5.6386
v  4.8180 104.0196 4.4646
v  -1.2504 103.7210 4.9667
v  5.0883 94.8112 3.3907
v  -0.9834 94.5916 3.9062
v  -3.2670 135.2948 12.9770
v  8.8039 136.8438 12.2344
v  9.4580 129.8849 9.6364
v  -2.6321 128.5401 10.4553
v  9.1086 124.0907 8.0738
v  -2.2361 122.9665 8.8821
v  -13.5284 136.8438 6.5323
v  -12.8743 129.8849 3.9343
v  -11.8279 124.0907 2.7281
v  -5.7354 154.5276 22.7821
v  6.2608 156.6583 22.3359
v  7.6991 146.2724 16.6229
v  -4.3393 144.4466 17.2367
v  -16.0714 156.6582 16.6338
v  -14.6332 146.2723 10.9207
v  -9.1384 173.0161 36.2997
v  2.7599 175.6881 36.2426
v  4.6064 166.4893 28.9077
v  -7.3412 164.0701 29.1609
v  -19.5724 175.6881 30.5406
v  -17.7258 166.4893 23.2056
v  -13.1648 189.2720 52.2932
v  -1.3535 192.3118 52.5818
v  0.7452 184.1774 44.2453
v  -11.1084 181.3076 44.1249
v  -21.5871 184.1774 38.5432
v  -23.6858 192.3118 46.8797
v  5.3028 83.4510 2.5385
v  -0.7700 83.2249 3.0584
v  5.4895 70.1564 1.7970
v  -0.5833 69.8934 2.3170
v  -5.8633 83.4510 -0.3126
v  -6.0778 94.8112 0.5397
v  -5.6766 70.1564 -1.0540
v  -5.5565 111.1355 -3.1112
v  -5.3890 111.6200 1.0833
v  -4.2976 104.0196 1.2388
v  -4.4689 103.7210 -2.5022
v  -3.3314 94.8113 1.7798
v  -3.5147 94.5917 -1.9679
v  -11.6762 135.2948 -6.5377
v  -11.5690 136.8438 0.8124
v  -9.2315 129.8849 2.1212
v  -9.4072 128.5401 -5.2673
v  -7.7904 124.0907 2.4725
v  -7.9917 122.9665 -4.4747
v  -5.3164 136.8438 -10.2669
v  -2.9788 129.8849 -8.9581
v  -1.9286 124.0907 -7.9144
v  -20.4984 154.5276 -11.4774
v  -20.6580 156.6583 -4.2767
v  -15.5176 146.2724 -1.3985
v  -15.5089 144.4466 -8.6837
v  -14.4054 156.6583 -15.3560
v  -9.2650 146.2724 -12.4778
v  -32.6611 173.0161 -18.2875
v  -33.1707 175.6881 -11.2828
v  -26.5710 166.4893 -7.5875
v  -26.2379 164.0701 -14.6911
v  -26.9182 175.6881 -22.3621
v  -20.3185 166.4893 -18.6668
v  -39.7019 181.3077 -22.2298
v  -40.3712 184.1774 -15.3145
v  -47.0515 189.2720 -26.3450
v  -47.8721 192.3118 -19.5144
v  -34.1186 184.1774 -26.3938
v  -41.6195 192.3118 -30.5937
v  -2.5646 83.4510 2.2091
v  -2.7519 83.2249 -1.5408
v  -1.8975 70.1564 2.5826
v  -2.0848 69.8934 -1.1673
v  0.5617 83.4510 -3.3305
v  -0.2051 94.8113 -3.7599
v  1.2288 70.1564 -2.9570
v  8.8970 41.7141 -0.0250
v  8.4290 42.1294 2.8075
v  10.6289 44.7328 2.7713
v  11.0420 44.2591 -0.0606
v  12.6520 46.5735 3.0776
v  13.0361 45.9754 -0.1073
v  14.4225 47.9494 4.0843
v  14.8459 47.1039 -0.1605
v  16.1301 48.9975 5.0831
v  16.5834 47.9101 -0.2212
v  19.9618 50.9860 -5.6856
v  20.6171 49.0953 -0.4047
v  23.7936 48.9604 -0.6030
v  23.3435 50.8661 -5.8899
v  27.2908 48.1173 -0.8647
v  27.0517 49.9974 -6.1596
v  20.3413 50.3133 5.2478
v  23.6748 50.1650 5.0436
v  27.3299 49.2695 4.7739
v  30.5099 46.4286 -1.1700
v  30.4427 48.2341 -6.4740
v  33.3640 44.0013 -1.5150
v  33.4200 45.7037 -6.8285
v  30.6710 47.4863 4.4594
v  33.6028 44.9415 4.1049
v  35.7660 40.9424 -1.8963
v  35.8875 42.5336 -7.2184
v  37.9420 37.5676 -2.2957
v  38.1000 39.0435 -7.6260
v  36.0299 41.7616 3.7150
v  38.2047 38.2641 3.3074
v  8.1429 42.3708 -2.6592
v  5.4630 38.6726 -2.4410
v  6.2019 38.0996 0.0287
v  3.3107 33.9009 -2.3268
v  4.0743 33.4234 0.0554
v  5.7430 38.4653 2.6781
v  3.6010 33.7360 2.6105
v  0.3212 68.3537 9.6637
v  -0.0625 61.6617 8.2296
v  -3.0214 31.3596 4.2286
v  -3.2782 22.6345 3.1775
v  6.2441 46.7912 -1.6061
v  -2.9485 11.8900 2.0663
v  -1.6749 0.1358 1.0497
v  6.4823 68.6654 -3.6983
v  5.7621 61.9099 -2.7856
v  5.0997 31.3787 0.3575
v  4.5405 22.6019 0.9050
v  -5.6123 46.9137 -0.9817
v  3.5054 11.8058 1.2154
v  1.8399 0.0000 1.0646
v  6.4585 111.6200 4.1763
v  5.2273 104.0196 3.9469
v  -3.1886 38.3955 -4.4319
v  0.7368 37.3629 -0.2967
v  1.4682 54.8697 -0.6667
v  -2.7041 55.1451 -5.0525
v  2.0169 55.1450 5.3741
v  1.2572 38.3955 5.3868
v  -1.4290 0.4977 -0.9732
v  0.0556 -5.8358 0.4711
v  0.1037 16.5821 0.1266
v  -3.0223 19.8865 -3.1845
v  0.5111 19.8865 4.6192
v  0.0781 0.4977 2.3552
v  -7.2758 54.5284 3.8608
v  -8.2077 58.1687 4.3901
v  -0.8017 22.3283 2.7285
v  -1.8154 21.2696 0.2209
v  -3.3072 30.6522 0.2659
v  -2.1321 30.9536 3.0987
v  -2.8356 30.8749 -2.8713
v  -1.4257 22.2496 -2.5645
v  0.6107 0.3456 1.3313
v  0.1569 -6.0139 0.4365
v  -0.4901 8.4797 0.2556
v  0.2313 11.8101 2.1539
v  -0.2489 11.7315 -1.9109
v  0.3579 0.2669 -0.7847
v  1.2088 54.7607 -6.6822
v  1.3848 58.4322 -7.6253
v  -1.5572 22.3686 -1.9600
v  0.9880 21.3425 -0.9917
v  1.7399 30.7672 -1.9678
v  -1.1439 31.0360 -3.0350
v  3.7070 30.9574 0.5252
v  2.7435 22.2899 1.1961
v  -0.9772 0.3027 0.0473
v  0.1079 -6.0241 0.4707
v  0.3509 8.5109 -0.0768
v  -1.5874 11.8087 -0.8771
v  1.7140 11.7301 1.5446
v  0.7373 0.2241 1.3020
v  6.3649 45.2620 6.3106
v  7.1465 48.1593 7.0030
v  2.4204 19.3126 0.4497
v  0.9362 18.2614 1.8947
v  1.6376 26.1250 3.2180
v  3.3019 26.4189 1.5573
v  -0.7145 26.3551 3.8322
v  -1.1284 19.2488 2.4603
v  0.6779 0.3056 -0.3444
v  0.1119 -6.0464 0.4231
v  0.3451 6.9655 0.8032
v  1.5072 10.2885 -0.2888
v  -1.2278 10.2247 1.2622
v  -0.8216 0.2418 0.5091
v  -1.6978 30.1467 5.7038
v  -1.8495 31.8677 6.3564
v  0.4627 14.2930 1.4633
v  -0.5780 13.3473 1.1560
v  -1.0786 18.7448 1.8708
v  0.1100 18.9332 2.2006
v  -1.9750 18.8950 0.9597
v  -1.3912 14.2548 0.3603
v  0.6166 0.1157 0.4433
v  0.1320 -6.1308 0.4323
v  -0.1201 4.4766 0.5869
v  0.6629 7.6941 0.8298
v  -0.7896 7.6558 -0.0337
v  -0.2578 0.0775 -0.0753
v  -9.6484 68.3538 -0.6314
v  -8.1834 61.6617 -0.8722
v  -3.8342 31.3596 -3.3752
v  -2.6989 22.6345 -3.4872
v  1.0005 46.7912 6.3824
v  -1.5072 11.8900 -2.9757
v  -0.4306 0.1359 -1.4893
v  -7.2967 111.6200 2.4312
v  -6.3481 104.0196 1.6135
v  5.4924 38.3955 0.3260
v  -0.1851 37.3629 0.8102
v  -0.3928 54.8697 1.5678
v  5.6383 55.1451 1.0518
v  -5.4515 55.1450 -1.7797
v  -4.9509 38.3955 -2.3405
v  2.0730 0.4977 -0.0319
v  0.1430 -5.8358 0.3661
v  0.0275 16.5821 0.2181
v  4.5327 19.8865 -0.1902
v  -3.7673 19.8865 -2.3095
v  -1.4671 0.4977 -0.9358
v  -1.8719 111.6200 -5.1488
v  -1.1713 104.0196 -4.3009
v  -0.5177 38.3955 3.1462
v  -0.6871 37.3629 -0.3550
v  -1.4065 54.8697 -0.7845
v  -1.2210 55.1451 2.9393
v  1.8839 55.1450 -2.5624
v  2.4062 38.3955 -2.0348
v  0.3403 0.4977 1.6311
v  0.1906 -5.8358 0.4766
v  -0.0140 16.5821 0.1218
v  0.1132 19.8865 2.8799
v  2.4370 19.8865 -1.2378
v  1.3315 0.4977 -0.1252
v  10.3618 44.9999 -2.6954
v  12.3743 46.8987 -3.0725
v  0.4189 20.5814 -1.8482
v  1.1138 19.5638 0.1446
v  2.3799 27.6931 0.0885
v  1.6145 28.0512 -2.1500
v  1.9038 27.9373 2.4894
v  0.6858 20.5080 2.2701
v  -0.2728 0.2371 -0.4620
v  0.0998 -6.0540 0.4470
v  0.3287 7.6908 0.2578
v  -0.1998 10.9498 -1.3059
v  0.0086 10.8869 1.8652
v  -0.1602 0.1700 1.2245
v  11.8251 74.1215 -0.1975
v  7.3693 73.2651 7.6303
v  -0.6088 74.1215 11.8111
v  -8.6430 74.4751 -4.2650
v  0.0000 73.7654 -6.8451
v  8.6431 74.4751 -4.2650
v  0.7994 118.1564 -9.8677
v  7.0048 117.3578 -3.2001
v  7.9296 118.1564 5.8798
v  -12.9344 65.9412 1.1738
v  -10.3939 66.9161 7.6478
v  -9.3848 64.1808 7.0872
v  -12.0016 66.7588 -5.9536
v  6.8046 66.3457 -8.6734
v  0.3195 67.2607 -11.2075
v  0.0957 64.4910 -10.1620
v  11.3633 67.1034 -3.1072
v  6.4260 54.2311 11.8949
v  10.4930 55.1119 8.0007
v  9.6868 52.9518 7.3013
v  0.8241 54.9843 13.4832
v  -4.6603 35.4451 7.5190
v  -1.4302 35.9952 8.4909
v  -1.2883 34.7164 7.8336
v  -7.1597 35.9187 5.0849
v  -0.9673 74.1215 11.7871
v  -8.3186 73.2651 6.5826
v  -11.6938 74.1215 -1.7683
v  7.2032 118.1564 6.7915
v  -1.8801 117.3578 7.4681
v  -9.5460 118.1564 2.5149
v  -6.5314 118.1564 1.8105
v  -6.7194 117.3578 -3.7623
v  -1.8420 118.1564 -6.4990
v  18.3605 48.6596 -0.2900
v  17.5505 50.5024 -5.5675
v  15.7191 49.5856 -5.1670
v  17.9647 49.8548 5.3660
v  -8.7834 61.3256 5.7334
v  0.7323 61.6119 -8.8766
v  8.4125 50.6784 7.1510
v  -1.5705 33.3658 7.0942
v  14.0769 48.4058 -4.1158
# 627 vertices

vn -0.5512 0.6086 -0.5707
vn -0.7020 0.6038 -0.3776
vn -0.7168 0.5794 -0.3879
vn -0.5635 0.5849 -0.5835
vn -0.7255 0.5644 -0.3938
vn -0.5711 0.5695 -0.5912
vn -0.4765 0.7277 -0.4934
vn -0.6222 0.7165 -0.3155
vn -0.6527 0.6770 -0.3400
vn -0.5058 0.6855 -0.5237
vn -0.6733 0.6479 -0.3564
vn -0.5251 0.6548 -0.5437
vn -0.2936 0.7165 -0.6328
vn -0.3171 0.6770 -0.6642
vn -0.3327 0.6479 -0.6853
vn -0.4190 0.7977 -0.4338
vn -0.5615 0.7841 -0.2644
vn -0.5929 0.7507 -0.2914
vn -0.4489 0.7631 -0.4648
vn -0.2447 0.7841 -0.5704
vn -0.2705 0.7507 -0.6027
vn -0.3504 0.8635 -0.3628
vn -0.4908 0.8477 -0.2013
vn -0.5260 0.8179 -0.2332
vn -0.3847 0.8326 -0.3984
vn -0.1841 0.8477 -0.4975
vn -0.2147 0.8179 -0.5338
vn -0.3242 0.8844 -0.3357
vn -0.4642 0.8679 -0.1767
vn -0.3154 0.8910 -0.3266
vn -0.4553 0.8743 -0.1683
vn -0.1605 0.8679 -0.4701
vn -0.1524 0.8743 -0.4609
vn -0.5793 0.5520 -0.5998
vn -0.7348 0.5478 -0.4001
vn -0.7418 0.5377 -0.4008
vn -0.5843 0.5410 -0.6049
vn -0.7588 0.5158 -0.3977
vn -0.5959 0.5141 -0.6169
vn -0.7803 0.4912 -0.3872
vn -0.6115 0.4747 -0.6330
vn -0.8051 0.4653 -0.3678
vn -0.6150 0.4648 -0.6369
vn -0.3744 0.5472 -0.7486
vn -0.3721 0.5540 -0.7448
vn -0.5761 0.5589 -0.5965
vn -0.3683 0.5643 -0.7389
vn 0.0000 0.5737 0.8191
vn 0.2471 0.5704 0.7833
vn 0.2509 0.5449 0.8001
vn 0.0000 0.5489 0.8359
vn 0.2534 0.5278 0.8107
vn 0.0000 0.5314 0.8471
vn 0.0000 0.6986 0.7155
vn 0.2319 0.6884 0.6873
vn 0.2371 0.6469 0.7247
vn 0.0000 0.6542 0.7563
vn 0.2408 0.6164 0.7497
vn 0.0000 0.6220 0.7830
vn -0.2319 0.6884 0.6873
vn -0.2371 0.6469 0.7247
vn -0.2408 0.6164 0.7497
vn 0.0000 0.7725 0.6350
vn 0.2230 0.7598 0.6107
vn 0.2272 0.7245 0.6507
vn 0.0000 0.7360 0.6770
vn -0.2230 0.7598 0.6107
vn -0.2272 0.7245 0.6507
vn 0.0000 0.8428 0.5382
vn 0.2154 0.8277 0.5182
vn 0.2189 0.7958 0.5647
vn 0.0000 0.8097 0.5868
vn -0.2154 0.8277 0.5182
vn -0.2189 0.7958 0.5647
vn -0.0000 0.8653 0.5013
vn 0.2132 0.8494 0.4827
vn -0.0000 0.8724 0.4888
vn 0.2125 0.8563 0.4707
vn -0.2132 0.8494 0.4827
vn -0.2125 0.8563 0.4707
vn 0.0000 0.5140 0.8578
vn 0.2559 0.5113 0.8205
vn 0.2584 0.5061 0.8228
vn 0.0000 0.5084 0.8611
vn 0.2668 0.4940 0.8275
vn 0.0001 0.4936 0.8697
vn 0.2801 0.4809 0.8309
vn 0.0000 0.4730 0.8811
vn 0.2981 0.4676 0.8321
vn -0.0000 0.4679 0.8838
vn -0.2559 0.5109 0.8206
vn -0.2551 0.5163 0.8175
vn 0.0000 0.5195 0.8545
vn -0.2535 0.5277 0.8107
vn -0.7460 0.5737 0.3381
vn -0.5923 0.5690 0.5704
vn -0.6075 0.5399 0.5826
vn -0.7639 0.5445 0.3462
vn -0.6209 0.5115 0.5940
vn -0.7807 0.5151 0.3538
vn -0.6517 0.6986 0.2954
vn -0.5129 0.6861 0.5159
vn -0.5442 0.6449 0.5365
vn -0.6889 0.6542 0.3122
vn -0.5651 0.6146 0.5504
vn -0.7132 0.6220 0.3232
vn -0.7265 0.6857 0.0457
vn -0.7625 0.6446 0.0557
vn -0.7866 0.6143 0.0622
vn -0.5783 0.7725 0.2621
vn -0.4479 0.7570 0.4758
vn -0.4821 0.7219 0.4964
vn -0.6166 0.7360 0.2795
vn -0.6536 0.7565 0.0234
vn -0.6916 0.7215 0.0355
vn -0.4903 0.8428 0.2222
vn -0.3680 0.8242 0.4304
vn -0.4083 0.7926 0.4528
vn -0.5345 0.8097 0.2422
vn -0.5670 0.8237 -0.0066
vn -0.6104 0.7921 0.0088
vn -0.4450 0.8724 0.2021
vn -0.3266 0.8526 0.4080
vn -0.3371 0.8458 0.4136
vn -0.4566 0.8653 0.2069
vn -0.5340 0.8453 -0.0188
vn -0.5229 0.8521 -0.0231
vn -0.6295 0.4917 0.6017
vn -0.7919 0.4941 0.3589
vn -0.6329 0.4835 0.6048
vn -0.7963 0.4854 0.3609
vn -0.8674 0.4916 0.0768
vn -0.8560 0.5114 0.0754
vn -0.8720 0.4833 0.0773
vn 0.7865 0.6097 -0.0984
vn 0.7851 0.6054 0.1309
vn 0.7740 0.6197 0.1301
vn 0.7745 0.6250 -0.0976
vn 0.7522 0.6462 0.1288
vn 0.7528 0.6513 -0.0953
vn 0.7307 0.6706 0.1280
vn 0.7314 0.6756 -0.0931
vn 0.7150 0.6874 0.1277
vn 0.7134 0.6948 -0.0912
vn 0.5906 0.7535 -0.2888
vn 0.6408 0.7632 -0.0831
vn 0.5999 0.7962 -0.0786
vn 0.5512 0.7858 -0.2806
vn 0.5556 0.8282 -0.0736
vn 0.5080 0.8172 -0.2723
vn 0.6478 0.7510 0.1279
vn 0.6089 0.7828 0.1285
vn 0.5668 0.8136 0.1298
vn 0.5053 0.8603 -0.0679
vn 0.4591 0.8484 -0.2634
vn 0.4549 0.8884 -0.0622
vn 0.4100 0.8757 -0.2551
vn 0.5188 0.8447 0.1320
vn 0.4707 0.8719 0.1348
vn 0.4168 0.9072 -0.0579
vn 0.3730 0.8938 -0.2491
vn 0.4031 0.9131 -0.0617
vn 0.3608 0.8993 -0.2472
vn 0.4340 0.8904 0.1372
vn 0.4214 0.8963 0.1382
vn 0.7305 0.6021 -0.3221
vn 0.7399 0.5892 -0.3246
vn 0.7962 0.5967 -0.1000
vn 0.7498 0.5751 -0.3273
vn 0.8066 0.5824 -0.1009
vn 0.7939 0.5937 0.1315
vn 0.8040 0.5798 0.1321
vn -0.4741 0.5875 0.6558
vn -0.6431 0.5834 0.4960
vn -0.6338 0.6004 0.4876
vn -0.4662 0.6050 0.6454
vn -0.6182 0.6277 0.4731
vn -0.4534 0.6321 0.6284
vn -0.6032 0.6527 0.4584
vn -0.4407 0.6571 0.6115
vn -0.5923 0.6700 0.4475
vn -0.4300 0.6769 0.5974
vn -0.2008 0.7383 0.6439
vn -0.3871 0.7474 0.5399
vn -0.3629 0.7816 0.5074
vn -0.1803 0.7717 0.6099
vn -0.3367 0.8147 0.4721
vn -0.1574 0.8042 0.5731
vn -0.5471 0.7356 0.3994
vn -0.5212 0.7685 0.3712
vn -0.4937 0.8004 0.3400
vn -0.3069 0.8481 0.4319
vn -0.1310 0.8368 0.5316
vn -0.2770 0.8775 0.3915
vn -0.1040 0.8653 0.4904
vn -0.4628 0.8327 0.3040
vn -0.4322 0.8612 0.2675
vn -0.2543 0.8972 0.3610
vn -0.0835 0.8843 0.4594
vn -0.2422 0.9035 0.3537
vn -0.0766 0.8901 0.4493
vn -0.4090 0.8806 0.2393
vn -0.4012 0.8868 0.2295
vn -0.2698 0.5811 0.7678
vn -0.2742 0.5675 0.7764
vn -0.4802 0.5733 0.6639
vn -0.2782 0.5545 0.7843
vn -0.4857 0.5600 0.6712
vn -0.6501 0.5702 0.5022
vn -0.6567 0.5572 0.5082
vn -0.3746 0.6631 -0.6480
vn -0.1693 0.6568 -0.7348
vn -0.1700 0.6547 -0.7365
vn -0.3757 0.6611 -0.6494
vn -0.1620 0.6799 -0.7152
vn -0.3647 0.6862 -0.6295
vn -0.1538 0.7029 -0.6944
vn -0.3538 0.7091 -0.6099
vn -0.1476 0.7189 -0.6793
vn -0.3448 0.7273 -0.5934
vn -0.4762 0.7809 -0.4044
vn -0.3080 0.7916 -0.5277
vn -0.2875 0.8225 -0.4908
vn -0.4530 0.8111 -0.3700
vn -0.2651 0.8522 -0.4510
vn -0.4284 0.8402 -0.3324
vn -0.1197 0.7788 -0.6158
vn -0.1032 0.8085 -0.5793
vn -0.0849 0.8372 -0.5403
vn -0.2398 0.8819 -0.4060
vn -0.4009 0.8691 -0.2897
vn -0.2146 0.9075 -0.3610
vn -0.3740 0.8940 -0.2467
vn -0.0635 0.8659 -0.4961
vn -0.0416 0.8909 -0.4523
vn -0.1955 0.9246 -0.3270
vn -0.3540 0.9103 -0.2144
vn -0.1936 0.9299 -0.3128
vn -0.3474 0.9153 -0.2037
vn -0.0246 0.9077 -0.4189
vn -0.0187 0.9130 -0.4075
vn -0.5543 0.6539 -0.5148
vn -0.5598 0.6431 -0.5225
vn -0.3799 0.6515 -0.6567
vn -0.5757 0.6111 -0.5432
vn -0.3928 0.6187 -0.6804
vn -0.1726 0.6464 -0.7432
vn -0.1816 0.6143 -0.7679
vn 0.3519 0.7168 -0.6019
vn 0.5221 0.7108 -0.4714
vn 0.5474 0.6688 -0.5030
vn 0.3710 0.6757 -0.6370
vn 0.5328 0.6935 -0.4851
vn 0.3589 0.7002 -0.6172
vn 0.5187 0.7160 -0.4673
vn 0.3471 0.7226 -0.5978
vn 0.5086 0.7315 -0.4541
vn 0.3372 0.7403 -0.5816
vn 0.1087 0.7918 -0.6010
vn 0.2978 0.8030 -0.5162
vn 0.2758 0.8330 -0.4797
vn 0.0900 0.8212 -0.5635
vn 0.2521 0.8617 -0.4403
vn 0.0693 0.8494 -0.5232
vn 0.4670 0.7899 -0.3975
vn 0.4434 0.8188 -0.3647
vn 0.4185 0.8466 -0.3290
vn 0.2253 0.8903 -0.3956
vn 0.0454 0.8772 -0.4779
vn 0.1986 0.9150 -0.3511
vn 0.0212 0.9012 -0.4330
vn 0.3906 0.8743 -0.2881
vn 0.3633 0.8983 -0.2470
vn 0.1785 0.9313 -0.3175
vn 0.0029 0.9168 -0.3994
vn 0.1670 0.9364 -0.3087
vn -0.0032 0.9215 -0.3884
vn 0.3427 0.9144 -0.2155
vn 0.3358 0.9195 -0.2046
vn 0.1525 0.7046 -0.6930
vn 0.1574 0.6893 -0.7072
vn 0.3567 0.7003 -0.6183
vn 0.1851 0.6087 -0.7715
vn 0.3967 0.6169 -0.6798
vn 0.5303 0.6988 -0.4800
vn 0.5782 0.6136 -0.5378
vn 0.6222 0.6086 -0.4924
vn 0.4449 0.6038 -0.6614
vn 0.4566 0.5794 -0.6752
vn 0.6361 0.5849 -0.5033
vn 0.4633 0.5644 -0.6832
vn 0.6445 0.5698 -0.5098
vn 0.5379 0.7277 -0.4256
vn 0.3752 0.7165 -0.5882
vn 0.4026 0.6770 -0.6161
vn 0.5710 0.6855 -0.4518
vn 0.4209 0.6479 -0.6349
vn 0.5927 0.6548 -0.4690
vn 0.6587 0.7165 -0.2299
vn 0.6922 0.6770 -0.2502
vn 0.7147 0.6479 -0.2637
vn 0.4730 0.7977 -0.3742
vn 0.3184 0.7841 -0.5327
vn 0.3483 0.7507 -0.5614
vn 0.5068 0.7631 -0.4010
vn 0.5917 0.7841 -0.1874
vn 0.6264 0.7507 -0.2099
vn 0.3955 0.8635 -0.3130
vn 0.2486 0.8477 -0.4686
vn 0.2838 0.8179 -0.5005
vn 0.4343 0.8326 -0.3437
vn 0.5132 0.8477 -0.1342
vn 0.5523 0.8179 -0.1611
vn 0.3660 0.8844 -0.2896
vn 0.2215 0.8679 -0.4445
vn 0.3560 0.8910 -0.2817
vn 0.2123 0.8743 -0.4365
vn 0.4836 0.8679 -0.1134
vn 0.4736 0.8743 -0.1063
vn 0.6535 0.5529 -0.5170
vn 0.4704 0.5479 -0.6918
vn 0.4718 0.5379 -0.6987
vn 0.6588 0.5425 -0.5212
vn 0.4704 0.5158 -0.7160
vn 0.6715 0.5167 -0.5312
vn 0.4621 0.4910 -0.7385
vn 0.6884 0.4791 -0.5446
vn 0.4454 0.4649 -0.7652
vn 0.6922 0.4697 -0.5479
vn 0.7807 0.5490 -0.2985
vn 0.7770 0.5551 -0.2967
vn 0.6500 0.5595 -0.5143
vn 0.7712 0.5648 -0.2937
vn 0.2024 0.5737 -0.7937
vn -0.0751 0.5690 -0.8189
vn -0.0751 0.5399 -0.8384
vn 0.2072 0.5445 -0.8127
vn -0.0756 0.5115 -0.8559
vn 0.2118 0.5151 -0.8306
vn 0.1768 0.6986 -0.6933
vn -0.0822 0.6861 -0.7228
vn -0.0786 0.6449 -0.7602
vn 0.1869 0.6542 -0.7329
vn -0.0765 0.6146 -0.7851
vn 0.1934 0.6220 -0.7588
vn 0.4184 0.6857 -0.5956
vn 0.4331 0.6446 -0.6300
vn 0.4431 0.6143 -0.6529
vn 0.1569 0.7725 -0.6153
vn -0.0914 0.7570 -0.6470
vn -0.0861 0.7219 -0.6866
vn 0.1673 0.7360 -0.6560
vn 0.3902 0.7565 -0.5249
vn 0.4045 0.7215 -0.5620
vn 0.1330 0.8428 -0.5216
vn -0.1059 0.8242 -0.5563
vn -0.0982 0.7926 -0.6018
vn 0.1450 0.8097 -0.5686
vn 0.3596 0.8237 -0.4385
vn 0.3746 0.7921 -0.4820
vn 0.1204 0.8724 -0.4737
vn -0.1144 0.8526 -0.5099
vn -0.1121 0.8458 -0.5216
vn 0.1238 0.8653 -0.4858
vn 0.3485 0.8453 -0.4051
vn 0.3448 0.8521 -0.3938
vn -0.0762 0.4917 -0.8674
vn 0.2148 0.4941 -0.8425
vn -0.0766 0.4833 -0.8721
vn 0.2160 0.4854 -0.8472
vn 0.4822 0.4916 -0.7251
vn 0.4762 0.5114 -0.7154
vn 0.4847 0.4833 -0.7290
vn 0.7137 0.5736 0.4019
vn 0.8295 0.5565 -0.0486
vn 0.8464 0.5305 -0.0470
vn 0.7308 0.5445 0.4115
vn 0.8619 0.5050 -0.0464
vn 0.7469 0.5150 0.4206
vn 0.6234 0.6986 0.3511
vn 0.7452 0.6635 -0.0670
vn 0.7779 0.6257 -0.0587
vn 0.6591 0.6541 0.3711
vn 0.7998 0.5979 -0.0534
vn 0.6823 0.6219 0.3842
vn 0.3295 0.6629 0.6723
vn 0.3535 0.6252 0.6959
vn 0.3693 0.5975 0.7118
vn 0.5533 0.7725 0.3116
vn 0.6796 0.7285 -0.0870
vn 0.7137 0.6963 -0.0759
vn 0.5899 0.7360 0.3322
vn 0.2786 0.7278 0.6267
vn 0.3057 0.6957 0.6501
vn 0.4690 0.8428 0.2641
vn 0.6017 0.7902 -0.1161
vn 0.6406 0.7612 -0.1009
vn 0.5113 0.8097 0.2879
vn 0.2136 0.7895 0.5754
vn 0.2466 0.7605 0.6007
vn 0.4368 0.8653 0.2460
vn 0.5721 0.8101 -0.1283
vn 0.4262 0.8724 0.2393
vn 0.5622 0.8163 -0.1326
vn 0.1879 0.8094 0.5564
vn 0.1791 0.8156 0.5501
vn 0.8721 0.4871 -0.0464
vn 0.7576 0.4941 0.4266
vn 0.8762 0.4797 -0.0465
vn 0.7618 0.4855 0.4290
vn 0.4126 0.4870 0.7698
vn 0.4073 0.5048 0.7611
vn 0.4146 0.4797 0.7733
vn -0.5709 0.8192 0.0535
vn -0.5624 0.8116 -0.1580
vn -0.4982 0.8531 -0.1553
vn -0.5071 0.8603 0.0528
vn -0.3998 0.9039 -0.1520
vn -0.4114 0.9100 0.0515
vn -0.3120 0.9383 -0.1495
vn -0.3238 0.9448 0.0501
vn -0.2718 0.9509 -0.1481
vn -0.2732 0.9607 0.0492
vn -0.0383 0.9720 0.2319
vn -0.0447 0.9980 0.0451
vn 0.0986 0.9943 0.0416
vn 0.0988 0.9706 0.2195
vn 0.2467 0.9684 0.0377
vn 0.2391 0.9492 0.2044
vn -0.0602 0.9878 -0.1434
vn 0.0786 0.9874 -0.1373
vn 0.2197 0.9669 -0.1296
vn 0.3976 0.9170 0.0324
vn 0.3865 0.9039 0.1832
vn 0.5269 0.8495 0.0268
vn 0.5150 0.8423 0.1590
vn 0.3697 0.9216 -0.1184
vn 0.5009 0.8591 -0.1050
vn 0.6091 0.7928 0.0231
vn 0.6030 0.7859 0.1371
vn 0.6327 0.7740 0.0245
vn 0.6314 0.7647 0.1284
vn 0.5923 0.8005 -0.0909
vn 0.6229 0.7778 -0.0839
vn -0.5386 0.8009 0.2617
vn -0.6083 0.7470 0.2683
vn -0.6483 0.7594 0.0549
vn -0.6956 0.6631 0.2765
vn -0.7394 0.6708 0.0568
vn -0.6348 0.7553 -0.1626
vn -0.7243 0.6688 -0.1678
vn -0.3529 0.6038 -0.7147
vn -0.3627 0.5794 -0.7299
vn -0.3750 0.5368 -0.7558
vn -0.3714 0.5143 -0.7730
vn -0.7311 0.5544 -0.3976
vn -0.3601 0.4889 -0.7946
vn -0.3398 0.4619 -0.8192
vn -0.2471 0.5704 0.7833
vn -0.2509 0.5449 0.8001
vn -0.2585 0.5056 0.8231
vn -0.2670 0.4932 0.8279
vn 0.2551 0.5165 0.8174
vn -0.2805 0.4796 0.8315
vn -0.2987 0.4658 0.8329
vn -0.8196 0.5688 0.0694
vn -0.8387 0.5397 0.0728
vn -0.6315 0.4771 0.6112
vn -0.8003 0.4773 0.3630
vn -0.7979 0.4821 0.3618
vn -0.6334 0.4805 0.6066
vn -0.8740 0.4800 0.0764
vn -0.8768 0.4754 0.0719
vn -0.6213 0.4599 0.6344
vn -0.8096 0.4575 0.3678
vn -0.8074 0.4627 0.3662
vn -0.6273 0.4704 0.6206
vn -0.8822 0.4667 0.0621
vn -0.8899 0.4537 0.0478
vn 0.7184 0.6183 -0.3187
vn 0.6967 0.6456 -0.3128
vn 0.7625 0.5372 -0.3605
vn 0.8367 0.5377 -0.1043
vn 0.8165 0.5683 -0.1021
vn 0.7562 0.5616 -0.3358
vn 0.8120 0.5669 0.1390
vn 0.8239 0.5432 0.1618
vn 0.7488 0.4800 -0.4570
vn 0.8663 0.4886 -0.1034
vn 0.8619 0.4957 -0.1070
vn 0.7620 0.5108 -0.3980
vn 0.8320 0.5181 0.1985
vn 0.8326 0.4899 0.2584
vn -0.2639 0.5991 0.7560
vn -0.2538 0.6272 0.7364
vn -0.2651 0.5250 0.8088
vn -0.4997 0.5234 0.6902
vn -0.4903 0.5482 0.6776
vn -0.2765 0.5438 0.7924
vn -0.6655 0.5458 0.5091
vn -0.6861 0.5256 0.5031
vn -0.2005 0.4836 0.8520
vn -0.5151 0.4845 0.7071
vn -0.5121 0.4900 0.7054
vn -0.2424 0.5054 0.8281
vn -0.7131 0.5042 0.4871
vn -0.7510 0.4797 0.4538
vn -0.5547 0.6532 -0.5154
vn -0.5405 0.6791 -0.4966
vn -0.6294 0.5554 -0.5434
vn -0.4174 0.5496 -0.7237
vn -0.4015 0.5959 -0.6955
vn -0.5927 0.5899 -0.5483
vn -0.1770 0.5927 -0.7858
vn -0.1534 0.5573 -0.8160
vn -0.7424 0.4818 -0.4656
vn -0.4334 0.4862 -0.7588
vn -0.4334 0.4938 -0.7539
vn -0.6770 0.5198 -0.5211
vn -0.1093 0.5210 -0.8465
vn -0.0268 0.4817 -0.8759
vn 0.1675 0.6673 -0.7257
vn 0.1580 0.6926 -0.7038
vn 0.1474 0.5403 -0.8284
vn 0.4287 0.5279 -0.7332
vn 0.4087 0.5855 -0.7001
vn 0.1772 0.5797 -0.7953
vn 0.6033 0.5848 -0.5422
vn 0.6476 0.5458 -0.5318
vn -0.0179 0.4681 -0.8835
vn 0.4482 0.4773 -0.7558
vn 0.4436 0.4808 -0.7563
vn 0.0887 0.5015 -0.8606
vn 0.7041 0.5083 -0.4959
vn 0.7755 0.4776 -0.4129
vn 0.7460 0.6038 -0.2809
vn 0.7620 0.5794 -0.2891
vn 0.7873 0.5396 -0.2982
vn 0.8032 0.5188 -0.2928
vn 0.4676 0.5544 -0.6884
vn 0.8224 0.4955 -0.2796
vn 0.8435 0.4714 -0.2574
vn 0.4580 0.5688 -0.6832
vn 0.4673 0.5397 -0.7002
vn -0.0830 0.4736 -0.8768
vn 0.2176 0.4745 -0.8529
vn 0.2166 0.4814 -0.8493
vn -0.0778 0.4795 -0.8741
vn 0.4867 0.4796 -0.7301
vn 0.4923 0.4743 -0.7298
vn -0.1108 0.4470 -0.8877
vn 0.2217 0.4487 -0.8658
vn 0.2200 0.4553 -0.8627
vn -0.0942 0.4628 -0.8815
vn 0.5038 0.4646 -0.7282
vn 0.5206 0.4502 -0.7255
vn 0.3887 0.5561 0.7346
vn 0.3988 0.5302 0.7482
vn 0.8791 0.4735 -0.0545
vn 0.7650 0.4787 0.4309
vn 0.7632 0.4825 0.4299
vn 0.8776 0.4769 -0.0480
vn 0.4140 0.4773 0.7751
vn 0.4092 0.4753 0.7789
vn 0.8854 0.4561 -0.0899
vn 0.7706 0.4623 0.4387
vn 0.7713 0.4657 0.4339
vn 0.8814 0.4675 -0.0675
vn 0.3996 0.4713 0.7863
vn 0.3833 0.4631 0.7992
vn -0.4751 0.8413 0.2578
vn -0.3781 0.8908 0.2520
vn -0.7821 0.5327 0.3232
vn -0.8510 0.5216 0.0611
vn -0.8017 0.5948 0.0590
vn -0.7509 0.5912 0.2942
vn -0.7835 0.5939 -0.1828
vn -0.8200 0.5325 -0.2100
vn -0.7927 0.4683 0.3903
vn -0.8823 0.4667 0.0608
vn -0.8795 0.4720 0.0616
vn -0.7944 0.4937 0.3538
vn -0.8373 0.4910 -0.2403
vn -0.8417 0.4623 -0.2791
vn -0.6854 0.6297 -0.3655
vn -0.5370 0.6344 -0.5561
vn -0.3415 0.6297 -0.6977
vn 0.2433 0.5974 0.7641
vn 0.0000 0.6006 0.7995
vn -0.2433 0.5974 0.7641
vn -0.5769 0.5957 0.5589
vn -0.7282 0.6006 0.3300
vn -0.8007 0.5954 0.0655
vn 0.6845 0.7237 -0.0879
vn 0.6315 0.7160 -0.2975
vn 0.6592 0.6880 -0.3035
vn 0.6880 0.7144 0.1277
vn -0.4130 0.7067 0.5745
vn -0.2216 0.6996 0.6793
vn -0.2357 0.6707 0.7033
vn -0.5741 0.6978 0.4283
vn -0.3300 0.7545 -0.5672
vn -0.5005 0.7456 -0.4399
vn -0.5170 0.7192 -0.4641
vn -0.1364 0.7443 -0.6537
vn 0.3215 0.7669 -0.5554
vn 0.1279 0.7575 -0.6402
vn 0.1410 0.7318 -0.6668
vn 0.4918 0.7563 -0.4314
vn 0.4312 0.6297 -0.6461
vn 0.6062 0.6344 -0.4797
vn 0.7279 0.6297 -0.2711
vn -0.0757 0.5957 -0.7996
vn 0.1975 0.6006 -0.7748
vn 0.4494 0.5954 -0.6660
vn 0.8128 0.5803 -0.0510
vn 0.6967 0.6005 0.3923
vn 0.3780 0.5800 0.7216
vn -0.1931 0.9800 0.0481
vn -0.1737 0.9548 0.2413
vn -0.2512 0.9365 0.2448
vn -0.1959 0.9695 -0.1471
vn 0.6751 0.6706 -0.3073
vn -0.2435 0.6529 0.7172
vn -0.5269 0.7028 -0.4779
vn 0.1483 0.7158 -0.6824
vn -0.2913 0.9242 0.2470
# 627 vertex normals

vt 0.5000 0.1950 0.0000
vt 0.2188 0.1950 0.0000
vt 0.2500 0.1300 0.0000
vt 0.5000 0.1300 0.0000
vt 0.2500 0.0750 0.0000
vt 0.5000 0.0750 0.0000
vt 0.5000 0.4125 0.0000
vt 0.0000 0.4125 0.0000
vt 0.0000 0.3500 0.0000
vt 0.5000 0.3500 0.0000
vt 0.0313 0.3000 0.0000
vt 0.5000 0.3000 0.0000
vt 1.0000 0.4125 0.0000
vt 1.0000 0.3500 0.0000
vt 0.9688 0.3000 0.0000
vt 0.5000 0.6000 0.0000
vt 0.0000 0.6000 0.0000
vt 0.0000 0.5000 0.0000
vt 0.5000 0.5000 0.0000
vt 1.0000 0.6000 0.0000
vt 1.0000 0.5000 0.0000
vt 0.5000 0.7992 0.0000
vt 0.0000 0.7992 0.0000
vt 0.0000 0.7000 0.0000
vt 0.5000 0.7000 0.0000
vt 1.0000 0.7992 0.0000
vt 1.0000 0.7000 0.0000
vt 0.5000 0.8970 0.0000
vt 0.0000 0.8970 0.0000
vt 0.5000 0.9940 0.0000
vt 0.0000 0.9940 0.0000
vt 1.0000 0.8970 0.0000
vt 1.0000 0.9940 0.0000
vt 0.5000 0.0400 0.0000
vt 0.2500 0.0400 0.0000
vt 0.2500 0.0300 0.0000
vt 0.5000 0.0300 0.0000
vt 0.2500 0.0200 0.0000
vt 0.5000 0.0200 0.0000
vt 0.2500 0.0100 0.0000
vt 0.5000 0.0100 0.0000
vt 0.2500 0.0000 0.0000
vt 0.5000 0.0000 0.0000
vt 0.7500 0.0400 0.0000
vt 0.7500 0.0500 0.0000
vt 0.5000 0.0500 0.0000
vt 0.7500 0.0750 0.0000
vt 0.2500 0.0500 0.0000
vt 0.7500 0.1300 0.0000
vt 0.7813 0.1950 0.0000
vt 0.8750 0.2500 0.0000
vt 0.5000 0.2500 0.0000
vt 0.7500 0.0300 0.0000
vt 0.7500 0.0200 0.0000
vt 0.7500 0.0100 0.0000
vt 0.7500 0.0000 0.0000
vt 0.1250 0.2500 0.0000
# 57 texture coords

o PalmPlant_LOD1
g PalmPlant_LOD1
usemtl Material__25
s 2
f 1046/96/1046 1047/97/1047 1048/98/1048 1049/99/1049 
f 1050/100/1050 1051/101/1051 1049/99/1049 1048/98/1048 
f 1052/102/1052 1053/103/1053 1054/104/1054 1055/105/1055 
f 1056/106/1056 1057/107/1057 1055/105/1055 1054/104/1054 
f 1058/108/1058 1052/102/1052 1055/105/1055 1059/109/1059 
f 1057/107/1057 1060/110/1060 1059/109/1059 1055/105/1055 
f 1061/111/1061 1062/112/1062 1063/113/1063 1064/114/1064 
f 1053/103/1053 1052/102/1052 1064/114/1064 1063/113/1063 
f 1065/115/1065 1061/111/1061 1064/114/1064 1066/116/1066 
f 1052/102/1052 1058/108/1058 1066/116/1066 1064/114/1064 
f 1067/117/1067 1068/118/1068 1069/119/1069 1070/120/1070 
f 1062/112/1062 1061/111/1061 1070/120/1070 1069/119/1069 
f 1071/121/1071 1067/117/1067 1070/120/1070 1072/122/1072 
f 1061/111/1061 1065/115/1065 1072/122/1072 1070/120/1070 
f 1067/117/1067 1073/123/1073 1074/124/1074 1068/118/1068 
f 1073/123/1073 1075/125/1075 1076/126/1076 1074/124/1074 
f 1067/117/1067 1071/121/1071 1077/127/1077 1073/123/1073 
f 1078/128/1078 1075/125/1075 1073/123/1073 1077/127/1077 
f 1079/129/1079 1080/130/1080 1081/131/1081 1082/132/1082 
f 1083/133/1083 1084/134/1084 1082/132/1082 1081/131/1081 
f 1084/134/1084 1083/133/1083 1085/135/1085 1086/136/1086 
f 1087/137/1087 1088/138/1088 1086/136/1086 1085/135/1085 
f 1079/129/1079 1089/139/1089 1090/140/1090 1091/141/1091 
f 1092/142/1092 1051/101/1051 1091/141/1091 1090/140/1090 
f 1093/96/1093 1094/97/1094 1095/98/1095 1096/99/1096 
f 1097/100/1097 1098/101/1098 1096/99/1096 1095/98/1095 
f 1099/102/1099 1100/103/1100 1101/104/1101 1102/105/1102 
f 1103/106/1103 1104/107/1104 1102/105/1102 1101/104/1101 
f 1105/108/1105 1099/102/1099 1102/105/1102 1106/109/1106 
f 1104/107/1104 1107/110/1107 1106/109/1106 1102/105/1102 
f 1108/111/1108 1109/112/1109 1110/113/1110 1111/114/1111 
f 1100/103/1100 1099/102/1099 1111/114/1111 1110/113/1110 
f 1112/115/1112 1108/111/1108 1111/114/1111 1113/116/1113 
f 1099/102/1099 1105/108/1105 1113/116/1113 1111/114/1111 
f 1114/117/1114 1115/118/1115 1116/119/1116 1117/120/1117 
f 1109/112/1109 1108/111/1108 1117/120/1117 1116/119/1116 
f 1118/121/1118 1114/117/1114 1117/120/1117 1119/122/1119 
f 1108/111/1108 1112/115/1112 1119/122/1119 1117/120/1117 
f 1114/117/1114 1120/123/1120 1121/124/1121 1115/118/1115 
f 1120/123/1120 1122/125/1122 1123/126/1123 1121/124/1121 
f 1114/117/1114 1118/121/1118 1124/127/1124 1120/123/1120 
f 1125/128/1125 1122/125/1122 1120/123/1120 1124/127/1124 
f 1126/129/1126 1127/130/1127 1128/131/1128 1129/132/1129 
f 1130/133/1130 1131/134/1131 1129/132/1129 1128/131/1128 
f 1131/134/1131 1130/133/1130 1132/135/1132 1133/136/1133 
f 1134/137/1134 1135/138/1135 1133/136/1133 1132/135/1132 
f 1126/129/1126 1136/139/1136 1137/140/1137 1138/141/1138 
f 1139/142/1139 1098/101/1098 1138/141/1138 1137/140/1137 
f 1140/96/1140 1141/97/1141 1142/98/1142 1143/99/1143 
f 1144/100/1144 1145/101/1145 1143/99/1143 1142/98/1142 
f 1146/102/1146 1147/103/1147 1148/104/1148 1149/105/1149 
f 1150/106/1150 1151/107/1151 1149/105/1149 1148/104/1148 
f 1152/108/1152 1146/102/1146 1149/105/1149 1153/109/1153 
f 1151/107/1151 1154/110/1154 1153/109/1153 1149/105/1149 
f 1155/111/1155 1156/112/1156 1157/113/1157 1158/114/1158 
f 1147/103/1147 1146/102/1146 1158/114/1158 1157/113/1157 
f 1159/115/1159 1155/111/1155 1158/114/1158 1160/116/1160 
f 1146/102/1146 1152/108/1152 1160/116/1160 1158/114/1158 
f 1161/117/1161 1162/118/1162 1163/119/1163 1164/120/1164 
f 1156/112/1156 1155/111/1155 1164/120/1164 1163/119/1163 
f 1165/121/1165 1161/117/1161 1164/120/1164 1166/122/1166 
f 1155/111/1155 1159/115/1159 1166/122/1166 1164/120/1164 
f 1167/125/1167 1168/126/1168 1169/124/1169 1170/123/1170 
f 1162/118/1162 1161/117/1161 1170/123/1170 1169/124/1169 
f 1161/117/1161 1165/121/1165 1171/127/1171 1170/123/1170 
f 1172/128/1172 1167/125/1167 1170/123/1170 1171/127/1171 
f 1145/101/1145 1144/100/1144 1173/143/1173 1174/141/1174 
f 1175/130/1175 1176/129/1176 1174/141/1174 1173/143/1173 
f 1145/101/1145 1174/141/1174 1177/140/1177 1178/142/1178 
f 1174/141/1174 1176/129/1176 1179/139/1179 1177/140/1177 
f 1180/101/1180 1181/142/1181 1182/144/1182 1183/99/1183 
f 1184/145/1184 1185/96/1185 1183/99/1183 1182/144/1182 
f 1185/96/1185 1184/145/1184 1186/146/1186 1187/147/1187 
f 1188/110/1188 1189/107/1189 1187/147/1187 1186/146/1186 
f 1190/103/1190 1191/102/1191 1192/114/1192 1193/113/1193 
f 1194/111/1194 1195/112/1195 1193/113/1193 1192/114/1192 
f 1191/102/1191 1196/108/1196 1197/116/1197 1192/114/1192 
f 1198/115/1198 1194/111/1194 1192/114/1192 1197/116/1197 
f 1195/112/1195 1194/111/1194 1199/120/1199 1200/119/1200 
f 1201/117/1201 1202/118/1202 1200/119/1200 1199/120/1199 
f 1194/111/1194 1198/115/1198 1203/122/1203 1199/120/1199 
f 1204/121/1204 1201/117/1201 1199/120/1199 1203/122/1203 
f 1202/118/1202 1201/117/1201 1205/123/1205 1206/124/1206 
f 1207/125/1207 1208/126/1208 1206/124/1206 1205/123/1205 
f 1201/117/1201 1204/121/1204 1209/127/1209 1205/123/1205 
f 1210/128/1210 1207/125/1207 1205/123/1205 1209/127/1209 
f 1180/101/1180 1211/100/1211 1212/143/1212 1213/141/1213 
f 1214/130/1214 1215/129/1215 1213/141/1213 1212/143/1212 
f 1180/101/1180 1213/141/1213 1216/140/1216 1181/142/1181 
f 1213/141/1213 1215/129/1215 1217/139/1217 1216/140/1216 
f 1218/101/1218 1219/142/1219 1220/144/1220 1221/99/1221 
f 1222/145/1222 1223/96/1223 1221/99/1221 1220/144/1220 
f 1223/96/1223 1222/145/1222 1224/146/1224 1225/147/1225 
f 1226/110/1226 1227/107/1227 1225/147/1225 1224/146/1224 
f 1228/103/1228 1229/102/1229 1230/114/1230 1231/113/1231 
f 1232/111/1232 1233/112/1233 1231/113/1231 1230/114/1230 
f 1229/102/1229 1234/108/1234 1235/116/1235 1230/114/1230 
f 1236/115/1236 1232/111/1232 1230/114/1230 1235/116/1235 
f 1233/112/1233 1232/111/1232 1237/120/1237 1238/119/1238 
f 1239/117/1239 1240/118/1240 1238/119/1238 1237/120/1237 
f 1232/111/1232 1236/115/1236 1241/122/1241 1237/120/1237 
f 1242/121/1242 1239/117/1239 1237/120/1237 1241/122/1241 
f 1240/118/1240 1239/117/1239 1243/123/1243 1244/124/1244 
f 1245/125/1245 1246/126/1246 1244/124/1244 1243/123/1243 
f 1239/117/1239 1242/121/1242 1247/127/1247 1243/123/1243 
f 1248/128/1248 1245/125/1245 1243/123/1243 1247/127/1247 
f 1218/101/1218 1249/100/1249 1250/143/1250 1251/141/1251 
f 1252/130/1252 1253/129/1253 1251/141/1251 1250/143/1250 
f 1218/101/1218 1251/141/1251 1254/140/1254 1219/142/1219 
f 1251/141/1251 1253/129/1253 1255/139/1255 1254/140/1254 
f 1256/101/1256 1257/142/1257 1258/144/1258 1259/99/1259 
f 1260/145/1260 1261/96/1261 1259/99/1259 1258/144/1258 
f 1261/96/1261 1260/145/1260 1262/146/1262 1263/147/1263 
f 1264/110/1264 1265/107/1265 1263/147/1263 1262/146/1262 
f 1266/103/1266 1267/102/1267 1268/114/1268 1269/113/1269 
f 1270/111/1270 1271/112/1271 1269/113/1269 1268/114/1268 
f 1267/102/1267 1272/108/1272 1273/116/1273 1268/114/1268 
f 1274/115/1274 1270/111/1270 1268/114/1268 1273/116/1273 
f 1271/112/1271 1270/111/1270 1275/120/1275 1276/119/1276 
f 1277/117/1277 1278/118/1278 1276/119/1276 1275/120/1275 
f 1270/111/1270 1274/115/1274 1279/122/1279 1275/120/1275 
f 1280/121/1280 1277/117/1277 1275/120/1275 1279/122/1279 
f 1278/118/1278 1277/117/1277 1281/123/1281 1282/124/1282 
f 1283/125/1283 1284/126/1284 1282/124/1282 1281/123/1281 
f 1277/117/1277 1280/121/1280 1285/127/1285 1281/123/1281 
f 1286/128/1286 1283/125/1283 1281/123/1281 1285/127/1285 
f 1256/101/1256 1287/100/1287 1288/143/1288 1289/141/1289 
f 1290/130/1290 1291/129/1291 1289/141/1289 1288/143/1288 
f 1256/101/1256 1289/141/1289 1292/140/1292 1257/142/1257 
f 1289/141/1289 1291/129/1291 1293/139/1293 1292/140/1292 
f 1294/101/1294 1295/142/1295 1296/144/1296 1297/99/1297 
f 1298/145/1298 1299/96/1299 1297/99/1297 1296/144/1296 
f 1299/96/1299 1298/145/1298 1300/146/1300 1301/147/1301 
f 1302/110/1302 1303/107/1303 1301/147/1301 1300/146/1300 
f 1304/103/1304 1305/102/1305 1306/114/1306 1307/113/1307 
f 1308/111/1308 1309/112/1309 1307/113/1307 1306/114/1306 
f 1305/102/1305 1310/108/1310 1311/116/1311 1306/114/1306 
f 1312/115/1312 1308/111/1308 1306/114/1306 1311/116/1311 
f 1309/112/1309 1308/111/1308 1313/120/1313 1314/119/1314 
f 1315/117/1315 1316/118/1316 1314/119/1314 1313/120/1313 
f 1308/111/1308 1312/115/1312 1317/122/1317 1313/120/1313 
f 1318/121/1318 1315/117/1315 1313/120/1313 1317/122/1317 
f 1316/118/1316 1315/117/1315 1319/123/1319 1320/124/1320 
f 1321/125/1321 1322/126/1322 1320/124/1320 1319/123/1319 
f 1315/117/1315 1318/121/1318 1323/127/1323 1319/123/1319 
f 1324/128/1324 1321/125/1321 1319/123/1319 1323/127/1323 
f 1294/101/1294 1325/100/1325 1326/143/1326 1327/141/1327 
f 1328/130/1328 1329/129/1329 1327/141/1327 1326/143/1326 
f 1294/101/1294 1327/141/1327 1330/140/1330 1295/142/1295 
f 1327/141/1327 1329/129/1329 1331/139/1331 1330/140/1330 
f 1332/96/1332 1333/97/1333 1334/98/1334 1335/99/1335 
f 1336/100/1336 1337/101/1337 1335/99/1335 1334/98/1334 
f 1338/102/1338 1339/103/1339 1340/104/1340 1341/105/1341 
f 1342/106/1342 1343/107/1343 1341/105/1341 1340/104/1340 
f 1344/108/1344 1338/102/1338 1341/105/1341 1345/109/1345 
f 1343/107/1343 1346/110/1346 1345/109/1345 1341/105/1341 
f 1347/111/1347 1348/112/1348 1349/113/1349 1350/114/1350 
f 1339/103/1339 1338/102/1338 1350/114/1350 1349/113/1349 
f 1351/115/1351 1347/111/1347 1350/114/1350 1352/116/1352 
f 1338/102/1338 1344/108/1344 1352/116/1352 1350/114/1350 
f 1353/117/1353 1354/118/1354 1355/119/1355 1356/120/1356 
f 1348/112/1348 1347/111/1347 1356/120/1356 1355/119/1355 
f 1357/121/1357 1353/117/1353 1356/120/1356 1358/122/1358 
f 1347/111/1347 1351/115/1351 1358/122/1358 1356/120/1356 
f 1353/117/1353 1359/123/1359 1360/124/1360 1354/118/1354 
f 1359/123/1359 1361/125/1361 1362/126/1362 1360/124/1360 
f 1353/117/1353 1357/121/1357 1363/127/1363 1359/123/1359 
f 1364/128/1364 1361/125/1361 1359/123/1359 1363/127/1363 
f 1365/129/1365 1366/130/1366 1367/131/1367 1368/132/1368 
f 1369/133/1369 1370/134/1370 1368/132/1368 1367/131/1367 
f 1370/134/1370 1369/133/1369 1371/135/1371 1372/136/1372 
f 1373/137/1373 1374/138/1374 1372/136/1372 1371/135/1371 
f 1365/129/1365 1375/139/1375 1376/140/1376 1377/141/1377 
f 1378/142/1378 1337/101/1337 1377/141/1377 1376/140/1376 
f 1379/96/1379 1380/97/1380 1381/98/1381 1382/99/1382 
f 1383/100/1383 1384/101/1384 1382/99/1382 1381/98/1381 
f 1385/102/1385 1386/103/1386 1387/104/1387 1388/105/1388 
f 1389/106/1389 1390/107/1390 1388/105/1388 1387/104/1387 
f 1391/108/1391 1385/102/1385 1388/105/1388 1392/109/1392 
f 1390/107/1390 1393/110/1393 1392/109/1392 1388/105/1388 
f 1394/111/1394 1395/112/1395 1396/113/1396 1397/114/1397 
f 1386/103/1386 1385/102/1385 1397/114/1397 1396/113/1396 
f 1398/115/1398 1394/111/1394 1397/114/1397 1399/116/1399 
f 1385/102/1385 1391/108/1391 1399/116/1399 1397/114/1397 
f 1400/117/1400 1401/118/1401 1402/119/1402 1403/120/1403 
f 1395/112/1395 1394/111/1394 1403/120/1403 1402/119/1402 
f 1404/121/1404 1400/117/1400 1403/120/1403 1405/122/1405 
f 1394/111/1394 1398/115/1398 1405/122/1405 1403/120/1403 
f 1406/125/1406 1407/126/1407 1408/124/1408 1409/123/1409 
f 1401/118/1401 1400/117/1400 1409/123/1409 1408/124/1408 
f 1400/117/1400 1404/121/1404 1410/127/1410 1409/123/1409 
f 1411/128/1411 1406/125/1406 1409/123/1409 1410/127/1410 
f 1384/101/1384 1383/100/1383 1412/143/1412 1413/141/1413 
f 1414/130/1414 1415/129/1415 1413/141/1413 1412/143/1412 
f 1384/101/1384 1413/141/1413 1416/140/1416 1417/142/1417 
f 1413/141/1413 1415/129/1415 1418/139/1418 1416/140/1416 
f 1419/96/1419 1420/97/1420 1421/98/1421 1422/99/1422 
f 1423/100/1423 1424/101/1424 1422/99/1422 1421/98/1421 
f 1425/102/1425 1426/103/1426 1427/104/1427 1428/105/1428 
f 1429/106/1429 1430/107/1430 1428/105/1428 1427/104/1427 
f 1431/108/1431 1425/102/1425 1428/105/1428 1432/109/1432 
f 1430/107/1430 1433/110/1433 1432/109/1432 1428/105/1428 
f 1434/111/1434 1435/112/1435 1436/113/1436 1437/114/1437 
f 1426/103/1426 1425/102/1425 1437/114/1437 1436/113/1436 
f 1438/115/1438 1434/111/1434 1437/114/1437 1439/116/1439 
f 1425/102/1425 1431/108/1431 1439/116/1439 1437/114/1437 
f 1440/117/1440 1441/118/1441 1442/119/1442 1443/120/1443 
f 1435/112/1435 1434/111/1434 1443/120/1443 1442/119/1442 
f 1444/121/1444 1440/117/1440 1443/120/1443 1445/122/1445 
f 1434/111/1434 1438/115/1438 1445/122/1445 1443/120/1443 
f 1440/117/1440 1446/123/1446 1447/124/1447 1441/118/1441 
f 1446/123/1446 1448/125/1448 1449/126/1449 1447/124/1447 
f 1440/117/1440 1444/121/1444 1450/127/1450 1446/123/1446 
f 1451/128/1451 1448/125/1448 1446/123/1446 1450/127/1450 
f 1424/101/1424 1423/100/1423 1452/143/1452 1453/141/1453 
f 1454/130/1454 1455/129/1455 1453/141/1453 1452/143/1452 
f 1424/101/1424 1453/141/1453 1456/140/1456 1457/142/1457 
f 1453/141/1453 1455/129/1455 1458/139/1458 1456/140/1456 
f 1459/101/1459 1460/142/1460 1461/144/1461 1462/99/1462 
f 1463/145/1463 1464/96/1464 1462/99/1462 1461/144/1461 
f 1464/96/1464 1463/145/1463 1465/146/1465 1466/147/1466 
f 1467/110/1467 1468/107/1468 1466/147/1466 1465/146/1465 
f 1469/103/1469 1470/102/1470 1471/114/1471 1472/113/1472 
f 1473/111/1473 1474/112/1474 1472/113/1472 1471/114/1471 
f 1470/102/1470 1475/108/1475 1476/116/1476 1471/114/1471 
f 1477/115/1477 1473/111/1473 1471/114/1471 1476/116/1476 
f 1474/112/1474 1473/111/1473 1478/120/1478 1479/119/1479 
f 1480/117/1480 1481/118/1481 1479/119/1479 1478/120/1478 
f 1473/111/1473 1477/115/1477 1482/122/1482 1478/120/1478 
f 1483/121/1483 1480/117/1480 1478/120/1478 1482/122/1482 
f 1481/118/1481 1480/117/1480 1484/123/1484 1485/124/1485 
f 1486/125/1486 1487/126/1487 1485/124/1485 1484/123/1484 
f 1480/117/1480 1483/121/1483 1488/127/1488 1484/123/1484 
f 1489/128/1489 1486/125/1486 1484/123/1484 1488/127/1488 
f 1459/101/1459 1490/100/1490 1491/143/1491 1492/141/1492 
f 1493/130/1493 1494/129/1494 1492/141/1492 1491/143/1491 
f 1459/101/1459 1492/141/1492 1495/140/1495 1460/142/1460 
f 1492/141/1492 1494/129/1494 1496/139/1496 1495/140/1495 
f 1497/145/1497 1046/96/1046 1049/99/1049 1498/144/1498 
f 1051/101/1051 1092/142/1092 1498/144/1498 1049/99/1049 
f 1089/139/1089 1079/129/1079 1082/132/1082 1499/148/1499 
f 1084/134/1084 1500/149/1500 1499/148/1499 1082/132/1082 
f 1080/130/1080 1079/129/1079 1091/141/1091 1501/143/1501 
f 1051/101/1051 1050/100/1050 1501/143/1501 1091/141/1091 
f 1500/149/1500 1084/134/1084 1086/136/1086 1502/150/1502 
f 1088/138/1088 1503/151/1503 1502/150/1502 1086/136/1086 
f 1504/145/1504 1093/96/1093 1096/99/1096 1505/144/1505 
f 1098/101/1098 1139/142/1139 1505/144/1505 1096/99/1096 
f 1136/139/1136 1126/129/1126 1129/132/1129 1506/148/1506 
f 1131/134/1131 1507/149/1507 1506/148/1506 1129/132/1129 
f 1127/130/1127 1126/129/1126 1138/141/1138 1508/143/1508 
f 1098/101/1098 1097/100/1097 1508/143/1508 1138/141/1138 
f 1507/149/1507 1131/134/1131 1133/136/1133 1509/150/1509 
f 1135/138/1135 1510/151/1510 1509/150/1509 1133/136/1133 
f 1511/145/1511 1140/96/1140 1143/99/1143 1512/144/1512 
f 1145/101/1145 1178/142/1178 1512/144/1512 1143/99/1143 
f 1513/133/1513 1514/134/1514 1515/132/1515 1516/131/1516 
f 1176/129/1176 1175/130/1175 1516/131/1516 1515/132/1515 
f 1179/139/1179 1176/129/1176 1515/132/1515 1517/148/1517 
f 1514/134/1514 1518/149/1518 1517/148/1517 1515/132/1515 
f 1519/137/1519 1520/138/1520 1521/136/1521 1522/135/1522 
f 1514/134/1514 1513/133/1513 1522/135/1522 1521/136/1521 
f 1518/149/1518 1514/134/1514 1521/136/1521 1523/150/1523 
f 1520/138/1520 1524/151/1524 1523/150/1523 1521/136/1521 
f 1211/100/1211 1180/101/1180 1183/99/1183 1525/98/1525 
f 1185/96/1185 1526/97/1526 1525/98/1525 1183/99/1183 
f 1527/133/1527 1528/134/1528 1529/132/1529 1530/131/1530 
f 1215/129/1215 1214/130/1214 1530/131/1530 1529/132/1529 
f 1217/139/1217 1215/129/1215 1529/132/1529 1531/148/1531 
f 1528/134/1528 1532/149/1532 1531/148/1531 1529/132/1529 
f 1533/137/1533 1534/138/1534 1535/136/1535 1536/135/1536 
f 1528/134/1528 1527/133/1527 1536/135/1536 1535/136/1535 
f 1532/149/1532 1528/134/1528 1535/136/1535 1537/150/1537 
f 1534/138/1534 1538/151/1538 1537/150/1537 1535/136/1535 
f 1249/100/1249 1218/101/1218 1221/99/1221 1539/98/1539 
f 1223/96/1223 1540/97/1540 1539/98/1539 1221/99/1221 
f 1541/133/1541 1542/134/1542 1543/132/1543 1544/131/1544 
f 1253/129/1253 1252/130/1252 1544/131/1544 1543/132/1543 
f 1255/139/1255 1253/129/1253 1543/132/1543 1545/148/1545 
f 1542/134/1542 1546/149/1546 1545/148/1545 1543/132/1543 
f 1547/137/1547 1548/138/1548 1549/136/1549 1550/135/1550 
f 1542/134/1542 1541/133/1541 1550/135/1550 1549/136/1549 
f 1546/149/1546 1542/134/1542 1549/136/1549 1551/150/1551 
f 1548/138/1548 1552/151/1552 1551/150/1551 1549/136/1549 
f 1287/100/1287 1256/101/1256 1259/99/1259 1553/98/1553 
f 1261/96/1261 1554/97/1554 1553/98/1553 1259/99/1259 
f 1555/133/1555 1556/134/1556 1557/132/1557 1558/131/1558 
f 1291/129/1291 1290/130/1290 1558/131/1558 1557/132/1557 
f 1293/139/1293 1291/129/1291 1557/132/1557 1559/148/1559 
f 1556/134/1556 1560/149/1560 1559/148/1559 1557/132/1557 
f 1561/137/1561 1562/138/1562 1563/136/1563 1564/135/1564 
f 1556/134/1556 1555/133/1555 1564/135/1564 1563/136/1563 
f 1560/149/1560 1556/134/1556 1563/136/1563 1565/150/1565 
f 1562/138/1562 1566/151/1566 1565/150/1565 1563/136/1563 
f 1325/100/1325 1294/101/1294 1297/99/1297 1567/98/1567 
f 1299/96/1299 1568/97/1568 1567/98/1567 1297/99/1297 
f 1569/133/1569 1570/134/1570 1571/132/1571 1572/131/1572 
f 1329/129/1329 1328/130/1328 1572/131/1572 1571/132/1571 
f 1331/139/1331 1329/129/1329 1571/132/1571 1573/148/1573 
f 1570/134/1570 1574/149/1574 1573/148/1573 1571/132/1571 
f 1575/137/1575 1576/138/1576 1577/136/1577 1578/135/1578 
f 1570/134/1570 1569/133/1569 1578/135/1578 1577/136/1577 
f 1574/149/1574 1570/134/1570 1577/136/1577 1579/150/1579 
f 1576/138/1576 1580/151/1580 1579/150/1579 1577/136/1577 
f 1581/145/1581 1332/96/1332 1335/99/1335 1582/144/1582 
f 1337/101/1337 1378/142/1378 1582/144/1582 1335/99/1335 
f 1375/139/1375 1365/129/1365 1368/132/1368 1583/148/1583 
f 1370/134/1370 1584/149/1584 1583/148/1583 1368/132/1368 
f 1366/130/1366 1365/129/1365 1377/141/1377 1585/143/1585 
f 1337/101/1337 1336/100/1336 1585/143/1585 1377/141/1377 
f 1584/149/1584 1370/134/1370 1372/136/1372 1586/150/1586 
f 1374/138/1374 1587/151/1587 1586/150/1586 1372/136/1372 
f 1588/145/1588 1379/96/1379 1382/99/1382 1589/144/1589 
f 1384/101/1384 1417/142/1417 1589/144/1589 1382/99/1382 
f 1590/133/1590 1591/134/1591 1592/132/1592 1593/131/1593 
f 1415/129/1415 1414/130/1414 1593/131/1593 1592/132/1592 
f 1418/139/1418 1415/129/1415 1592/132/1592 1594/148/1594 
f 1591/134/1591 1595/149/1595 1594/148/1594 1592/132/1592 
f 1596/137/1596 1597/138/1597 1598/136/1598 1599/135/1599 
f 1591/134/1591 1590/133/1590 1599/135/1599 1598/136/1598 
f 1595/149/1595 1591/134/1591 1598/136/1598 1600/150/1600 
f 1597/138/1597 1601/151/1601 1600/150/1600 1598/136/1598 
f 1602/145/1602 1419/96/1419 1422/99/1422 1603/144/1603 
f 1424/101/1424 1457/142/1457 1603/144/1603 1422/99/1422 
f 1604/133/1604 1605/134/1605 1606/132/1606 1607/131/1607 
f 1455/129/1455 1454/130/1454 1607/131/1607 1606/132/1606 
f 1458/139/1458 1455/129/1455 1606/132/1606 1608/148/1608 
f 1605/134/1605 1609/149/1609 1608/148/1608 1606/132/1606 
f 1610/137/1610 1611/138/1611 1612/136/1612 1613/135/1613 
f 1605/134/1605 1604/133/1604 1613/135/1613 1612/136/1612 
f 1609/149/1609 1605/134/1605 1612/136/1612 1614/150/1614 
f 1611/138/1611 1615/151/1615 1614/150/1614 1612/136/1612 
f 1490/100/1490 1459/101/1459 1462/99/1462 1616/98/1616 
f 1464/96/1464 1617/97/1617 1616/98/1616 1462/99/1462 
f 1618/133/1618 1619/134/1619 1620/132/1620 1621/131/1621 
f 1494/129/1494 1493/130/1493 1621/131/1621 1620/132/1620 
f 1496/139/1496 1494/129/1494 1620/132/1620 1622/148/1622 
f 1619/134/1619 1623/149/1623 1622/148/1622 1620/132/1620 
f 1624/137/1624 1625/138/1625 1626/136/1626 1627/135/1627 
f 1619/134/1619 1618/133/1618 1627/135/1627 1626/136/1626 
f 1623/149/1623 1619/134/1619 1626/136/1626 1628/150/1628 
f 1625/138/1625 1629/151/1629 1628/150/1628 1626/136/1626 
f 1056/106/1056 1630/152/1630 1631/147/1631 1057/107/1057 
f 1630/152/1630 1047/97/1047 1046/96/1046 1631/147/1631 
f 1057/107/1057 1631/147/1631 1632/146/1632 1060/110/1060 
f 1631/147/1631 1046/96/1046 1497/145/1497 1632/146/1632 
f 1103/106/1103 1633/152/1633 1634/147/1634 1104/107/1104 
f 1633/152/1633 1094/97/1094 1093/96/1093 1634/147/1634 
f 1104/107/1104 1634/147/1634 1635/146/1635 1107/110/1107 
f 1634/147/1634 1093/96/1093 1504/145/1504 1635/146/1635 
f 1150/106/1150 1636/152/1636 1637/147/1637 1151/107/1151 
f 1636/152/1636 1141/97/1141 1140/96/1140 1637/147/1637 
f 1151/107/1151 1637/147/1637 1638/146/1638 1154/110/1154 
f 1637/147/1637 1140/96/1140 1511/145/1511 1638/146/1638 
f 1189/107/1189 1639/105/1639 1640/104/1640 1641/106/1641 
f 1639/105/1639 1191/102/1191 1190/103/1190 1640/104/1640 
f 1188/110/1188 1642/109/1642 1639/105/1639 1189/107/1189 
f 1642/109/1642 1196/108/1196 1191/102/1191 1639/105/1639 
f 1227/107/1227 1643/105/1643 1644/104/1644 1645/106/1645 
f 1643/105/1643 1229/102/1229 1228/103/1228 1644/104/1644 
f 1226/110/1226 1646/109/1646 1643/105/1643 1227/107/1227 
f 1646/109/1646 1234/108/1234 1229/102/1229 1643/105/1643 
f 1265/107/1265 1647/105/1647 1648/104/1648 1649/106/1649 
f 1647/105/1647 1267/102/1267 1266/103/1266 1648/104/1648 
f 1264/110/1264 1650/109/1650 1647/105/1647 1265/107/1265 
f 1650/109/1650 1272/108/1272 1267/102/1267 1647/105/1647 
f 1303/107/1303 1651/105/1651 1652/104/1652 1653/106/1653 
f 1651/105/1651 1305/102/1305 1304/103/1304 1652/104/1652 
f 1302/110/1302 1654/109/1654 1651/105/1651 1303/107/1303 
f 1654/109/1654 1310/108/1310 1305/102/1305 1651/105/1651 
f 1342/106/1342 1655/152/1655 1656/147/1656 1343/107/1343 
f 1655/152/1655 1333/97/1333 1332/96/1332 1656/147/1656 
f 1343/107/1343 1656/147/1656 1657/146/1657 1346/110/1346 
f 1656/147/1656 1332/96/1332 1581/145/1581 1657/146/1657 
f 1389/106/1389 1658/152/1658 1659/147/1659 1390/107/1390 
f 1658/152/1658 1380/97/1380 1379/96/1379 1659/147/1659 
f 1390/107/1390 1659/147/1659 1660/146/1660 1393/110/1393 
f 1659/147/1659 1379/96/1379 1588/145/1588 1660/146/1660 
f 1429/106/1429 1661/152/1661 1662/147/1662 1430/107/1430 
f 1661/152/1661 1420/97/1420 1419/96/1419 1662/147/1662 
f 1430/107/1430 1662/147/1662 1663/146/1663 1433/110/1433 
f 1662/147/1662 1419/96/1419 1602/145/1602 1663/146/1663 
f 1468/107/1468 1664/105/1664 1665/104/1665 1666/106/1666 
f 1664/105/1664 1470/102/1470 1469/103/1469 1665/104/1665 
f 1467/110/1467 1667/109/1667 1664/105/1664 1468/107/1468 
f 1667/109/1667 1475/108/1475 1470/102/1470 1664/105/1664 
f 1526/97/1526 1185/96/1185 1187/147/1187 1668/152/1668 
f 1189/107/1189 1641/106/1641 1668/152/1668 1187/147/1187 
f 1540/97/1540 1223/96/1223 1225/147/1225 1669/152/1669 
f 1227/107/1227 1645/106/1645 1669/152/1669 1225/147/1225 
f 1554/97/1554 1261/96/1261 1263/147/1263 1670/152/1670 
f 1265/107/1265 1649/106/1649 1670/152/1670 1263/147/1263 
f 1568/97/1568 1299/96/1299 1301/147/1301 1671/152/1671 
f 1303/107/1303 1653/106/1653 1671/152/1671 1301/147/1301 
f 1617/97/1617 1464/96/1464 1466/147/1466 1672/152/1672 
f 1468/107/1468 1666/106/1666 1672/152/1672 1466/147/1466 
# 396 polygons

#
# object PalmPlant_LOD2
#

v  6.3276 67.8115 6.5517
v  9.6467 68.3537 0.6573
v  7.2511 54.3669 -0.7863
v  4.3330 54.0812 4.4866
v  11.5057 88.8927 11.9132
v  17.5653 90.4558 1.5988
v  14.0646 79.3481 -0.9891
v  8.4666 78.1678 8.7664
v  0.9867 90.4558 17.6103
v  -1.4778 79.3481 14.0217
v  18.4190 105.4445 19.0714
v  24.6875 107.5082 8.9734
v  8.1090 107.5082 24.9848
v  27.6660 121.1410 28.6459
v  34.2011 123.6647 18.8239
v  17.6225 123.6647 34.8353
v  38.4080 134.7263 39.7684
v  45.1758 137.5583 30.1873
v  28.5972 137.5583 46.1987
v  2.5513 38.8171 2.6635
v  5.2925 39.0752 -2.2899
v  3.2137 22.6345 -3.0923
v  0.9171 21.6193 1.0306
v  0.8645 0.1358 -1.4028
v  0.0847 -6.1802 0.4026
v  -2.4939 39.0752 5.2302
v  -1.0381 54.3669 7.2194
v  0.0000 68.2348 -5.6604
v  -6.4822 68.6654 -3.6984
v  -5.7620 54.5467 -1.8013
v  0.0000 54.3626 -3.5803
v  0.0000 89.7082 -11.8945
v  -11.5240 91.0850 -8.6006
v  -10.8037 79.7497 -4.9504
v  0.0000 78.7505 -8.1412
v  11.5240 91.0850 -8.6006
v  10.8038 79.7496 -4.9504
v  0.0000 106.8029 -20.8816
v  -11.5240 108.6966 -17.8595
v  11.5240 108.6966 -17.8595
v  0.0000 123.2360 -33.2716
v  -11.5240 125.6109 -30.6061
v  11.5241 125.6109 -30.6061
v  -0.0000 137.6846 -47.9311
v  -11.5241 140.3865 -45.5823
v  11.5240 140.3865 -45.5823
v  0.0086 38.9899 -1.9635
v  -5.4064 39.1460 -0.2901
v  -4.4795 22.6020 0.9050
v  0.0323 21.6887 -0.4747
v  -1.6439 -0.0000 1.0646
v  0.1264 -6.2141 0.5056
v  5.4233 39.1460 -0.2901
v  5.7621 54.5467 -1.8013
v  5.7924 111.1355 -2.6462
v  1.1108 111.6200 -7.6343
v  -0.5335 94.8113 -6.0913
v  3.6639 94.5917 -1.6738
v  12.1719 135.2948 -5.5607
v  4.0476 136.8438 -14.5191
v  0.6094 124.0907 -12.1565
v  8.3310 122.9665 -3.8060
v  13.5547 136.8438 6.4775
v  9.5223 124.0907 7.5278
v  21.3686 154.5276 -9.7623
v  13.5224 156.6583 -18.8478
v  23.0295 156.6583 2.1489
v  34.0475 173.0161 -15.5547
v  26.5663 175.6881 -24.8069
v  36.0733 175.6881 -3.8103
v  49.0487 189.2720 -22.4080
v  41.8917 192.3118 -31.8083
v  51.3988 192.3118 -10.8117
v  -2.0283 70.1564 -5.4084
v  2.1733 69.8934 -0.9928
v  2.7252 70.1564 5.0900
v  4.2201 94.8113 4.4071
v  -7.5036 49.8412 0.5199
v  -6.9555 50.0365 -3.0542
v  -9.1121 58.0803 -3.2607
v  -9.6921 57.7478 0.7558
v  -10.8920 64.0334 -5.6641
v  -11.7955 63.3307 1.0218
v  -12.1308 70.1338 7.8946
v  -14.6203 69.0644 1.4133
v  -20.7245 77.7845 2.3309
v  -18.4195 79.1176 8.8398
v  -13.7385 69.9765 -5.7068
v  -20.0273 78.9604 -4.7615
v  -28.6249 85.8979 3.5801
v  -26.5480 87.4690 10.1250
v  -28.1557 87.3118 -3.4763
v  -37.6120 92.7613 5.0471
v  -35.7304 94.4887 11.6238
v  -37.3381 94.3315 -1.9776
v  -6.1516 50.1151 3.7464
v  -3.5203 38.2145 3.3538
v  -4.7730 37.9191 0.3403
v  -4.2690 38.1359 -2.9972
v  3.9003 50.0704 -4.6967
v  6.1357 50.2332 -1.8526
v  7.5970 58.3438 -3.0688
v  5.0625 58.0467 -6.2418
v  10.4493 64.3436 -2.5680
v  6.1911 63.6979 -7.8084
v  1.2594 70.5356 -12.5574
v  7.7170 69.5245 -9.9837
v  11.0351 78.4476 -14.8327
v  4.6778 79.7286 -17.5530
v  12.3032 70.3783 -4.4571
v  15.7216 79.5713 -9.4527
v  15.3477 86.8257 -21.2369
v  9.1148 88.3524 -24.1418
v  20.1586 88.1951 -16.0415
v  20.2669 93.9917 -28.6176
v  14.1410 95.6813 -31.6826
v  25.1848 95.5240 -23.5823
v  0.6138 50.3118 -5.9028
v  -0.5777 38.3377 -4.0455
v  2.4906 38.0749 -2.9124
v  4.5825 38.2591 -0.2586
v  3.8188 41.4743 7.3237
v  0.9789 41.6823 8.0506
v  1.7077 48.0875 10.0870
v  4.8850 47.7642 9.2382
v  0.6222 52.8322 12.4412
v  5.8876 52.1762 10.9753
v  11.3057 57.6273 9.3639
v  7.2149 56.6726 13.2181
v  10.0427 63.4163 17.8770
v  14.2190 64.5749 14.1637
v  1.6368 57.4997 14.8465
v  4.5501 64.4473 19.6463
v  13.6677 69.5743 23.7448
v  17.9487 70.9137 20.2010
v  8.2799 70.7861 25.6836
v  17.7654 74.6627 30.2988
v  22.1356 76.1186 26.8977
v  12.4667 75.9910 32.3803
v  5.8133 41.7461 5.3093
v  4.1268 32.2307 2.7802
v  2.3453 31.9415 4.5596
v  -0.1746 32.1669 5.2163
v  -2.9517 27.8821 4.6273
v  -4.1765 28.0190 3.3677
v  -5.0723 31.8247 4.4406
v  -3.6827 31.6176 5.8380
v  -6.6596 34.6447 4.6404
v  -4.3249 34.2303 6.9370
v  -1.9188 37.4777 9.3539
v  -5.1345 36.8841 8.3566
v  -6.7740 40.8395 11.3064
v  -3.6079 41.5527 12.3929
v  -7.6483 37.4012 5.9479
v  -9.3374 41.4762 8.9869
v  -8.8010 44.4206 15.0226
v  -5.6935 45.2391 16.2164
v  -11.4230 45.1626 12.8104
v  -11.0358 47.3475 19.1741
v  -7.9771 48.2330 20.4584
v  -13.7066 48.1565 17.0524
v  -1.3118 28.0573 5.0707
v  -0.2962 22.3939 2.9565
v  -1.5687 22.2083 2.6030
v  -2.5284 22.3556 1.6276
v  -7.1427 67.8115 5.6521
v  -1.6035 68.3538 9.5351
v  0.0689 54.3670 7.2933
v  -4.8912 54.0813 3.8704
v  -12.9878 88.8927 10.2773
v  -3.3199 90.4558 17.3227
v  -0.4000 79.3481 14.0936
v  -9.5572 78.1678 7.5626
v  -17.6218 90.4559 -0.7513
v  -13.8081 79.3482 -2.8507
v  -20.7916 105.4445 16.4525
v  -11.3596 107.5082 23.6845
v  -25.6616 107.5083 5.6105
v  -31.2298 121.1410 24.7122
v  -22.0986 123.6647 32.1823
v  -36.4006 123.6647 14.1084
v  -43.3555 134.7263 34.3074
v  -34.4871 137.5583 41.9853
v  -48.7890 137.5583 23.9113
v  -2.8613 38.8171 2.3019
v  1.7972 39.0752 5.5167
v  2.9014 22.6345 3.5902
v  -0.9662 21.6193 0.9047
v  1.7601 0.1358 1.2791
v  0.1731 -6.1802 0.4085
v  -4.9200 39.0752 -2.9720
v  -7.0821 54.3669 -1.7437
v  -1.5547 111.1355 6.1755
v  5.2652 111.6200 5.6386
v  5.0883 94.8112 3.3907
v  -0.9834 94.5916 3.9062
v  -3.2670 135.2948 12.9770
v  8.8039 136.8438 12.2344
v  9.1086 124.0907 8.0738
v  -2.2361 122.9665 8.8821
v  -13.5284 136.8438 6.5323
v  -11.8279 124.0907 2.7281
v  -5.7354 154.5276 22.7821
v  6.2608 156.6583 22.3359
v  -16.0714 156.6582 16.6338
v  -9.1384 173.0161 36.2997
v  2.7599 175.6881 36.2426
v  -19.5724 175.6881 30.5406
v  -13.1648 189.2720 52.2932
v  -1.3535 192.3118 52.5818
v  -23.6858 192.3118 46.8797
v  5.4895 70.1564 1.7970
v  -0.5833 69.8934 2.3170
v  -5.6766 70.1564 -1.0540
v  -6.0778 94.8112 0.5397
v  -5.5565 111.1355 -3.1112
v  -5.3890 111.6200 1.0833
v  -3.3314 94.8113 1.7798
v  -3.5147 94.5917 -1.9679
v  -11.6762 135.2948 -6.5377
v  -11.5690 136.8438 0.8124
v  -7.7904 124.0907 2.4725
v  -7.9917 122.9665 -4.4747
v  -5.3164 136.8438 -10.2669
v  -1.9286 124.0907 -7.9144
v  -20.4984 154.5276 -11.4774
v  -20.6580 156.6583 -4.2767
v  -14.4054 156.6583 -15.3560
v  -32.6611 173.0161 -18.2875
v  -33.1707 175.6881 -11.2828
v  -26.9182 175.6881 -22.3621
v  -47.0515 189.2720 -26.3450
v  -47.8721 192.3118 -19.5144
v  -41.6195 192.3118 -30.5937
v  -1.8975 70.1564 2.5826
v  -2.0848 69.8934 -1.1673
v  1.2288 70.1564 -2.9570
v  -0.2051 94.8113 -3.7599
v  8.8970 41.7141 -0.0250
v  8.4290 42.1294 2.8075
v  12.6520 46.5735 3.0776
v  13.0361 45.9754 -0.1073
v  16.1301 48.9975 5.0831
v  16.5834 47.9101 -0.2212
v  19.9618 50.9860 -5.6856
v  20.6171 49.0953 -0.4047
v  27.2908 48.1173 -0.8647
v  27.0517 49.9974 -6.1596
v  20.3413 50.3133 5.2478
v  27.3299 49.2695 4.7739
v  33.3640 44.0013 -1.5150
v  33.4200 45.7037 -6.8285
v  33.6028 44.9415 4.1049
v  37.9420 37.5676 -2.2957
v  38.1000 39.0435 -7.6260
v  38.2047 38.2641 3.3074
v  8.1429 42.3708 -2.6592
v  3.3107 33.9009 -2.3268
v  4.0743 33.4234 0.0554
v  3.6010 33.7360 2.6105
v  0.3212 68.3537 9.6637
v  -3.2782 22.6345 3.1775
v  -1.6749 0.1358 1.0497
v  6.4823 68.6654 -3.6983
v  4.5405 22.6019 0.9050
v  1.8399 0.0000 1.0646
v  6.4585 111.6200 4.1763
v  -3.1886 38.3955 -4.4319
v  0.7368 37.3629 -0.2967
v  1.2572 38.3955 5.3868
v  -1.4290 0.4977 -0.9732
v  0.0556 -5.8358 0.4711
v  0.0781 0.4977 2.3552
v  -8.2077 58.1687 4.3901
v  -0.8017 22.3283 2.7285
v  -1.8154 21.2696 0.2209
v  -1.4257 22.2496 -2.5645
v  0.6107 0.3456 1.3313
v  0.1569 -6.0139 0.4365
v  0.3579 0.2669 -0.7847
v  1.3848 58.4322 -7.6253
v  -1.5572 22.3686 -1.9600
v  0.9880 21.3425 -0.9917
v  2.7435 22.2899 1.1961
v  -0.9772 0.3027 0.0473
v  0.1079 -6.0241 0.4707
v  0.7373 0.2241 1.3020
v  7.1465 48.1593 7.0030
v  2.4204 19.3126 0.4497
v  0.9362 18.2614 1.8947
v  -1.1284 19.2488 2.4603
v  0.6779 0.3056 -0.3444
v  0.1119 -6.0464 0.4231
v  -0.8216 0.2418 0.5091
v  -1.8495 31.8677 6.3564
v  0.4627 14.2930 1.4633
v  -0.5780 13.3473 1.1560
v  -1.3912 14.2548 0.3603
v  0.6166 0.1157 0.4433
v  0.1320 -6.1308 0.4323
v  -0.2578 0.0775 -0.0753
v  -9.6484 68.3538 -0.6314
v  -2.6989 22.6345 -3.4872
v  -0.4306 0.1359 -1.4893
v  -7.2967 111.6200 2.4312
v  5.4924 38.3955 0.3260
v  -0.1851 37.3629 0.8102
v  -4.9509 38.3955 -2.3405
v  2.0730 0.4977 -0.0319
v  0.1430 -5.8358 0.3661
v  -1.4671 0.4977 -0.9358
v  -1.8719 111.6200 -5.1488
v  -0.5177 38.3955 3.1462
v  -0.6871 37.3629 -0.3550
v  2.4062 38.3955 -2.0348
v  0.3403 0.4977 1.6311
v  0.1906 -5.8358 0.4766
v  1.3315 0.4977 -0.1252
v  12.3743 46.8987 -3.0725
v  0.4189 20.5814 -1.8482
v  1.1138 19.5638 0.1446
v  0.6858 20.5080 2.2701
v  -0.2728 0.2371 -0.4620
v  0.0998 -6.0540 0.4470
v  -0.1602 0.1700 1.2245
v  -9.3848 64.1808 7.0872
v  0.0957 64.4910 -10.1620
v  9.6868 52.9518 7.3013
v  -1.2883 34.7164 7.8336
v  15.7191 49.5856 -5.1670
# 330 vertices

vn -0.5508 0.6094 -0.5703
vn -0.7007 0.6059 -0.3767
vn -0.7241 0.5668 -0.3930
vn -0.5700 0.5718 -0.5901
vn -0.4766 0.7275 -0.4935
vn -0.6218 0.7170 -0.3151
vn -0.6669 0.6571 -0.3513
vn -0.5211 0.6614 -0.5395
vn -0.2933 0.7170 -0.6324
vn -0.3279 0.6571 -0.6788
vn -0.4169 0.7999 -0.4317
vn -0.5594 0.7862 -0.2626
vn -0.2429 0.7862 -0.5682
vn -0.3549 0.8597 -0.3675
vn -0.4953 0.8441 -0.2053
vn -0.1880 0.8441 -0.5022
vn -0.3242 0.8844 -0.3357
vn -0.4640 0.8680 -0.1769
vn -0.1607 0.8680 -0.4699
vn -0.5804 0.5496 -0.6009
vn -0.7376 0.5457 -0.3976
vn -0.7670 0.5145 -0.3835
vn -0.5980 0.5089 -0.6192
vn -0.7984 0.4816 -0.3613
vn -0.6089 0.4827 -0.6295
vn -0.3719 0.5450 -0.7514
vn -0.3676 0.5666 -0.7375
vn 0.0000 0.5745 0.8185
vn 0.2468 0.5725 0.7819
vn 0.2529 0.5306 0.8090
vn 0.0000 0.5341 0.8454
vn 0.0000 0.6984 0.7157
vn 0.2318 0.6890 0.6867
vn 0.2397 0.6261 0.7420
vn 0.0000 0.6289 0.7775
vn -0.2318 0.6890 0.6867
vn -0.2397 0.6261 0.7420
vn 0.0000 0.7749 0.6321
vn 0.2228 0.7621 0.6080
vn -0.2228 0.7621 0.6080
vn 0.0000 0.8387 0.5446
vn 0.2159 0.8238 0.5242
vn -0.2159 0.8238 0.5242
vn -0.0000 0.8653 0.5013
vn 0.2129 0.8495 0.4828
vn -0.2129 0.8495 0.4828
vn 0.0001 0.5137 0.8579
vn 0.2579 0.5111 0.8199
vn 0.2754 0.4934 0.8251
vn -0.0000 0.4910 0.8712
vn 0.2962 0.4760 0.8281
vn 0.0004 0.4770 0.8789
vn -0.2580 0.5107 0.8201
vn -0.2529 0.5305 0.8091
vn -0.7472 0.5719 0.3386
vn -0.5923 0.5689 0.5705
vn -0.6193 0.5153 0.5925
vn -0.7787 0.5187 0.3529
vn -0.6519 0.6984 0.2954
vn -0.5125 0.6866 0.5157
vn -0.5589 0.6239 0.5463
vn -0.7082 0.6289 0.3209
vn -0.7260 0.6861 0.0455
vn -0.7794 0.6236 0.0602
vn -0.5757 0.7749 0.2609
vn -0.4456 0.7592 0.4745
vn -0.6511 0.7586 0.0225
vn -0.4961 0.8387 0.2248
vn -0.3732 0.8204 0.4333
vn -0.5726 0.8198 -0.0047
vn -0.4564 0.8653 0.2073
vn -0.3373 0.8458 0.4133
vn -0.5339 0.8453 -0.0185
vn -0.6312 0.4859 0.6046
vn -0.7951 0.4878 0.3604
vn -0.8709 0.4855 0.0761
vn -0.8538 0.5151 0.0751
vn 0.7863 0.6099 -0.0984
vn 0.7849 0.6057 0.1308
vn 0.7521 0.6463 0.1289
vn 0.7542 0.6497 -0.0953
vn 0.7065 0.6960 0.1277
vn 0.7074 0.7011 -0.0903
vn 0.5898 0.7543 -0.2886
vn 0.6410 0.7631 -0.0829
vn 0.5526 0.8302 -0.0730
vn 0.5048 0.8194 -0.2718
vn 0.6474 0.7513 0.1279
vn 0.5644 0.8152 0.1300
vn 0.4616 0.8849 -0.0627
vn 0.4158 0.8726 -0.2562
vn 0.4774 0.8684 0.1344
vn 0.4160 0.9072 -0.0631
vn 0.3734 0.8937 -0.2489
vn 0.4336 0.8906 0.1370
vn 0.7301 0.6027 -0.3219
vn 0.7472 0.5745 -0.3341
vn 0.8072 0.5816 -0.1010
vn 0.8031 0.5794 0.1391
vn -0.4738 0.5883 0.6553
vn -0.6426 0.5844 0.4956
vn -0.6182 0.6277 0.4730
vn -0.4543 0.6305 0.6293
vn -0.5866 0.6789 0.4415
vn -0.4266 0.6833 0.5925
vn -0.2003 0.7391 0.6432
vn -0.3875 0.7473 0.5399
vn -0.3351 0.8169 0.4695
vn -0.1556 0.8065 0.5704
vn -0.5469 0.7359 0.3991
vn -0.4922 0.8021 0.3382
vn -0.2811 0.8738 0.3967
vn -0.1072 0.8621 0.4953
vn -0.4365 0.8575 0.2725
vn -0.2499 0.8973 0.3639
vn -0.0839 0.8842 0.4596
vn -0.4087 0.8808 0.2392
vn -0.2695 0.5823 0.7670
vn -0.2726 0.5548 0.7860
vn -0.4856 0.5599 0.6713
vn -0.6603 0.5572 0.5036
vn -0.3781 0.6548 -0.6544
vn -0.1717 0.6487 -0.7414
vn -0.1620 0.6799 -0.7152
vn -0.3652 0.6846 -0.6308
vn -0.1441 0.7270 -0.6713
vn -0.3415 0.7332 -0.5881
vn -0.4757 0.7816 -0.4036
vn -0.3079 0.7915 -0.5280
vn -0.2634 0.8541 -0.4484
vn -0.4266 0.8423 -0.3296
vn -0.1195 0.7791 -0.6155
vn -0.0838 0.8387 -0.5381
vn -0.2177 0.9044 -0.3670
vn -0.3772 0.8912 -0.2519
vn -0.0446 0.8877 -0.4583
vn -0.1999 0.9246 -0.3243
vn -0.3539 0.9103 -0.2149
vn -0.0247 0.9079 -0.4185
vn -0.5584 0.6462 -0.5201
vn -0.5821 0.6151 -0.5319
vn -0.3917 0.6222 -0.6778
vn -0.1689 0.6182 -0.7677
vn 0.3668 0.6866 -0.6277
vn 0.5413 0.6803 -0.4941
vn 0.5328 0.6935 -0.4850
vn 0.3598 0.6987 -0.6184
vn 0.5034 0.7395 -0.4470
vn 0.3341 0.7461 -0.5760
vn 0.1082 0.7925 -0.6002
vn 0.2981 0.8028 -0.5163
vn 0.2507 0.8636 -0.4375
vn 0.0677 0.8513 -0.5202
vn 0.4668 0.7902 -0.3972
vn 0.4171 0.8480 -0.3269
vn 0.2023 0.9120 -0.3568
vn 0.0241 0.8985 -0.4384
vn 0.3671 0.8952 -0.2526
vn 0.1739 0.9313 -0.3199
vn 0.0033 0.9167 -0.3996
vn 0.3423 0.9146 -0.2153
vn 0.1634 0.6753 -0.7192
vn 0.1569 0.6342 -0.7571
vn 0.3849 0.6420 -0.6631
vn 0.5769 0.6418 -0.5052
vn 0.6218 0.6094 -0.4920
vn 0.4438 0.6059 -0.6602
vn 0.4623 0.5668 -0.6819
vn 0.6433 0.5721 -0.5088
vn 0.5380 0.7275 -0.4257
vn 0.3748 0.7170 -0.5878
vn 0.4153 0.6571 -0.6291
vn 0.5882 0.6614 -0.4654
vn 0.6582 0.7170 -0.2296
vn 0.7077 0.6571 -0.2595
vn 0.4706 0.7999 -0.3724
vn 0.3163 0.7862 -0.5309
vn 0.5894 0.7862 -0.1858
vn 0.4006 0.8597 -0.3170
vn 0.2531 0.8441 -0.4727
vn 0.5182 0.8441 -0.1376
vn 0.3660 0.8844 -0.2896
vn 0.2218 0.8680 -0.4443
vn 0.4834 0.8680 -0.1137
vn 0.6547 0.5507 -0.5178
vn 0.4683 0.5457 -0.6949
vn 0.4569 0.5142 -0.7258
vn 0.6737 0.5117 -0.5331
vn 0.4381 0.4812 -0.7593
vn 0.6859 0.4866 -0.5411
vn 0.7831 0.5470 -0.2957
vn 0.7697 0.5671 -0.2931
vn 0.2027 0.5719 -0.7949
vn -0.0751 0.5689 -0.8190
vn -0.0754 0.5153 -0.8537
vn 0.2112 0.5187 -0.8285
vn 0.1768 0.6984 -0.6935
vn -0.0823 0.6866 -0.7224
vn -0.0771 0.6239 -0.7777
vn 0.1921 0.6289 -0.7534
vn 0.4182 0.6861 -0.5952
vn 0.4402 0.6236 -0.6461
vn 0.1562 0.7749 -0.6125
vn -0.0919 0.7592 -0.6444
vn 0.3894 0.7586 -0.5224
vn 0.1346 0.8387 -0.5278
vn -0.1050 0.8204 -0.5621
vn 0.3615 0.8198 -0.4441
vn 0.1235 0.8653 -0.4858
vn -0.1118 0.8458 -0.5216
vn 0.3482 0.8453 -0.4052
vn -0.0776 0.4853 -0.8709
vn 0.2158 0.4874 -0.8461
vn 0.4850 0.4854 -0.7274
vn 0.4750 0.5151 -0.7135
vn 0.7148 0.5718 0.4026
vn 0.8298 0.5560 -0.0486
vn 0.8600 0.5083 -0.0464
vn 0.7450 0.5187 0.4195
vn 0.6235 0.6985 0.3512
vn 0.7450 0.6637 -0.0671
vn 0.7939 0.6055 -0.0548
vn 0.6775 0.6288 0.3815
vn 0.3293 0.6631 0.6722
vn 0.3650 0.6051 0.7076
vn 0.5507 0.7749 0.3101
vn 0.6773 0.7304 -0.0879
vn 0.2767 0.7297 0.6252
vn 0.4746 0.8386 0.2673
vn 0.6067 0.7867 -0.1142
vn 0.2178 0.7860 0.5786
vn 0.4371 0.8653 0.2454
vn 0.5721 0.8102 -0.1278
vn 0.1882 0.8095 0.5561
vn 0.8750 0.4818 -0.0480
vn 0.7606 0.4879 0.4283
vn 0.4127 0.4820 0.7729
vn 0.4063 0.5081 0.7595
vn -0.5838 0.8101 0.0543
vn -0.5723 0.8045 -0.1587
vn -0.4030 0.9024 -0.1523
vn -0.4215 0.9053 0.0520
vn -0.2468 0.9577 -0.1477
vn -0.2569 0.9652 0.0491
vn -0.0332 0.9721 0.2320
vn -0.0389 0.9982 0.0456
vn 0.2590 0.9651 0.0376
vn 0.2428 0.9485 0.2033
vn -0.0571 0.9881 -0.1430
vn 0.2209 0.9668 -0.1288
vn 0.5129 0.8580 0.0281
vn 0.4938 0.8544 0.1617
vn 0.4774 0.8723 -0.1056
vn 0.6069 0.7944 0.0255
vn 0.6056 0.7842 0.1352
vn 0.5962 0.7979 -0.0891
vn -0.5472 0.7946 0.2629
vn -0.6817 0.6725 0.2881
vn -0.7335 0.6772 0.0580
vn -0.7132 0.6775 -0.1799
vn -0.3521 0.6059 -0.7134
vn -0.3564 0.5127 -0.7811
vn -0.3327 0.4788 -0.8124
vn -0.2468 0.5725 0.7819
vn -0.2759 0.4924 0.8255
vn -0.2972 0.4745 0.8286
vn -0.8196 0.5687 0.0694
vn -0.6266 0.4747 0.6180
vn -0.8024 0.4733 0.3636
vn -0.8792 0.4724 0.0623
vn -0.6183 0.4670 0.6321
vn -0.8046 0.4661 0.3681
vn -0.8855 0.4625 0.0450
vn 0.6966 0.6457 -0.3128
vn 0.7507 0.5365 -0.3854
vn 0.8401 0.5320 -0.1057
vn 0.8184 0.5432 0.1874
vn 0.7399 0.4968 -0.4537
vn 0.8561 0.5065 -0.1027
vn 0.8243 0.5060 0.2540
vn -0.2537 0.6273 0.7363
vn -0.2454 0.5251 0.8149
vn -0.5017 0.5189 0.6922
vn -0.6995 0.5251 0.4847
vn -0.2013 0.4958 0.8448
vn -0.5073 0.4986 0.7029
vn -0.7441 0.4935 0.4502
vn -0.5405 0.6793 -0.4965
vn -0.6514 0.5580 -0.5141
vn -0.4195 0.5433 -0.7272
vn -0.1155 0.5596 -0.8207
vn -0.7354 0.5014 -0.4558
vn -0.4294 0.5090 -0.7460
vn -0.0215 0.5023 -0.8644
vn 0.1579 0.6928 -0.7037
vn 0.1064 0.5494 -0.8287
vn 0.4285 0.5235 -0.7365
vn 0.6668 0.5556 -0.4966
vn -0.0279 0.4830 -0.8752
vn 0.4417 0.4948 -0.7484
vn 0.7706 0.4923 -0.4048
vn 0.7446 0.6059 -0.2802
vn 0.8090 0.5177 -0.2784
vn 0.8361 0.4866 -0.2534
vn 0.4581 0.5687 -0.6832
vn -0.0943 0.4701 -0.8775
vn 0.2180 0.4695 -0.8556
vn 0.5019 0.4712 -0.7253
vn -0.1149 0.4577 -0.8816
vn 0.2214 0.4597 -0.8600
vn 0.5207 0.4600 -0.7192
vn 0.3888 0.5557 0.7349
vn 0.8795 0.4712 -0.0666
vn 0.7673 0.4750 0.4309
vn 0.4011 0.4735 0.7841
vn 0.8817 0.4629 -0.0915
vn 0.7656 0.4696 0.4397
vn 0.3838 0.4680 0.7960
vn -0.3804 0.8896 0.2527
vn -0.7639 0.5490 0.3392
vn -0.8482 0.5262 0.0602
vn -0.8036 0.5485 -0.2311
vn -0.7810 0.4822 0.3970
vn -0.8733 0.4829 0.0648
vn -0.8289 0.4779 -0.2909
vn 0.6504 0.6971 -0.3016
vn -0.2313 0.6801 0.6957
vn -0.5118 0.7278 -0.4564
vn 0.1368 0.7402 -0.6584
vn -0.2251 0.9434 0.2436
# 330 vertex normals

vt 0.5000 0.1950 0.0000
vt 0.2188 0.1950 0.0000
vt 0.2500 0.0750 0.0000
vt 0.5000 0.0750 0.0000
vt 0.5000 0.4125 0.0000
vt 0.0000 0.4125 0.0000
vt 0.0313 0.3000 0.0000
vt 0.5000 0.3000 0.0000
vt 1.0000 0.4125 0.0000
vt 0.9688 0.3000 0.0000
vt 0.5000 0.6000 0.0000
vt 0.0000 0.6000 0.0000
vt 1.0000 0.6000 0.0000
vt 0.5000 0.7992 0.0000
vt 0.0000 0.7992 0.0000
vt 1.0000 0.7992 0.0000
vt 0.5000 0.9940 0.0000
vt 0.0000 0.9940 0.0000
vt 1.0000 0.9940 0.0000
vt 0.5000 0.0400 0.0000
vt 0.2500 0.0400 0.0000
vt 0.2500 0.0200 0.0000
vt 0.5000 0.0200 0.0000
vt 0.2500 0.0000 0.0000
vt 0.5000 0.0000 0.0000
vt 0.7500 0.0400 0.0000
vt 0.7500 0.0750 0.0000
vt 0.7813 0.1950 0.0000
vt 0.7500 0.0200 0.0000
vt 0.7500 0.0000 0.0000
# 30 texture coords

o PalmPlant_LOD2
g PalmPlant_LOD2
usemtl Material__25
s 2
f 1673/153/1673 1674/154/1674 1675/155/1675 1676/156/1676 
f 1677/157/1677 1678/158/1678 1679/159/1679 1680/160/1680 
f 1681/161/1681 1677/157/1677 1680/160/1680 1682/162/1682 
f 1683/163/1683 1684/164/1684 1678/158/1678 1677/157/1677 
f 1685/165/1685 1683/163/1683 1677/157/1677 1681/161/1681 
f 1686/166/1686 1687/167/1687 1684/164/1684 1683/163/1683 
f 1688/168/1688 1686/166/1686 1683/163/1683 1685/165/1685 
f 1686/166/1686 1689/169/1689 1690/170/1690 1687/167/1687 
f 1686/166/1686 1688/168/1688 1691/171/1691 1689/169/1689 
f 1692/172/1692 1693/173/1693 1694/174/1694 1695/175/1695 
f 1695/175/1695 1694/174/1694 1696/176/1696 1697/177/1697 
f 1692/172/1692 1698/178/1698 1699/179/1699 1676/156/1676 
f 1700/153/1700 1701/154/1701 1702/155/1702 1703/156/1703 
f 1704/157/1704 1705/158/1705 1706/159/1706 1707/160/1707 
f 1708/161/1708 1704/157/1704 1707/160/1707 1709/162/1709 
f 1710/163/1710 1711/164/1711 1705/158/1705 1704/157/1704 
f 1712/165/1712 1710/163/1710 1704/157/1704 1708/161/1708 
f 1713/166/1713 1714/167/1714 1711/164/1711 1710/163/1710 
f 1715/168/1715 1713/166/1713 1710/163/1710 1712/165/1712 
f 1713/166/1713 1716/169/1716 1717/170/1717 1714/167/1714 
f 1713/166/1713 1715/168/1715 1718/171/1718 1716/169/1716 
f 1719/172/1719 1720/173/1720 1721/174/1721 1722/175/1722 
f 1722/175/1722 1721/174/1721 1723/176/1723 1724/177/1724 
f 1719/172/1719 1725/178/1725 1726/179/1726 1703/156/1703 
f 1727/153/1727 1728/154/1728 1729/155/1729 1730/156/1730 
f 1731/157/1731 1732/158/1732 1733/159/1733 1734/160/1734 
f 1735/161/1735 1731/157/1731 1734/160/1734 1736/162/1736 
f 1737/163/1737 1738/164/1738 1732/158/1732 1731/157/1731 
f 1739/165/1739 1737/163/1737 1731/157/1731 1735/161/1735 
f 1740/166/1740 1741/167/1741 1738/164/1738 1737/163/1737 
f 1742/168/1742 1740/166/1740 1737/163/1737 1739/165/1739 
f 1743/169/1743 1744/170/1744 1741/167/1741 1740/166/1740 
f 1740/166/1740 1742/168/1742 1745/171/1745 1743/169/1743 
f 1730/156/1730 1729/155/1729 1746/173/1746 1747/172/1747 
f 1730/156/1730 1747/172/1747 1748/178/1748 1749/179/1749 
f 1750/156/1750 1751/179/1751 1752/180/1752 1753/153/1753 
f 1753/153/1753 1752/180/1752 1754/162/1754 1755/160/1755 
f 1756/158/1756 1757/157/1757 1758/163/1758 1759/164/1759 
f 1757/157/1757 1760/161/1760 1761/165/1761 1758/163/1758 
f 1759/164/1759 1758/163/1758 1762/166/1762 1763/167/1763 
f 1758/163/1758 1761/165/1761 1764/168/1764 1762/166/1762 
f 1763/167/1763 1762/166/1762 1765/169/1765 1766/170/1766 
f 1762/166/1762 1764/168/1764 1767/171/1767 1765/169/1765 
f 1750/156/1750 1768/155/1768 1769/173/1769 1770/172/1770 
f 1750/156/1750 1770/172/1770 1771/178/1771 1751/179/1751 
f 1772/156/1772 1773/179/1773 1774/180/1774 1775/153/1775 
f 1775/153/1775 1774/180/1774 1776/162/1776 1777/160/1777 
f 1778/158/1778 1779/157/1779 1780/163/1780 1781/164/1781 
f 1779/157/1779 1782/161/1782 1783/165/1783 1780/163/1780 
f 1781/164/1781 1780/163/1780 1784/166/1784 1785/167/1785 
f 1780/163/1780 1783/165/1783 1786/168/1786 1784/166/1784 
f 1785/167/1785 1784/166/1784 1787/169/1787 1788/170/1788 
f 1784/166/1784 1786/168/1786 1789/171/1789 1787/169/1787 
f 1772/156/1772 1790/155/1790 1791/173/1791 1792/172/1792 
f 1772/156/1772 1792/172/1792 1793/178/1793 1773/179/1773 
f 1794/156/1794 1795/179/1795 1796/180/1796 1797/153/1797 
f 1797/153/1797 1796/180/1796 1798/162/1798 1799/160/1799 
f 1800/158/1800 1801/157/1801 1802/163/1802 1803/164/1803 
f 1801/157/1801 1804/161/1804 1805/165/1805 1802/163/1802 
f 1803/164/1803 1802/163/1802 1806/166/1806 1807/167/1807 
f 1802/163/1802 1805/165/1805 1808/168/1808 1806/166/1806 
f 1807/167/1807 1806/166/1806 1809/169/1809 1810/170/1810 
f 1806/166/1806 1808/168/1808 1811/171/1811 1809/169/1809 
f 1794/156/1794 1812/155/1812 1813/173/1813 1814/172/1814 
f 1794/156/1794 1814/172/1814 1815/178/1815 1795/179/1795 
f 1816/156/1816 1817/179/1817 1818/180/1818 1819/153/1819 
f 1819/153/1819 1818/180/1818 1820/162/1820 1821/160/1821 
f 1822/158/1822 1823/157/1823 1824/163/1824 1825/164/1825 
f 1823/157/1823 1826/161/1826 1827/165/1827 1824/163/1824 
f 1825/164/1825 1824/163/1824 1828/166/1828 1829/167/1829 
f 1824/163/1824 1827/165/1827 1830/168/1830 1828/166/1828 
f 1829/167/1829 1828/166/1828 1831/169/1831 1832/170/1832 
f 1828/166/1828 1830/168/1830 1833/171/1833 1831/169/1831 
f 1816/156/1816 1834/155/1834 1835/173/1835 1836/172/1836 
f 1816/156/1816 1836/172/1836 1837/178/1837 1817/179/1817 
f 1838/153/1838 1839/154/1839 1840/155/1840 1841/156/1841 
f 1842/157/1842 1843/158/1843 1844/159/1844 1845/160/1845 
f 1846/161/1846 1842/157/1842 1845/160/1845 1847/162/1847 
f 1848/163/1848 1849/164/1849 1843/158/1843 1842/157/1842 
f 1850/165/1850 1848/163/1848 1842/157/1842 1846/161/1846 
f 1851/166/1851 1852/167/1852 1849/164/1849 1848/163/1848 
f 1853/168/1853 1851/166/1851 1848/163/1848 1850/165/1850 
f 1851/166/1851 1854/169/1854 1855/170/1855 1852/167/1852 
f 1851/166/1851 1853/168/1853 1856/171/1856 1854/169/1854 
f 1857/172/1857 1858/173/1858 1859/174/1859 1860/175/1860 
f 1860/175/1860 1859/174/1859 1861/176/1861 1862/177/1862 
f 1857/172/1857 1863/178/1863 1864/179/1864 1841/156/1841 
f 1865/153/1865 1866/154/1866 1867/155/1867 1868/156/1868 
f 1869/157/1869 1870/158/1870 1871/159/1871 1872/160/1872 
f 1873/161/1873 1869/157/1869 1872/160/1872 1874/162/1874 
f 1875/163/1875 1876/164/1876 1870/158/1870 1869/157/1869 
f 1877/165/1877 1875/163/1875 1869/157/1869 1873/161/1873 
f 1878/166/1878 1879/167/1879 1876/164/1876 1875/163/1875 
f 1880/168/1880 1878/166/1878 1875/163/1875 1877/165/1877 
f 1881/169/1881 1882/170/1882 1879/167/1879 1878/166/1878 
f 1878/166/1878 1880/168/1880 1883/171/1883 1881/169/1881 
f 1868/156/1868 1867/155/1867 1884/173/1884 1885/172/1885 
f 1868/156/1868 1885/172/1885 1886/178/1886 1887/179/1887 
f 1888/153/1888 1889/154/1889 1890/155/1890 1891/156/1891 
f 1892/157/1892 1893/158/1893 1894/159/1894 1895/160/1895 
f 1896/161/1896 1892/157/1892 1895/160/1895 1897/162/1897 
f 1898/163/1898 1899/164/1899 1893/158/1893 1892/157/1892 
f 1900/165/1900 1898/163/1898 1892/157/1892 1896/161/1896 
f 1901/166/1901 1902/167/1902 1899/164/1899 1898/163/1898 
f 1903/168/1903 1901/166/1901 1898/163/1898 1900/165/1900 
f 1901/166/1901 1904/169/1904 1905/170/1905 1902/167/1902 
f 1901/166/1901 1903/168/1903 1906/171/1906 1904/169/1904 
f 1891/156/1891 1890/155/1890 1907/173/1907 1908/172/1908 
f 1891/156/1891 1908/172/1908 1909/178/1909 1910/179/1910 
f 1911/156/1911 1912/179/1912 1913/180/1913 1914/153/1914 
f 1914/153/1914 1913/180/1913 1915/162/1915 1916/160/1916 
f 1917/158/1917 1918/157/1918 1919/163/1919 1920/164/1920 
f 1918/157/1918 1921/161/1921 1922/165/1922 1919/163/1919 
f 1920/164/1920 1919/163/1919 1923/166/1923 1924/167/1924 
f 1919/163/1919 1922/165/1922 1925/168/1925 1923/166/1923 
f 1924/167/1924 1923/166/1923 1926/169/1926 1927/170/1927 
f 1923/166/1923 1925/168/1925 1928/171/1928 1926/169/1926 
f 1911/156/1911 1929/155/1929 1930/173/1930 1931/172/1931 
f 1911/156/1911 1931/172/1931 1932/178/1932 1912/179/1912 
f 1933/180/1933 1673/153/1673 1676/156/1676 1699/179/1699 
f 1698/178/1698 1692/172/1692 1695/175/1695 1934/181/1934 
f 1693/173/1693 1692/172/1692 1676/156/1676 1675/155/1675 
f 1934/181/1934 1695/175/1695 1697/177/1697 1935/182/1935 
f 1936/180/1936 1700/153/1700 1703/156/1703 1726/179/1726 
f 1725/178/1725 1719/172/1719 1722/175/1722 1937/181/1937 
f 1720/173/1720 1719/172/1719 1703/156/1703 1702/155/1702 
f 1937/181/1937 1722/175/1722 1724/177/1724 1938/182/1938 
f 1939/180/1939 1727/153/1727 1730/156/1730 1749/179/1749 
f 1940/174/1940 1941/175/1941 1747/172/1747 1746/173/1746 
f 1748/178/1748 1747/172/1747 1941/175/1941 1942/181/1942 
f 1943/176/1943 1944/177/1944 1941/175/1941 1940/174/1940 
f 1942/181/1942 1941/175/1941 1944/177/1944 1945/182/1945 
f 1768/155/1768 1750/156/1750 1753/153/1753 1946/154/1946 
f 1947/174/1947 1948/175/1948 1770/172/1770 1769/173/1769 
f 1771/178/1771 1770/172/1770 1948/175/1948 1949/181/1949 
f 1950/176/1950 1951/177/1951 1948/175/1948 1947/174/1947 
f 1949/181/1949 1948/175/1948 1951/177/1951 1952/182/1952 
f 1790/155/1790 1772/156/1772 1775/153/1775 1953/154/1953 
f 1954/174/1954 1955/175/1955 1792/172/1792 1791/173/1791 
f 1793/178/1793 1792/172/1792 1955/175/1955 1956/181/1956 
f 1957/176/1957 1958/177/1958 1955/175/1955 1954/174/1954 
f 1956/181/1956 1955/175/1955 1958/177/1958 1959/182/1959 
f 1812/155/1812 1794/156/1794 1797/153/1797 1960/154/1960 
f 1961/174/1961 1962/175/1962 1814/172/1814 1813/173/1813 
f 1815/178/1815 1814/172/1814 1962/175/1962 1963/181/1963 
f 1964/176/1964 1965/177/1965 1962/175/1962 1961/174/1961 
f 1963/181/1963 1962/175/1962 1965/177/1965 1966/182/1966 
f 1834/155/1834 1816/156/1816 1819/153/1819 1967/154/1967 
f 1968/174/1968 1969/175/1969 1836/172/1836 1835/173/1835 
f 1837/178/1837 1836/172/1836 1969/175/1969 1970/181/1970 
f 1971/176/1971 1972/177/1972 1969/175/1969 1968/174/1968 
f 1970/181/1970 1969/175/1969 1972/177/1972 1973/182/1973 
f 1974/180/1974 1838/153/1838 1841/156/1841 1864/179/1864 
f 1863/178/1863 1857/172/1857 1860/175/1860 1975/181/1975 
f 1858/173/1858 1857/172/1857 1841/156/1841 1840/155/1840 
f 1975/181/1975 1860/175/1860 1862/177/1862 1976/182/1976 
f 1977/180/1977 1865/153/1865 1868/156/1868 1887/179/1887 
f 1978/174/1978 1979/175/1979 1885/172/1885 1884/173/1884 
f 1886/178/1886 1885/172/1885 1979/175/1979 1980/181/1980 
f 1981/176/1981 1982/177/1982 1979/175/1979 1978/174/1978 
f 1980/181/1980 1979/175/1979 1982/177/1982 1983/182/1983 
f 1984/180/1984 1888/153/1888 1891/156/1891 1910/179/1910 
f 1985/174/1985 1986/175/1986 1908/172/1908 1907/173/1907 
f 1909/178/1909 1908/172/1908 1986/175/1986 1987/181/1987 
f 1988/176/1988 1989/177/1989 1986/175/1986 1985/174/1985 
f 1987/181/1987 1986/175/1986 1989/177/1989 1990/182/1990 
f 1929/155/1929 1911/156/1911 1914/153/1914 1991/154/1991 
f 1992/174/1992 1993/175/1993 1931/172/1931 1930/173/1930 
f 1932/178/1932 1931/172/1931 1993/175/1993 1994/181/1994 
f 1995/176/1995 1996/177/1996 1993/175/1993 1992/174/1992 
f 1994/181/1994 1993/175/1993 1996/177/1996 1997/182/1997 
f 1679/159/1679 1674/154/1674 1673/153/1673 1680/160/1680 
f 1680/160/1680 1673/153/1673 1933/180/1933 1682/162/1682 
f 1706/159/1706 1701/154/1701 1700/153/1700 1707/160/1707 
f 1707/160/1707 1700/153/1700 1936/180/1936 1709/162/1709 
f 1733/159/1733 1728/154/1728 1727/153/1727 1734/160/1734 
f 1734/160/1734 1727/153/1727 1939/180/1939 1736/162/1736 
f 1755/160/1755 1757/157/1757 1756/158/1756 1998/159/1998 
f 1754/162/1754 1760/161/1760 1757/157/1757 1755/160/1755 
f 1777/160/1777 1779/157/1779 1778/158/1778 1999/159/1999 
f 1776/162/1776 1782/161/1782 1779/157/1779 1777/160/1777 
f 1799/160/1799 1801/157/1801 1800/158/1800 2000/159/2000 
f 1798/162/1798 1804/161/1804 1801/157/1801 1799/160/1799 
f 1821/160/1821 1823/157/1823 1822/158/1822 2001/159/2001 
f 1820/162/1820 1826/161/1826 1823/157/1823 1821/160/1821 
f 1844/159/1844 1839/154/1839 1838/153/1838 1845/160/1845 
f 1845/160/1845 1838/153/1838 1974/180/1974 1847/162/1847 
f 1871/159/1871 1866/154/1866 1865/153/1865 1872/160/1872 
f 1872/160/1872 1865/153/1865 1977/180/1977 1874/162/1874 
f 1894/159/1894 1889/154/1889 1888/153/1888 1895/160/1895 
f 1895/160/1895 1888/153/1888 1984/180/1984 1897/162/1897 
f 1916/160/1916 1918/157/1918 1917/158/1917 2002/159/2002 
f 1915/162/1915 1921/161/1921 1918/157/1918 1916/160/1916 
f 1946/154/1946 1753/153/1753 1755/160/1755 1998/159/1998 
f 1953/154/1953 1775/153/1775 1777/160/1777 1999/159/1999 
f 1960/154/1960 1797/153/1797 1799/160/1799 2000/159/2000 
f 1967/154/1967 1819/153/1819 1821/160/1821 2001/159/2001 
f 1991/154/1991 1914/153/1914 1916/160/1916 2002/159/2002 
# 198 polygons

#
# object PalmPlant_LOD3
#

v  11.5057 88.8927 11.9132
v  17.5653 90.4558 1.5988
v  7.2511 54.3669 -0.7863
v  4.3330 54.0812 4.4866
v  0.9867 90.4558 17.6103
v  -1.0381 54.3669 7.2194
v  23.0425 113.2927 23.8586
v  29.4443 115.5864 13.8986
v  12.8657 115.5864 29.9101
v  38.4080 134.7263 39.7684
v  45.1758 137.5583 30.1873
v  28.5972 137.5583 46.1987
v  0.0847 -6.1802 0.4026
v  -1.6749 0.1358 1.0497
v  0.0000 89.7082 -11.8945
v  -11.5240 91.0850 -8.6006
v  -5.7620 54.5467 -1.8013
v  0.0000 54.3626 -3.5803
v  11.5240 91.0850 -8.6006
v  5.7621 54.5467 -1.8013
v  0.0000 115.0194 -27.0766
v  -11.5240 117.1537 -24.2328
v  11.5240 117.1537 -24.2328
v  -0.0000 137.6846 -47.9311
v  -11.5241 140.3865 -45.5823
v  11.5240 140.3865 -45.5823
v  0.1264 -6.2141 0.5056
v  1.8399 0.0000 1.0646
v  12.1719 135.2948 -5.5607
v  4.0476 136.8438 -14.5191
v  -0.5335 94.8113 -6.0913
v  3.6639 94.5917 -1.6738
v  13.5547 136.8438 6.4775
v  4.2201 94.8113 4.4071
v  27.7080 163.7719 -12.6585
v  20.0444 166.1732 -21.8273
v  29.5514 166.1732 -0.8307
v  49.0487 189.2720 -22.4080
v  41.8917 192.3118 -31.8083
v  51.3988 192.3118 -10.8117
v  -1.4290 0.4977 -0.9732
v  0.0556 -5.8358 0.4711
v  0.0781 0.4977 2.3552
v  -7.5036 49.8412 0.5199
v  -6.9555 50.0365 -3.0542
v  -13.7385 69.9765 -5.7068
v  -14.6203 69.0644 1.4133
v  -12.1308 70.1338 7.8946
v  -24.6747 81.8412 2.9555
v  -22.4838 83.2933 9.4824
v  -24.0915 83.1361 -4.1189
v  -37.6120 92.7613 5.0471
v  -35.7304 94.4887 11.6238
v  -37.3381 94.3315 -1.9776
v  -6.1516 50.1151 3.7464
v  0.6107 0.3456 1.3313
v  0.1569 -6.0139 0.4365
v  0.3579 0.2669 -0.7847
v  3.9003 50.0704 -4.6967
v  6.1357 50.2332 -1.8526
v  12.3032 70.3783 -4.4571
v  7.7170 69.5245 -9.9837
v  1.2594 70.5356 -12.5574
v  13.1914 82.6367 -18.0348
v  6.8963 84.0405 -20.8474
v  17.9401 83.8832 -12.7471
v  20.2669 93.9917 -28.6176
v  14.1410 95.6813 -31.6826
v  25.1848 95.5240 -23.5823
v  0.6138 50.3118 -5.9028
v  -0.9772 0.3027 0.0473
v  0.1079 -6.0241 0.4707
v  0.7373 0.2241 1.3020
v  3.8188 41.4743 7.3237
v  0.9789 41.6823 8.0506
v  1.6368 57.4997 14.8465
v  7.2149 56.6726 13.2181
v  11.3057 57.6273 9.3639
v  11.8552 66.4953 20.8109
v  16.0839 67.7443 17.1823
v  6.4150 67.6167 22.6649
v  17.7654 74.6627 30.2988
v  22.1356 76.1186 26.8977
v  12.4667 75.9910 32.3803
v  5.8133 41.7461 5.3093
v  0.6779 0.3056 -0.3444
v  0.1119 -6.0464 0.4231
v  -0.8216 0.2418 0.5091
v  -2.9517 27.8821 4.6273
v  -4.1765 28.0190 3.3677
v  -7.6483 37.4012 5.9479
v  -5.1345 36.8841 8.3566
v  -1.9188 37.4777 9.3539
v  -7.7875 42.6300 13.1645
v  -4.6507 43.3959 14.3047
v  -10.3802 43.3194 10.8987
v  -11.0358 47.3475 19.1741
v  -7.9771 48.2330 20.4584
v  -13.7066 48.1565 17.0524
v  -1.3118 28.0573 5.0707
v  0.6166 0.1157 0.4433
v  0.1320 -6.1308 0.4323
v  -0.2578 0.0775 -0.0753
v  -12.9878 88.8927 10.2773
v  -3.3199 90.4558 17.3227
v  0.0689 54.3670 7.2933
v  -4.8912 54.0813 3.8704
v  -17.6218 90.4559 -0.7513
v  -7.0821 54.3669 -1.7437
v  -26.0107 113.2927 20.5823
v  -16.7291 115.5864 27.9334
v  -31.0311 115.5865 9.8594
v  -43.3555 134.7263 34.3074
v  -34.4871 137.5583 41.9853
v  -48.7890 137.5583 23.9113
v  0.1731 -6.1802 0.4085
v  -0.4306 0.1359 -1.4893
v  -3.2670 135.2948 12.9770
v  8.8039 136.8438 12.2344
v  5.0883 94.8112 3.3907
v  -0.9834 94.5916 3.9062
v  -13.5284 136.8438 6.5323
v  -6.0778 94.8112 0.5397
v  -7.4369 163.7719 29.5409
v  4.5103 166.1732 29.2893
v  -17.8219 166.1732 23.5872
v  -13.1648 189.2720 52.2932
v  -1.3535 192.3118 52.5818
v  -23.6858 192.3118 46.8797
v  2.0730 0.4977 -0.0319
v  0.1430 -5.8358 0.3661
v  -1.4671 0.4977 -0.9358
v  -11.6762 135.2948 -6.5377
v  -11.5690 136.8438 0.8124
v  -3.3314 94.8113 1.7798
v  -3.5147 94.5917 -1.9679
v  -5.3164 136.8438 -10.2669
v  -0.2051 94.8113 -3.7599
v  -26.5797 163.7719 -14.8825
v  -26.9144 166.1732 -7.7798
v  -20.6618 166.1732 -18.8591
v  -47.0515 189.2720 -26.3450
v  -47.8721 192.3118 -19.5144
v  -41.6195 192.3118 -30.5937
v  0.3403 0.4977 1.6311
v  0.1906 -5.8358 0.4766
v  1.3315 0.4977 -0.1252
v  8.8970 41.7141 -0.0250
v  8.4290 42.1294 2.8075
v  20.3413 50.3133 5.2478
v  20.6171 49.0953 -0.4047
v  19.9618 50.9860 -5.6856
v  30.3274 46.0593 -1.1899
v  30.2359 47.8505 -6.4940
v  30.4664 47.1055 4.4394
v  37.9420 37.5676 -2.2957
v  38.1000 39.0435 -7.6260
v  38.2047 38.2641 3.3074
v  8.1429 42.3708 -2.6592
v  -0.2728 0.2371 -0.4620
v  0.0998 -6.0540 0.4470
v  -0.1602 0.1700 1.2245
v  0.8645 0.1358 -1.4028
v  -1.6439 -0.0000 1.0646
v  1.7601 0.1358 1.2791
# 165 vertices

vn -0.4845 0.7166 -0.5017
vn -0.6273 0.7103 -0.3192
vn -0.7361 0.5771 -0.3537
vn -0.5652 0.5811 -0.5856
vn -0.2972 0.7103 -0.6380
vn -0.3271 0.5762 -0.7490
vn -0.3864 0.8310 -0.4001
vn -0.5275 0.8164 -0.2350
vn -0.2165 0.8164 -0.5353
vn -0.3447 0.8682 -0.3569
vn -0.4843 0.8524 -0.1970
vn -0.1801 0.8524 -0.4908
vn -0.5938 0.5220 -0.6123
vn -0.3018 0.5153 -0.8021
vn 0.0000 0.6870 0.7267
vn 0.2330 0.6820 0.6933
vn 0.2706 0.5491 0.7907
vn -0.0001 0.5514 0.8342
vn -0.2330 0.6820 0.6933
vn -0.2712 0.5487 0.7908
vn 0.0000 0.8080 0.5891
vn 0.2186 0.7942 0.5670
vn -0.2186 0.7942 0.5670
vn -0.0000 0.8478 0.5303
vn 0.2136 0.8327 0.5108
vn -0.2136 0.8327 0.5108
vn 0.0013 0.4983 0.8670
vn -0.3052 0.4947 0.8137
vn -0.6631 0.6856 0.3005
vn -0.5190 0.6781 0.5204
vn -0.5968 0.5380 0.5952
vn -0.7668 0.5404 0.3464
vn -0.7339 0.6776 0.0473
vn -0.8420 0.5368 0.0537
vn -0.5366 0.8080 0.2432
vn -0.4105 0.7911 0.4535
vn -0.6124 0.7905 0.0100
vn -0.4829 0.8478 0.2192
vn -0.3623 0.8293 0.4256
vn -0.5595 0.8288 -0.0078
vn -0.6095 0.4774 0.6329
vn -0.7971 0.4786 0.3683
vn -0.8791 0.4753 0.0351
vn 0.7823 0.6149 -0.0991
vn 0.7671 0.6100 0.1985
vn 0.6560 0.7438 0.1282
vn 0.6542 0.7517 -0.0838
vn 0.5975 0.7474 -0.2906
vn 0.5078 0.8588 -0.0678
vn 0.4609 0.8475 -0.2633
vn 0.5218 0.8429 0.1314
vn 0.4459 0.8926 -0.0662
vn 0.4029 0.8797 -0.2527
vn 0.4623 0.8765 0.1341
vn 0.6950 0.6062 -0.3867
vn 0.6984 0.5330 -0.4777
vn 0.8303 0.5481 -0.1014
vn 0.7911 0.5422 0.2830
vn -0.4710 0.5970 0.6494
vn -0.6734 0.5918 0.4431
vn -0.5529 0.7282 0.4051
vn -0.3957 0.7355 0.5500
vn -0.2040 0.7320 0.6501
vn -0.3086 0.8466 0.4336
vn -0.1323 0.8358 0.5328
vn -0.4644 0.8308 0.3066
vn -0.2679 0.8819 0.3878
vn -0.1010 0.8695 0.4836
vn -0.4260 0.8660 0.2619
vn -0.2132 0.5921 0.7772
vn -0.1670 0.5244 0.8349
vn -0.4914 0.5322 0.6894
vn -0.7448 0.5251 0.4117
vn -0.3817 0.6457 -0.6614
vn -0.0663 0.6348 -0.7698
vn -0.1228 0.7720 -0.6237
vn -0.3140 0.7808 -0.5401
vn -0.4805 0.7751 -0.4102
vn -0.2408 0.8805 -0.4083
vn -0.4015 0.8683 -0.2914
vn -0.0652 0.8643 -0.4988
vn -0.2147 0.9114 -0.3511
vn -0.3690 0.8977 -0.2410
vn -0.0388 0.8951 -0.4441
vn -0.6331 0.6337 -0.4445
vn -0.7434 0.5500 -0.3805
vn -0.4122 0.5703 -0.7105
vn 0.0481 0.5536 -0.8314
vn 0.3814 0.6552 -0.6521
vn 0.6566 0.6418 -0.3962
vn 0.4723 0.7833 -0.4042
vn 0.3057 0.7925 -0.5278
vn 0.1116 0.7862 -0.6078
vn 0.2269 0.8890 -0.3976
vn 0.0466 0.8764 -0.4793
vn 0.3920 0.8727 -0.2909
vn 0.1899 0.9187 -0.3462
vn 0.0187 0.9047 -0.4257
vn 0.3576 0.9024 -0.2404
vn 0.0220 0.6361 -0.7713
vn -0.1450 0.5333 -0.8334
vn 0.4147 0.5665 -0.7122
vn 0.7898 0.5467 -0.2781
vn 0.5469 0.7166 -0.4328
vn 0.3794 0.7103 -0.5929
vn 0.4242 0.5768 -0.6981
vn 0.6374 0.5821 -0.5049
vn 0.6642 0.7103 -0.2329
vn 0.7751 0.5784 -0.2541
vn 0.4362 0.8310 -0.3452
vn 0.2858 0.8164 -0.5018
vn 0.5540 0.8164 -0.1628
vn 0.3891 0.8682 -0.3079
vn 0.2437 0.8524 -0.4625
vn 0.5062 0.8524 -0.1309
vn 0.6699 0.5243 -0.5257
vn 0.8235 0.5201 -0.2267
vn 0.1799 0.6856 -0.7054
vn -0.0819 0.6781 -0.7304
vn -0.0976 0.5361 -0.8385
vn 0.2075 0.5392 -0.8162
vn 0.4217 0.6776 -0.6025
vn 0.4857 0.5364 -0.6902
vn 0.1456 0.8080 -0.5709
vn -0.0974 0.7911 -0.6039
vn 0.3749 0.7905 -0.4843
vn 0.1307 0.8478 -0.5139
vn -0.1058 0.8293 -0.5488
vn 0.3558 0.8288 -0.4319
vn -0.1261 0.4732 -0.8719
vn 0.2209 0.4758 -0.8513
vn 0.5250 0.4742 -0.7067
vn 0.6344 0.6854 0.3574
vn 0.7528 0.6549 -0.0656
vn 0.8467 0.5270 -0.0731
vn 0.7333 0.5420 0.4105
vn 0.3347 0.6543 0.6782
vn 0.3812 0.5279 0.7589
vn 0.5134 0.8080 0.2891
vn 0.6424 0.7599 -0.0995
vn 0.2488 0.7591 0.6015
vn 0.4623 0.8478 0.2597
vn 0.5950 0.7952 -0.1166
vn 0.2096 0.7945 0.5699
vn 0.8752 0.4728 -0.1022
vn 0.7585 0.4801 0.4406
vn 0.3763 0.4752 0.7953
vn -0.5959 0.8009 0.0582
vn -0.5452 0.7937 -0.2698
vn -0.0833 0.9862 -0.1434
vn -0.0748 0.9961 0.0478
vn -0.0530 0.9706 0.2349
vn 0.3923 0.9192 0.0333
vn 0.3673 0.9124 0.1807
vn 0.3461 0.9311 -0.1149
vn 0.5416 0.8401 0.0291
vn 0.5405 0.8286 0.1462
vn 0.5301 0.8428 -0.0937
vn -0.5008 0.7868 0.3607
vn -0.6662 0.5618 0.4905
vn -0.8104 0.5827 0.0615
vn -0.7174 0.5634 -0.4097
vn -0.7892 0.5171 -0.3313
vn 0.3038 0.4956 0.8137
vn 0.4069 0.5166 -0.7533
# 165 vertex normals

vt 0.5000 0.4125 0.0000
vt 0.0000 0.4125 0.0000
vt 0.2500 0.0750 0.0000
vt 0.5000 0.0750 0.0000
vt 1.0000 0.4125 0.0000
vt 0.7500 0.0750 0.0000
vt 0.5000 0.6996 0.0000
vt 0.0000 0.6996 0.0000
vt 1.0000 0.6996 0.0000
vt 0.5000 0.9940 0.0000
vt 0.0000 0.9940 0.0000
vt 1.0000 0.9940 0.0000
vt 0.5000 0.0000 0.0000
vt 0.7500 0.0000 0.0000
vt 0.2500 0.0000 0.0000
# 15 texture coords

o PalmPlant_LOD3
g PalmPlant_LOD3
usemtl Material__25
s 2
f 2003/183/2003 2004/184/2004 2005/185/2005 2006/186/2006 
f 2007/187/2007 2003/183/2003 2006/186/2006 2008/188/2008 
f 2009/189/2009 2010/190/2010 2004/184/2004 2003/183/2003 
f 2011/191/2011 2009/189/2009 2003/183/2003 2007/187/2007 
f 2009/189/2009 2012/192/2012 2013/193/2013 2010/190/2010 
f 2009/189/2009 2011/191/2011 2014/194/2014 2012/192/2012 
f 2015/195/2015 2016/196/2016 2008/188/2008 2006/186/2006 
f 2017/183/2017 2018/184/2018 2019/185/2019 2020/186/2020 
f 2021/187/2021 2017/183/2017 2020/186/2020 2022/188/2022 
f 2023/189/2023 2024/190/2024 2018/184/2018 2017/183/2017 
f 2025/191/2025 2023/189/2023 2017/183/2017 2021/187/2021 
f 2023/189/2023 2026/192/2026 2027/193/2027 2024/190/2024 
f 2023/189/2023 2025/191/2025 2028/194/2028 2026/192/2026 
f 2029/195/2029 2030/196/2030 2022/188/2022 2020/186/2020 
f 2031/183/2031 2032/184/2032 2033/185/2033 2034/186/2034 
f 2035/187/2035 2031/183/2031 2034/186/2034 2036/188/2036 
f 2037/189/2037 2038/190/2038 2032/184/2032 2031/183/2031 
f 2039/191/2039 2037/189/2037 2031/183/2031 2035/187/2035 
f 2040/192/2040 2041/193/2041 2038/190/2038 2037/189/2037 
f 2037/189/2037 2039/191/2039 2042/194/2042 2040/192/2040 
f 2034/186/2034 2033/185/2033 2043/197/2043 2044/195/2044 
f 2034/186/2034 2044/195/2044 2045/196/2045 2036/188/2036 
f 2046/186/2046 2047/188/2047 2048/187/2048 2049/183/2049 
f 2050/184/2050 2049/183/2049 2051/189/2051 2052/190/2052 
f 2049/183/2049 2048/187/2048 2053/191/2053 2051/189/2051 
f 2052/190/2052 2051/189/2051 2054/192/2054 2055/193/2055 
f 2051/189/2051 2053/191/2053 2056/194/2056 2054/192/2054 
f 2046/186/2046 2057/185/2057 2058/197/2058 2059/195/2059 
f 2046/186/2046 2059/195/2059 2060/196/2060 2047/188/2047 
f 2061/186/2061 2062/188/2062 2063/187/2063 2064/183/2064 
f 2065/184/2065 2064/183/2064 2066/189/2066 2067/190/2067 
f 2064/183/2064 2063/187/2063 2068/191/2068 2066/189/2066 
f 2067/190/2067 2066/189/2066 2069/192/2069 2070/193/2070 
f 2066/189/2066 2068/191/2068 2071/194/2071 2069/192/2069 
f 2061/186/2061 2072/185/2072 2073/197/2073 2074/195/2074 
f 2061/186/2061 2074/195/2074 2075/196/2075 2062/188/2062 
f 2076/186/2076 2077/188/2077 2078/187/2078 2079/183/2079 
f 2080/184/2080 2079/183/2079 2081/189/2081 2082/190/2082 
f 2079/183/2079 2078/187/2078 2083/191/2083 2081/189/2081 
f 2082/190/2082 2081/189/2081 2084/192/2084 2085/193/2085 
f 2081/189/2081 2083/191/2083 2086/194/2086 2084/192/2084 
f 2076/186/2076 2087/185/2087 2088/197/2088 2089/195/2089 
f 2076/186/2076 2089/195/2089 2090/196/2090 2077/188/2077 
f 2091/186/2091 2092/188/2092 2093/187/2093 2094/183/2094 
f 2095/184/2095 2094/183/2094 2096/189/2096 2097/190/2097 
f 2094/183/2094 2093/187/2093 2098/191/2098 2096/189/2096 
f 2097/190/2097 2096/189/2096 2099/192/2099 2100/193/2100 
f 2096/189/2096 2098/191/2098 2101/194/2101 2099/192/2099 
f 2091/186/2091 2102/185/2102 2103/197/2103 2104/195/2104 
f 2091/186/2091 2104/195/2104 2105/196/2105 2092/188/2092 
f 2106/183/2106 2107/184/2107 2108/185/2108 2109/186/2109 
f 2110/187/2110 2106/183/2106 2109/186/2109 2111/188/2111 
f 2112/189/2112 2113/190/2113 2107/184/2107 2106/183/2106 
f 2114/191/2114 2112/189/2112 2106/183/2106 2110/187/2110 
f 2112/189/2112 2115/192/2115 2116/193/2116 2113/190/2113 
f 2112/189/2112 2114/191/2114 2117/194/2117 2115/192/2115 
f 2118/195/2118 2119/196/2119 2111/188/2111 2109/186/2109 
f 2120/183/2120 2121/184/2121 2122/185/2122 2123/186/2123 
f 2124/187/2124 2120/183/2120 2123/186/2123 2125/188/2125 
f 2126/189/2126 2127/190/2127 2121/184/2121 2120/183/2120 
f 2128/191/2128 2126/189/2126 2120/183/2120 2124/187/2124 
f 2129/192/2129 2130/193/2130 2127/190/2127 2126/189/2126 
f 2126/189/2126 2128/191/2128 2131/194/2131 2129/192/2129 
f 2123/186/2123 2122/185/2122 2132/197/2132 2133/195/2133 
f 2123/186/2123 2133/195/2133 2134/196/2134 2125/188/2125 
f 2135/183/2135 2136/184/2136 2137/185/2137 2138/186/2138 
f 2139/187/2139 2135/183/2135 2138/186/2138 2140/188/2140 
f 2141/189/2141 2142/190/2142 2136/184/2136 2135/183/2135 
f 2143/191/2143 2141/189/2141 2135/183/2135 2139/187/2139 
f 2141/189/2141 2144/192/2144 2145/193/2145 2142/190/2142 
f 2141/189/2141 2143/191/2143 2146/194/2146 2144/192/2144 
f 2138/186/2138 2137/185/2137 2147/197/2147 2148/195/2148 
f 2138/186/2138 2148/195/2148 2149/196/2149 2140/188/2140 
f 2150/186/2150 2151/188/2151 2152/187/2152 2153/183/2153 
f 2154/184/2154 2153/183/2153 2155/189/2155 2156/190/2156 
f 2153/183/2153 2152/187/2152 2157/191/2157 2155/189/2155 
f 2156/190/2156 2155/189/2155 2158/192/2158 2159/193/2159 
f 2155/189/2155 2157/191/2157 2160/194/2160 2158/192/2158 
f 2150/186/2150 2161/185/2161 2162/197/2162 2163/195/2163 
f 2150/186/2150 2163/195/2163 2164/196/2164 2151/188/2151 
f 2165/197/2165 2015/195/2015 2006/186/2006 2005/185/2005 
f 2166/197/2166 2029/195/2029 2020/186/2020 2019/185/2019 
f 2057/185/2057 2046/186/2046 2049/183/2049 2050/184/2050 
f 2072/185/2072 2061/186/2061 2064/183/2064 2065/184/2065 
f 2087/185/2087 2076/186/2076 2079/183/2079 2080/184/2080 
f 2102/185/2102 2091/186/2091 2094/183/2094 2095/184/2095 
f 2167/197/2167 2118/195/2118 2109/186/2109 2108/185/2108 
f 2161/185/2161 2150/186/2150 2153/183/2153 2154/184/2154 
# 88 polygons

#
# object PalmPlant_LOD4
#

v  17.5653 90.4558 1.5988
v  7.2511 54.3669 -0.7863
v  -1.0381 54.3669 7.2194
v  0.9867 90.4558 17.6103
v  29.4443 115.5864 13.8986
v  12.8657 115.5864 29.9101
v  28.5972 137.5583 46.1987
v  45.1758 137.5583 30.1873
v  -11.5240 91.0850 -8.6006
v  -5.7620 54.5467 -1.8013
v  5.7621 54.5467 -1.8013
v  11.5240 91.0850 -8.6006
v  -11.5240 117.1537 -24.2328
v  11.5240 117.1537 -24.2328
v  11.5240 140.3865 -45.5823
v  -11.5241 140.3865 -45.5823
v  4.0476 136.8438 -14.5191
v  -0.5335 94.8113 -6.0913
v  4.2201 94.8113 4.4071
v  13.5547 136.8438 6.4775
v  20.0444 166.1732 -21.8273
v  29.5514 166.1732 -0.8307
v  41.8917 192.3118 -31.8083
v  51.3988 192.3118 -10.8117
v  -1.4290 0.4977 -0.9732
v  0.0781 0.4977 2.3552
v  -12.1308 70.1338 7.8946
v  -13.7385 69.9765 -5.7068
v  -24.0915 83.1361 -4.1189
v  -22.4838 83.2933 9.4824
v  -37.3381 94.3315 -1.9776
v  -35.7304 94.4887 11.6238
v  -6.1516 50.1151 3.7464
v  0.6107 0.3456 1.3313
v  0.3579 0.2669 -0.7847
v  -6.9555 50.0365 -3.0542
v  1.2594 70.5356 -12.5574
v  12.3032 70.3783 -4.4571
v  17.9401 83.8832 -12.7471
v  6.8963 84.0405 -20.8474
v  25.1848 95.5240 -23.5823
v  14.1410 95.6813 -31.6826
v  0.6138 50.3118 -5.9028
v  -0.9772 0.3027 0.0473
v  0.7373 0.2241 1.3020
v  6.1357 50.2332 -1.8526
v  11.3057 57.6273 9.3639
v  1.6368 57.4997 14.8465
v  6.4150 67.6167 22.6649
v  16.0839 67.7443 17.1823
v  12.4667 75.9910 32.3803
v  22.1356 76.1186 26.8977
v  5.8133 41.7461 5.3093
v  0.6779 0.3056 -0.3444
v  -0.8216 0.2418 0.5091
v  0.9789 41.6823 8.0506
v  -1.9188 37.4777 9.3539
v  -7.6483 37.4012 5.9479
v  -10.3802 43.3194 10.8987
v  -4.6507 43.3959 14.3047
v  -13.7066 48.1565 17.0524
v  -7.9771 48.2330 20.4584
v  -1.3118 28.0573 5.0707
v  0.6166 0.1157 0.4433
v  -0.2578 0.0775 -0.0753
v  -4.1765 28.0190 3.3677
v  -3.3199 90.4558 17.3227
v  0.0689 54.3670 7.2933
v  -7.0821 54.3669 -1.7437
v  -17.6218 90.4559 -0.7513
v  -16.7291 115.5864 27.9334
v  -31.0311 115.5865 9.8594
v  -48.7890 137.5583 23.9113
v  -34.4871 137.5583 41.9853
v  8.8039 136.8438 12.2344
v  5.0883 94.8112 3.3907
v  -6.0778 94.8112 0.5397
v  -13.5284 136.8438 6.5323
v  4.5103 166.1732 29.2893
v  -17.8219 166.1732 23.5872
v  -1.3535 192.3118 52.5818
v  -23.6858 192.3118 46.8797
v  2.0730 0.4977 -0.0319
v  -1.4671 0.4977 -0.9358
v  -11.5690 136.8438 0.8124
v  -3.3314 94.8113 1.7798
v  -0.2051 94.8113 -3.7599
v  -5.3164 136.8438 -10.2669
v  -26.9144 166.1732 -7.7798
v  -20.6618 166.1732 -18.8591
v  -41.6195 192.3118 -30.5937
v  -47.8721 192.3118 -19.5144
v  0.3403 0.4977 1.6311
v  1.3315 0.4977 -0.1252
v  19.9618 50.9860 -5.6856
v  20.3413 50.3133 5.2478
v  30.4664 47.1055 4.4394
v  30.2359 47.8505 -6.4940
v  38.2047 38.2641 3.3074
v  38.1000 39.0435 -7.6260
v  8.1429 42.3708 -2.6592
v  -0.2728 0.2371 -0.4620
v  -0.1602 0.1700 1.2245
v  8.4290 42.1294 2.8075
v  0.8645 0.1358 -1.4028
v  -1.6749 0.1358 1.0497
v  -1.6439 -0.0000 1.0646
v  1.8399 0.0000 1.0646
v  1.7601 0.1358 1.2791
v  -0.4306 0.1359 -1.4893
# 110 vertices

vn -0.6578 0.7087 -0.2551
vn -0.7607 0.5614 -0.3258
vn -0.2992 0.5612 -0.7717
vn -0.2321 0.7087 -0.6663
vn -0.5613 0.8078 -0.1797
vn -0.1601 0.8078 -0.5673
vn -0.0992 0.8626 -0.4961
vn -0.4923 0.8626 -0.1164
vn 0.3003 0.6814 0.6675
vn 0.3273 0.5259 0.7851
vn -0.3273 0.5258 0.7851
vn -0.3003 0.6814 0.6675
vn 0.2821 0.7862 0.5498
vn -0.2821 0.7862 0.5498
vn -0.2757 0.8450 0.4581
vn 0.2757 0.8450 0.4581
vn -0.4604 0.6776 0.5735
vn -0.5592 0.5091 0.6543
vn -0.8607 0.5089 -0.0104
vn -0.7352 0.6771 -0.0314
vn -0.3637 0.7812 0.5074
vn -0.6222 0.7805 -0.0604
vn -0.2842 0.8389 0.4641
vn -0.5373 0.8384 -0.0917
vn -0.5481 0.4723 0.6904
vn -0.8843 0.4648 -0.0448
vn 0.5660 0.7458 -0.3513
vn 0.6412 0.7433 0.1905
vn 0.5164 0.8350 0.1900
vn 0.4387 0.8391 -0.3218
vn 0.4215 0.8853 0.1963
vn 0.3421 0.8886 -0.3054
vn 0.7007 0.5978 -0.3894
vn 0.6833 0.4888 -0.5424
vn 0.7906 0.5010 0.3521
vn 0.7732 0.6024 0.1983
vn -0.1376 0.7310 0.6684
vn -0.5885 0.7282 0.3512
vn -0.5036 0.8232 0.2621
vn -0.0738 0.8277 0.5563
vn -0.4437 0.8759 0.1894
vn -0.0207 0.8797 0.4751
vn -0.1992 0.5775 0.7917
vn -0.0998 0.4930 0.8643
vn -0.7930 0.4885 0.3639
vn -0.6846 0.5808 0.4405
vn -0.5240 0.7725 -0.3587
vn -0.0606 0.7705 -0.6345
vn -0.0101 0.8559 -0.5170
vn -0.4467 0.8592 -0.2493
vn 0.0341 0.9018 -0.4308
vn -0.3940 0.9042 -0.1649
vn -0.6036 0.6489 -0.4632
vn -0.7936 0.4919 -0.3581
vn 0.0890 0.4921 -0.8660
vn -0.1046 0.6531 -0.7500
vn 0.0459 0.7832 -0.6201
vn 0.5124 0.7814 -0.3560
vn 0.4352 0.8642 -0.2525
vn -0.0119 0.8671 -0.4979
vn 0.3821 0.9082 -0.1708
vn -0.0596 0.9102 -0.4098
vn 0.0851 0.6993 -0.7097
vn -0.1501 0.4745 -0.8674
vn 0.8234 0.4860 -0.2930
vn 0.5652 0.7080 -0.4233
vn 0.3186 0.7087 -0.6295
vn 0.3991 0.5614 -0.7250
vn 0.7971 0.5618 -0.2217
vn 0.6859 0.7087 -0.1654
vn 0.2341 0.8078 -0.5409
vn 0.5803 0.8078 -0.1035
vn 0.5034 0.8626 -0.0499
vn 0.1643 0.8626 -0.4785
vn -0.1599 0.6776 -0.7178
vn -0.1613 0.5091 -0.8455
vn 0.5461 0.5089 -0.6654
vn 0.4840 0.6771 -0.5543
vn -0.1687 0.7812 -0.6011
vn 0.4360 0.7805 -0.4479
vn -0.1847 0.8389 -0.5119
vn 0.4074 0.8384 -0.3622
vn -0.2017 0.4592 -0.8651
vn 0.5887 0.4630 -0.6627
vn 0.7444 0.6447 -0.1741
vn 0.8505 0.4997 -0.1645
vn 0.3011 0.4995 0.8123
vn 0.2381 0.6441 0.7269
vn 0.6478 0.7373 -0.1918
vn 0.1732 0.7366 0.6538
vn 0.1061 0.7851 0.6102
vn 0.5755 0.7858 -0.2266
vn 0.8607 0.4642 -0.2091
vn 0.2705 0.4721 0.8390
vn -0.0355 0.9564 0.2898
vn -0.0628 0.9779 -0.1993
vn 0.3643 0.9169 -0.1630
vn 0.3844 0.8942 0.2294
vn 0.6188 0.7767 -0.1174
vn 0.6295 0.7596 0.1634
vn -0.5192 0.7903 0.3254
vn -0.7391 0.4768 0.4758
vn -0.8018 0.4697 -0.3694
vn -0.5511 0.8050 -0.2196
vn -0.8320 0.4812 -0.2762
vn -0.2470 0.4771 -0.8434
vn 0.3773 0.4805 0.7917
vn -0.3782 0.4783 0.7926
vn 0.3569 0.4793 -0.8018
vn 0.8578 0.4872 -0.1636
# 110 vertex normals

vt 0.0000 0.4125 0.0000
vt 0.2500 0.0750 0.0000
vt 0.7500 0.0750 0.0000
vt 1.0000 0.4125 0.0000
vt 0.0000 0.6996 0.0000
vt 1.0000 0.6996 0.0000
vt 1.0000 0.9940 0.0000
vt 0.0000 0.9940 0.0000
vt 0.2500 0.0000 0.0000
vt 0.7500 0.0000 0.0000
# 10 texture coords

o PalmPlant_LOD4
g PalmPlant_LOD4
usemtl Material__25
s 2
f 2168/198/2168 2169/199/2169 2170/200/2170 2171/201/2171 
f 2172/202/2172 2168/198/2168 2171/201/2171 2173/203/2173 
f 2173/203/2173 2174/204/2174 2175/205/2175 2172/202/2172 
f 2176/198/2176 2177/199/2177 2178/200/2178 2179/201/2179 
f 2180/202/2180 2176/198/2176 2179/201/2179 2181/203/2181 
f 2181/203/2181 2182/204/2182 2183/205/2183 2180/202/2180 
f 2184/198/2184 2185/199/2185 2186/200/2186 2187/201/2187 
f 2188/202/2188 2184/198/2184 2187/201/2187 2189/203/2189 
f 2190/205/2190 2188/202/2188 2189/203/2189 2191/204/2191 
f 2185/199/2185 2192/206/2192 2193/207/2193 2186/200/2186 
f 2194/198/2194 2195/201/2195 2196/203/2196 2197/202/2197 
f 2197/202/2197 2196/203/2196 2198/204/2198 2199/205/2199 
f 2200/199/2200 2201/206/2201 2202/207/2202 2203/200/2203 
f 2204/198/2204 2205/201/2205 2206/203/2206 2207/202/2207 
f 2207/202/2207 2206/203/2206 2208/204/2208 2209/205/2209 
f 2210/199/2210 2211/206/2211 2212/207/2212 2213/200/2213 
f 2214/198/2214 2215/201/2215 2216/203/2216 2217/202/2217 
f 2217/202/2217 2216/203/2216 2218/204/2218 2219/205/2219 
f 2220/199/2220 2221/206/2221 2222/207/2222 2223/200/2223 
f 2224/198/2224 2225/201/2225 2226/203/2226 2227/202/2227 
f 2227/202/2227 2226/203/2226 2228/204/2228 2229/205/2229 
f 2230/199/2230 2231/206/2231 2232/207/2232 2233/200/2233 
f 2234/198/2234 2235/199/2235 2236/200/2236 2237/201/2237 
f 2238/202/2238 2234/198/2234 2237/201/2237 2239/203/2239 
f 2239/203/2239 2240/204/2240 2241/205/2241 2238/202/2238 
f 2242/198/2242 2243/199/2243 2244/200/2244 2245/201/2245 
f 2246/202/2246 2242/198/2242 2245/201/2245 2247/203/2247 
f 2248/205/2248 2246/202/2246 2247/203/2247 2249/204/2249 
f 2243/199/2243 2250/206/2250 2251/207/2251 2244/200/2244 
f 2252/198/2252 2253/199/2253 2254/200/2254 2255/201/2255 
f 2256/202/2256 2252/198/2252 2255/201/2255 2257/203/2257 
f 2257/203/2257 2258/204/2258 2259/205/2259 2256/202/2256 
f 2253/199/2253 2260/206/2260 2261/207/2261 2254/200/2254 
f 2262/198/2262 2263/201/2263 2264/203/2264 2265/202/2265 
f 2265/202/2265 2264/203/2264 2266/204/2266 2267/205/2267 
f 2268/199/2268 2269/206/2269 2270/207/2270 2271/200/2271 
f 2272/206/2272 2273/207/2273 2170/200/2170 2169/199/2169 
f 2274/206/2274 2275/207/2275 2178/200/2178 2177/199/2177 
f 2200/199/2200 2203/200/2203 2195/201/2195 2194/198/2194 
f 2210/199/2210 2213/200/2213 2205/201/2205 2204/198/2204 
f 2220/199/2220 2223/200/2223 2215/201/2215 2214/198/2214 
f 2230/199/2230 2233/200/2233 2225/201/2225 2224/198/2224 
f 2276/206/2276 2277/207/2277 2236/200/2236 2235/199/2235 
f 2268/199/2268 2271/200/2271 2263/201/2263 2262/198/2262 
# 44 polygons

#
# object PalmPlant_LOD5
#

v  14.4923 63.3891 -4.6932
v  -5.1947 63.3892 14.3203
v  28.5972 137.5583 46.1987
v  45.1758 137.5583 30.1873
v  -13.6847 63.6813 -3.5011
v  13.6848 63.6813 -3.5011
v  11.5240 140.3865 -45.5823
v  -11.5241 140.3865 -45.5823
v  -2.0621 105.3194 -14.1036
v  9.2276 105.3194 10.8300
v  51.3988 192.3118 -10.8117
v  41.8917 192.3118 -31.8083
v  -7.1943 55.1198 8.6089
v  -9.1034 55.0215 -7.5428
v  -37.3381 94.3315 -1.9776
v  -35.7304 94.4887 11.6238
v  -2.3309 55.3678 -9.8446
v  10.7836 55.2695 -0.2255
v  25.1848 95.5240 -23.5823
v  14.1410 95.6813 -31.6826
v  9.9058 45.7164 4.7809
v  -1.5760 45.6366 11.2915
v  12.4667 75.9910 32.3803
v  22.1356 76.1186 26.8977
v  0.1479 30.4124 7.0994
v  -6.6559 30.3646 3.0548
v  -13.7066 48.1565 17.0524
v  -7.9771 48.2330 20.4584
v  3.2441 63.3892 14.8840
v  -13.7395 63.3892 -6.5789
v  -48.7890 137.5583 23.9113
v  -34.4871 137.5583 41.9853
v  12.2981 105.3194 7.2054
v  -14.2214 105.3194 0.4341
v  -23.6858 192.3118 46.8797
v  -1.3535 192.3118 52.5818
v  -7.1493 105.3194 4.6540
v  0.2756 105.3194 -8.5027
v  -41.6195 192.3118 -30.5937
v  -47.8721 192.3118 -19.5144
v  10.9367 44.5246 -6.4909
v  11.5680 44.1754 6.4926
v  38.2047 38.2641 3.3074
v  38.1000 39.0435 -7.6260
v  1.2136 0.3456 6.4318
v  -0.2450 0.2669 -5.8853
v  -5.1186 0.3027 -2.9903
v  4.8788 0.2241 4.3396
v  4.3036 0.3056 -2.4004
v  -4.4474 0.2418 2.5651
v  2.7651 0.1157 1.7205
v  -2.4064 0.0775 -1.3525
v  -0.5410 0.2371 -4.5620
v  0.1080 0.1700 5.3246
v  7.0814 0.1358 -7.4071
v  -7.8919 0.1358 7.0540
v  -10.2869 -0.0000 1.0646
v  10.4829 0.0000 1.0646
v  -4.9942 0.4977 -8.8470
v  3.6433 0.4977 10.2289
v  7.1234 0.1358 8.0569
v  -5.7938 0.1359 -8.2671
v  10.4476 0.4977 2.1064
v  -9.8417 0.4977 -3.0741
v  -2.0044 0.4977 5.7858
v  3.6762 0.4977 -4.2799
# 66 vertices

vn -0.5213 0.6610 -0.5397
vn -0.5214 0.6608 -0.5399
vn -0.4414 0.7722 -0.4570
vn 0.0000 0.6334 0.7738
vn 0.0000 0.6333 0.7739
vn 0.0000 0.7456 0.6664
vn -0.7115 0.6245 0.3222
vn -0.7118 0.6241 0.3223
vn -0.6087 0.7440 0.2756
vn 0.7166 0.6920 -0.0872
vn 0.7179 0.6907 -0.0873
vn 0.5911 0.8032 -0.0736
vn -0.4337 0.6765 0.5952
vn -0.4350 0.6742 0.5969
vn -0.3606 0.7888 0.4977
vn -0.3451 0.7191 -0.6032
vn -0.3462 0.7170 -0.6050
vn -0.2793 0.8290 -0.4845
vn 0.3496 0.7249 -0.5936
vn 0.3504 0.7235 -0.5948
vn 0.2743 0.8393 -0.4694
vn 0.5881 0.6615 -0.4654
vn 0.5878 0.6619 -0.4651
vn 0.4982 0.7722 -0.3942
vn 0.1935 0.6233 -0.7577
vn 0.1653 0.7440 -0.6474
vn 0.6801 0.6246 0.3838
vn 0.6801 0.6247 0.3838
vn 0.5819 0.7440 0.3284
vn -0.3523 0.9347 0.0467
vn -0.3709 0.9275 0.0472
vn 0.1408 0.9897 0.0266
vn 0.8275 0.5527 -0.0987
vn -0.4988 0.5358 0.6813
vn -0.4035 0.5779 -0.7094
vn 0.4165 0.5769 -0.7026
vn -0.7884 0.6133 0.0479
vn -0.5916 0.5241 -0.6126
vn 0.0000 0.4972 0.8677
vn -0.7993 0.4797 0.3619
vn 0.6670 0.5259 -0.5278
vn 0.2174 0.4773 -0.8514
vn 0.7635 0.4810 0.4309
# 43 vertex normals

vt 0.0027 0.1589 0.0000
vt 0.9985 0.1587 0.0000
vt 1.0000 0.9940 0.0000
vt 0.0000 0.9940 0.0000
vt 0.0034 -0.0001 0.0000
vt 0.9987 0.0001 0.0000
vt 0.9987 0.0000 0.0000
vt 0.9986 0.0001 0.0000
vt 0.0034 -0.0000 0.0000
vt 0.9987 -0.0000 0.0000
vt 0.0034 0.0000 0.0000
# 11 texture coords

o PalmPlant_LOD5
g PalmPlant_LOD5
usemtl Material__25
s 2
f 2278/208/2278 2279/209/2279 2280/210/2280 2281/211/2280 
f 2282/208/2281 2283/209/2282 2284/210/2283 2285/211/2283 
f 2286/208/2284 2287/209/2285 2288/210/2286 2289/211/2286 
f 2290/208/2287 2291/209/2288 2292/210/2289 2293/211/2289 
f 2294/208/2290 2295/209/2291 2296/210/2292 2297/211/2292 
f 2298/208/2293 2299/209/2294 2300/210/2295 2301/211/2295 
f 2302/208/2296 2303/209/2297 2304/210/2298 2305/211/2298 
f 2306/208/2299 2307/209/2300 2308/210/2301 2309/211/2301 
f 2310/208/2302 2311/209/2302 2312/210/2303 2313/211/2303 
f 2314/208/2304 2315/209/2305 2316/210/2306 2317/211/2306 
f 2318/208/2307 2319/209/2308 2320/210/2309 2321/211/2309 
f 2322/212/2310 2323/213/2310 2291/209/2288 2290/208/2287 
f 2324/212/2311 2325/213/2311 2295/209/2291 2294/208/2290 
f 2326/212/2312 2327/214/2312 2299/209/2294 2298/208/2293 
f 2328/212/2313 2329/214/2313 2303/209/2297 2302/208/2296 
f 2330/212/2314 2331/215/2314 2319/209/2308 2318/208/2307 
f 2278/208/2278 2332/216/2315 2333/217/2315 2279/209/2279 
f 2282/208/2281 2334/218/2316 2335/217/2316 2283/209/2282 
f 2286/208/2284 2336/218/2317 2337/217/2317 2287/209/2285 
f 2306/208/2299 2338/218/2318 2339/214/2318 2307/209/2300 
f 2310/208/2302 2340/218/2319 2341/217/2319 2311/209/2302 
f 2314/208/2304 2342/216/2320 2343/217/2320 2315/209/2305 
# 22 polygons

#
# object PalmPlant_LOD1_backface
#

v  6.3276 67.8115 6.5517
v  5.2970 61.2955 5.4846
v  8.2267 61.6617 0.2239
v  9.6467 68.3537 0.6573
v  7.2511 54.3669 -0.7863
v  4.3330 54.0812 4.4866
v  11.5057 88.8927 11.9132
v  9.6637 83.0311 10.0060
v  15.6676 84.4171 -0.3660
v  17.5653 90.4558 1.5988
v  14.0646 79.3481 -0.9891
v  8.4666 78.1678 8.7664
v  0.9867 90.4558 17.6103
v  -0.9110 84.4171 15.6454
v  -1.4778 79.3481 14.0217
v  18.4190 105.4445 19.0714
v  14.5372 96.7900 15.0521
v  20.6884 98.5920 4.8327
v  24.6875 107.5082 8.9734
v  8.1090 107.5082 24.9848
v  4.1099 98.5920 20.8441
v  27.6660 121.1410 28.6459
v  22.8115 113.5773 23.6194
v  29.2129 115.8870 13.6590
v  34.2011 123.6647 18.8239
v  17.6225 123.6647 34.8353
v  12.6343 115.8870 29.6705
v  39.5886 130.7777 24.4022
v  32.9337 128.0878 34.1002
v  45.1758 137.5583 30.1873
v  38.4080 134.7263 39.7684
v  23.0100 130.7777 40.4136
v  28.5972 137.5583 46.1987
v  2.5513 38.8171 2.6635
v  1.7153 31.1017 1.8183
v  4.2898 31.3596 -2.8325
v  5.2925 39.0752 -2.2899
v  3.2137 22.6345 -3.0923
v  0.9171 21.6193 1.0306
v  0.2619 8.6030 0.4363
v  2.0277 11.8900 -2.7396
v  0.8645 0.1358 -1.4028
v  0.0847 -6.1802 0.4026
v  3.4022 46.5327 3.5321
v  -1.8315 46.7912 6.1932
v  -2.4939 39.0752 5.2302
v  -1.0381 54.3669 7.2194
v  0.0000 68.2348 -5.6604
v  0.0000 61.6445 -4.5524
v  -5.7620 61.9099 -2.7856
v  -6.4822 68.6654 -3.6984
v  -5.7620 54.5467 -1.8013
v  0.0000 54.3626 -3.5803
v  0.0000 89.7082 -11.8945
v  0.0000 83.7045 -9.5831
v  -11.5240 84.8997 -6.2193
v  -11.5240 91.0850 -8.6006
v  -10.8037 79.7497 -4.9504
v  0.0000 78.7505 -8.1412
v  11.5240 91.0850 -8.6006
v  11.5240 84.8997 -6.2193
v  10.8038 79.7496 -4.9504
v  0.0000 106.8029 -20.8816
v  0.0000 97.8426 -15.7988
v  -11.5240 99.4654 -12.6230
v  -11.5240 108.6966 -17.8595
v  11.5240 108.6966 -17.8595
v  11.5240 99.4653 -12.6230
v  0.0000 123.2360 -33.2716
v  0.0000 115.2845 -26.7284
v  -11.5240 117.4347 -23.8830
v  -11.5240 125.6109 -30.6061
v  11.5241 125.6109 -30.6061
v  11.5240 117.4347 -23.8830
v  -11.5240 133.1564 -37.9412
v  0.0000 130.6057 -40.4441
v  -11.5241 140.3865 -45.5823
v  -0.0000 137.6846 -47.9311
v  11.5240 133.1564 -37.9412
v  11.5240 140.3865 -45.5823
v  0.0086 38.9899 -1.9635
v  0.0167 31.2227 -1.2129
v  -5.0666 31.3787 0.3575
v  -5.4064 39.1460 -0.2901
v  -4.4795 22.6020 0.9050
v  0.0323 21.6887 -0.4747
v  0.0661 8.6207 0.1884
v  -3.3926 11.8058 1.2154
v  -1.6439 -0.0000 1.0646
v  0.1264 -6.2141 0.5056
v  0.0036 46.7571 -2.7179
v  5.6194 46.9137 -0.9817
v  5.4233 39.1460 -0.2901
v  5.7621 54.5467 -1.8013
v  5.7924 111.1355 -2.6462
v  4.6586 103.7210 -2.1283
v  0.4738 104.0196 -6.5514
v  1.1108 111.6200 -7.6343
v  -0.5335 94.8113 -6.0913
v  3.6639 94.5917 -1.6738
v  12.1719 135.2948 -5.5607
v  9.8066 128.5401 -4.4801
v  1.6108 129.8849 -13.4059
v  4.0476 136.8438 -14.5191
v  0.6094 124.0907 -12.1565
v  8.3310 122.9665 -3.8060
v  13.5547 136.8438 6.4775
v  11.1179 129.8849 7.5907
v  9.5223 124.0907 7.5278
v  21.3686 154.5276 -9.7623
v  16.1672 144.4466 -7.3860
v  8.1638 146.2724 -16.3997
v  13.5224 156.6583 -18.8478
v  23.0295 156.6583 2.1489
v  17.6709 146.2724 4.5970
v  34.0475 173.0161 -15.5547
v  27.3516 164.0701 -12.4957
v  19.6865 166.4893 -21.6638
v  26.5663 175.6881 -24.8069
v  36.0733 175.6881 -3.8103
v  29.1935 166.4893 -0.6672
v  49.0487 189.2720 -22.4080
v  41.3872 181.3076 -18.9078
v  34.0724 184.1774 -28.2360
v  41.8917 192.3118 -31.8083
v  43.5795 184.1774 -7.2394
v  51.3988 192.3118 -10.8117
v  2.8687 83.2249 -1.3105
v  -1.3329 83.4510 -5.7261
v  -2.0283 70.1564 -5.4084
v  2.1733 69.8934 -0.9928
v  4.2201 94.8113 4.4071
v  3.4207 83.4510 4.7723
v  2.7252 70.1564 5.0900
v  -7.5036 49.8412 0.5199
v  -8.6160 54.2169 0.6329
v  -8.0796 54.4498 -2.9399
v  -6.9555 50.0365 -3.0542
v  -9.1121 58.0803 -3.2607
v  -9.6921 57.7478 0.7558
v  -10.7333 60.6926 0.8840
v  -9.9892 61.2077 -4.4676
v  -10.8920 64.0334 -5.6641
v  -11.7955 63.3307 1.0218
v  -12.1308 70.1338 7.8946
v  -14.9155 74.4362 8.3068
v  -17.3233 73.2405 1.8135
v  -14.6203 69.0644 1.4133
v  -20.7245 77.7845 2.3309
v  -18.4195 79.1176 8.8398
v  -16.5232 74.2789 -5.2945
v  -13.7385 69.9765 -5.7068
v  -20.0273 78.9604 -4.7615
v  -22.3145 83.4723 9.4487
v  -24.5051 82.0115 2.9220
v  -28.6249 85.8979 3.5801
v  -26.5480 87.4690 10.1250
v  -23.9222 83.3151 -4.1525
v  -28.1557 87.3118 -3.4763
v  -31.0676 91.0762 10.8598
v  -33.0437 89.4206 4.2985
v  -37.6120 92.7613 5.0471
v  -35.7304 94.4887 11.6238
v  -32.6754 90.9190 -2.7416
v  -37.3381 94.3315 -1.9776
v  -6.1281 44.3620 0.4242
v  -4.8270 44.6394 3.5420
v  -6.1516 50.1151 3.7464
v  -3.5203 38.2145 3.3538
v  -4.7730 37.9191 0.3403
v  -5.6020 44.5608 -3.0293
v  -4.2690 38.1359 -2.9972
v  3.9003 50.0704 -4.6967
v  4.4890 54.4813 -5.4677
v  6.7307 54.6820 -2.6320
v  6.1357 50.2332 -1.8526
v  7.5970 58.3438 -3.0688
v  5.0625 58.0467 -6.2418
v  5.6202 61.0253 -7.0100
v  9.0152 61.4940 -2.8014
v  10.4493 64.3436 -2.5680
v  6.1911 63.6979 -7.8084
v  1.2594 70.5356 -12.5574
v  2.7712 74.9304 -14.7564
v  9.1844 73.7903 -12.1182
v  7.7170 69.5245 -9.9837
v  11.0351 78.4476 -14.8327
v  4.6778 79.7286 -17.5530
v  13.8150 74.7731 -6.6560
v  12.3032 70.3783 -4.4571
v  15.7216 79.5713 -9.4527
v  6.8019 84.2136 -20.6959
v  13.0968 82.8010 -17.8834
v  15.3477 86.8257 -21.2369
v  9.1148 88.3524 -24.1418
v  17.8457 84.0563 -12.5956
v  20.1586 88.1951 -16.0415
v  11.5879 92.1117 -27.8473
v  17.7656 90.4971 -24.8599
v  20.2669 93.9917 -28.6176
v  14.1410 95.6813 -31.6826
v  22.6317 91.9544 -19.7470
v  25.1848 95.5240 -23.5823
v  3.1899 44.5555 -3.7878
v  0.0137 44.8003 -4.9567
v  0.6138 50.3118 -5.9028
v  -0.5777 38.3377 -4.0455
v  2.4906 38.0749 -2.9124
v  5.3521 44.7216 -1.0395
v  4.5825 38.2591 -0.2586
v  3.8188 41.4743 7.3237
v  4.3646 44.9604 8.3151
v  1.5304 45.1982 9.0520
v  0.9789 41.6823 8.0506
v  1.7077 48.0875 10.0870
v  4.8850 47.7642 9.2382
v  5.3833 50.0950 10.1074
v  1.1609 50.5827 11.2629
v  0.6222 52.8322 12.4412
v  5.8876 52.1762 10.9753
v  11.3057 57.6273 9.3639
v  12.5993 60.9664 11.5058
v  8.4705 59.9137 15.2972
v  7.2149 56.6726 13.2181
v  10.0427 63.4163 17.8770
v  14.2190 64.5749 14.1637
v  2.9304 60.8388 16.9884
v  1.6368 57.4997 14.8465
v  4.5501 64.4473 19.6463
v  16.0100 67.8982 17.0746
v  11.7812 66.6421 20.7025
v  13.6677 69.5743 23.7448
v  17.9487 70.9137 20.2010
v  6.3412 67.7706 22.5573
v  8.2799 70.7861 25.6836
v  20.0112 73.5988 23.5049
v  15.6841 72.1961 26.9748
v  17.7654 74.6627 30.2988
v  22.1356 76.1186 26.8977
v  10.3424 73.4712 28.9875
v  12.4667 75.9910 32.3803
v  3.0172 37.0963 5.8297
v  4.8747 37.3710 3.9681
v  5.8133 41.7461 5.3093
v  4.1268 32.2307 2.7802
v  2.3453 31.9415 4.5596
v  0.3844 37.3072 6.5115
v  -0.1746 32.1669 5.2163
v  -2.9517 27.8821 4.6273
v  -3.3339 29.9538 5.2541
v  -4.5626 30.1084 4.0008
v  -4.1765 28.0190 3.3677
v  -5.0723 31.8247 4.4406
v  -3.6827 31.6176 5.8380
v  -4.0060 32.9988 6.3878
v  -5.8676 33.3084 4.5397
v  -6.6596 34.6447 4.6404
v  -4.3249 34.2303 6.9370
v  -1.9188 37.4777 9.3539
v  -2.6765 39.4394 10.7099
v  -5.8699 38.7881 9.6728
v  -5.1345 36.8841 8.3566
v  -6.7740 40.8395 11.3064
v  -3.6079 41.5527 12.3929
v  -8.4059 39.3629 7.3040
v  -7.6483 37.4012 5.9479
v  -9.3374 41.4762 8.9869
v  -4.6178 43.4903 14.2364
v  -7.7543 42.7201 13.0957
v  -8.8010 44.4206 15.0226
v  -5.6935 45.2391 16.2164
v  -10.3473 43.4138 10.8303
v  -11.4230 45.1626 12.8104
v  -6.8221 46.7865 18.3092
v  -9.9043 45.9315 17.0686
v  -11.0358 47.3475 19.1741
v  -7.9771 48.2330 20.4584
v  -12.5515 46.7100 14.9032
v  -13.7066 48.1565 17.0524
v  -2.0405 25.2771 3.3179
v  -0.7021 25.4541 3.6881
v  -1.3118 28.0573 5.0707
v  -0.2962 22.3939 2.9565
v  -1.5687 22.2083 2.6030
v  -3.0479 25.4158 2.2915
v  -2.5284 22.3556 1.6276
v  -7.1427 67.8115 5.6521
v  -5.9793 61.2955 4.7314
v  -1.0324 61.6617 8.1648
v  -1.6035 68.3538 9.5351
v  0.0689 54.3670 7.2933
v  -4.8912 54.0813 3.8704
v  -12.9878 88.8927 10.2773
v  -10.9086 83.0311 8.6320
v  -1.1778 84.4171 15.6276
v  -3.3199 90.4558 17.3227
v  -0.4000 79.3481 14.0936
v  -9.5572 78.1678 7.5626
v  -17.6218 90.4559 -0.7513
v  -15.4797 84.4171 -2.4464
v  -13.8081 79.3482 -2.8507
v  -20.7916 105.4445 16.4525
v  -16.4098 96.7900 12.9852
v  -6.8454 98.5920 20.1124
v  -11.3596 107.5082 23.6845
v  -25.6616 107.5083 5.6105
v  -21.1474 98.5921 2.0384
v  -31.2298 121.1410 24.7122
v  -25.7499 113.5773 20.3760
v  -16.4679 115.8870 27.7267
v  -22.0986 123.6647 32.1823
v  -36.4006 123.6647 14.1084
v  -30.7699 115.8870 9.6528
v  -28.1801 130.7777 36.9946
v  -37.1760 128.0878 29.4175
v  -34.4871 137.5583 41.9853
v  -43.3555 134.7263 34.3074
v  -42.4821 130.7777 18.9207
v  -48.7890 137.5583 23.9113
v  -2.8613 38.8171 2.3019
v  -1.9003 31.1017 1.5767
v  2.4730 31.3596 4.5955
v  1.7972 39.0752 5.5167
v  2.9014 22.6345 3.5902
v  -0.9662 21.6193 0.9047
v  -0.1548 8.6030 0.4084
v  2.7856 11.8900 2.4493
v  1.7601 0.1358 1.2791
v  0.1731 -6.1802 0.4085
v  -3.8325 46.5327 3.0489
v  -5.9662 46.7912 -2.4217
v  -4.9200 39.0752 -2.9720
v  -7.0821 54.3669 -1.7437
v  -1.5547 111.1355 6.1755
v  -1.2504 103.7210 4.9667
v  4.8180 104.0196 4.4646
v  5.2652 111.6200 5.6386
v  5.0883 94.8112 3.3907
v  -0.9834 94.5916 3.9062
v  -3.2670 135.2948 12.9770
v  -2.6321 128.5401 10.4553
v  9.4580 129.8849 9.6364
v  8.8039 136.8438 12.2344
v  9.1086 124.0907 8.0738
v  -2.2361 122.9665 8.8821
v  -13.5284 136.8438 6.5323
v  -12.8743 129.8849 3.9343
v  -11.8279 124.0907 2.7281
v  -5.7354 154.5276 22.7821
v  -4.3393 144.4466 17.2367
v  7.6991 146.2724 16.6229
v  6.2608 156.6583 22.3359
v  -16.0714 156.6582 16.6338
v  -14.6332 146.2723 10.9207
v  -9.1384 173.0161 36.2997
v  -7.3412 164.0701 29.1609
v  4.6064 166.4893 28.9077
v  2.7599 175.6881 36.2426
v  -19.5724 175.6881 30.5406
v  -17.7258 166.4893 23.2056
v  -13.1648 189.2720 52.2932
v  -11.1084 181.3076 44.1249
v  0.7452 184.1774 44.2453
v  -1.3535 192.3118 52.5818
v  -21.5871 184.1774 38.5432
v  -23.6858 192.3118 46.8797
v  -0.7700 83.2249 3.0584
v  5.3028 83.4510 2.5385
v  5.4895 70.1564 1.7970
v  -0.5833 69.8934 2.3170
v  -6.0778 94.8112 0.5397
v  -5.8633 83.4510 -0.3126
v  -5.6766 70.1564 -1.0540
v  -5.5565 111.1355 -3.1112
v  -4.4689 103.7210 -2.5022
v  -4.2976 104.0196 1.2388
v  -5.3890 111.6200 1.0833
v  -3.3314 94.8113 1.7798
v  -3.5147 94.5917 -1.9679
v  -11.6762 135.2948 -6.5377
v  -9.4072 128.5401 -5.2673
v  -9.2315 129.8849 2.1212
v  -11.5690 136.8438 0.8124
v  -7.7904 124.0907 2.4725
v  -7.9917 122.9665 -4.4747
v  -5.3164 136.8438 -10.2669
v  -2.9788 129.8849 -8.9581
v  -1.9286 124.0907 -7.9144
v  -20.4984 154.5276 -11.4774
v  -15.5089 144.4466 -8.6837
v  -15.5176 146.2724 -1.3985
v  -20.6580 156.6583 -4.2767
v  -14.4054 156.6583 -15.3560
v  -9.2650 146.2724 -12.4778
v  -32.6611 173.0161 -18.2875
v  -26.2379 164.0701 -14.6911
v  -26.5710 166.4893 -7.5875
v  -33.1707 175.6881 -11.2828
v  -26.9182 175.6881 -22.3621
v  -20.3185 166.4893 -18.6668
v  -40.3712 184.1774 -15.3145
v  -39.7019 181.3077 -22.2298
v  -47.8721 192.3118 -19.5144
v  -47.0515 189.2720 -26.3450
v  -34.1186 184.1774 -26.3938
v  -41.6195 192.3118 -30.5937
v  -2.7519 83.2249 -1.5408
v  -2.5646 83.4510 2.2091
v  -1.8975 70.1564 2.5826
v  -2.0848 69.8934 -1.1673
v  -0.2051 94.8113 -3.7599
v  0.5617 83.4510 -3.3305
v  1.2288 70.1564 -2.9570
v  8.8970 41.7141 -0.0250
v  11.0420 44.2591 -0.0606
v  10.6289 44.7328 2.7713
v  8.4290 42.1294 2.8075
v  12.6520 46.5735 3.0776
v  13.0361 45.9754 -0.1073
v  14.8459 47.1039 -0.1605
v  14.4225 47.9494 4.0843
v  16.1301 48.9975 5.0831
v  16.5834 47.9101 -0.2212
v  19.9618 50.9860 -5.6856
v  23.3435 50.8661 -5.8899
v  23.7936 48.9604 -0.6030
v  20.6171 49.0953 -0.4047
v  27.2908 48.1173 -0.8647
v  27.0517 49.9974 -6.1596
v  23.6748 50.1650 5.0436
v  20.3413 50.3133 5.2478
v  27.3299 49.2695 4.7739
v  30.4427 48.2341 -6.4740
v  30.5099 46.4286 -1.1700
v  33.3640 44.0013 -1.5150
v  33.4200 45.7037 -6.8285
v  30.6710 47.4863 4.4594
v  33.6028 44.9415 4.1049
v  35.8875 42.5336 -7.2184
v  35.7660 40.9424 -1.8963
v  37.9420 37.5676 -2.2957
v  38.1000 39.0435 -7.6260
v  36.0299 41.7616 3.7150
v  38.2047 38.2641 3.3074
v  6.2019 38.0996 0.0287
v  5.4630 38.6726 -2.4410
v  8.1429 42.3708 -2.6592
v  3.3107 33.9009 -2.3268
v  4.0743 33.4234 0.0554
v  5.7430 38.4653 2.6781
v  3.6010 33.7360 2.6105
v  0.3212 68.3537 9.6637
v  -0.0625 61.6617 8.2296
v  -3.0214 31.3596 4.2286
v  -3.2782 22.6345 3.1775
v  6.2441 46.7912 -1.6061
v  -2.9485 11.8900 2.0663
v  -1.6749 0.1358 1.0497
v  6.4823 68.6654 -3.6983
v  5.7621 61.9099 -2.7856
v  5.0997 31.3787 0.3575
v  4.5405 22.6019 0.9050
v  -5.6123 46.9137 -0.9817
v  3.5054 11.8058 1.2154
v  1.8399 0.0000 1.0646
v  6.4585 111.6200 4.1763
v  5.2273 104.0196 3.9469
v  -3.1886 38.3955 -4.4319
v  -2.7041 55.1451 -5.0525
v  1.4682 54.8697 -0.6667
v  0.7368 37.3629 -0.2967
v  2.0169 55.1450 5.3741
v  1.2572 38.3955 5.3868
v  -1.4290 0.4977 -0.9732
v  -3.0223 19.8865 -3.1845
v  0.1037 16.5821 0.1266
v  0.0556 -5.8358 0.4711
v  0.5111 19.8865 4.6192
v  0.0781 0.4977 2.3552
v  -7.2758 54.5284 3.8608
v  -8.2077 58.1687 4.3901
v  -0.8017 22.3283 2.7285
v  -2.1321 30.9536 3.0987
v  -3.3072 30.6522 0.2659
v  -1.8154 21.2696 0.2209
v  -2.8356 30.8749 -2.8713
v  -1.4257 22.2496 -2.5645
v  0.6107 0.3456 1.3313
v  0.2313 11.8101 2.1539
v  -0.4901 8.4797 0.2556
v  0.1569 -6.0139 0.4365
v  -0.2489 11.7315 -1.9109
v  0.3579 0.2669 -0.7847
v  1.2088 54.7607 -6.6822
v  1.3848 58.4322 -7.6253
v  -1.5572 22.3686 -1.9600
v  -1.1439 31.0360 -3.0350
v  1.7399 30.7672 -1.9678
v  0.9880 21.3425 -0.9917
v  3.7070 30.9574 0.5252
v  2.7435 22.2899 1.1961
v  -0.9772 0.3027 0.0473
v  -1.5874 11.8087 -0.8771
v  0.3509 8.5109 -0.0768
v  0.1079 -6.0241 0.4707
v  1.7140 11.7301 1.5446
v  0.7373 0.2241 1.3020
v  6.3649 45.2620 6.3106
v  7.1465 48.1593 7.0030
v  2.4204 19.3126 0.4497
v  3.3019 26.4189 1.5573
v  1.6376 26.1250 3.2180
v  0.9362 18.2614 1.8947
v  -0.7145 26.3551 3.8322
v  -1.1284 19.2488 2.4603
v  0.6779 0.3056 -0.3444
v  1.5072 10.2885 -0.2888
v  0.3451 6.9655 0.8032
v  0.1119 -6.0464 0.4231
v  -1.2278 10.2247 1.2622
v  -0.8216 0.2418 0.5091
v  -1.6978 30.1467 5.7038
v  -1.8495 31.8677 6.3564
v  0.4627 14.2930 1.4633
v  0.1100 18.9332 2.2006
v  -1.0786 18.7448 1.8708
v  -0.5780 13.3473 1.1560
v  -1.9750 18.8950 0.9597
v  -1.3912 14.2548 0.3603
v  0.6166 0.1157 0.4433
v  0.6629 7.6941 0.8298
v  -0.1201 4.4766 0.5869
v  0.1320 -6.1308 0.4323
v  -0.7896 7.6558 -0.0337
v  -0.2578 0.0775 -0.0753
v  -9.6484 68.3538 -0.6314
v  -8.1834 61.6617 -0.8722
v  -3.8342 31.3596 -3.3752
v  -2.6989 22.6345 -3.4872
v  1.0005 46.7912 6.3824
v  -1.5072 11.8900 -2.9757
v  -0.4306 0.1359 -1.4893
v  -7.2967 111.6200 2.4312
v  -6.3481 104.0196 1.6135
v  5.4924 38.3955 0.3260
v  5.6383 55.1451 1.0518
v  -0.3928 54.8697 1.5678
v  -0.1851 37.3629 0.8102
v  -5.4515 55.1450 -1.7797
v  -4.9509 38.3955 -2.3405
v  2.0730 0.4977 -0.0319
v  4.5327 19.8865 -0.1902
v  0.0275 16.5821 0.2181
v  0.1430 -5.8358 0.3661
v  -3.7673 19.8865 -2.3095
v  -1.4671 0.4977 -0.9358
v  -1.8719 111.6200 -5.1488
v  -1.1713 104.0196 -4.3009
v  -0.5177 38.3955 3.1462
v  -1.2210 55.1451 2.9393
v  -1.4065 54.8697 -0.7845
v  -0.6871 37.3629 -0.3550
v  1.8839 55.1450 -2.5624
v  2.4062 38.3955 -2.0348
v  0.3403 0.4977 1.6311
v  0.1132 19.8865 2.8799
v  -0.0140 16.5821 0.1218
v  0.1906 -5.8358 0.4766
v  2.4370 19.8865 -1.2378
v  1.3315 0.4977 -0.1252
v  10.3618 44.9999 -2.6954
v  12.3743 46.8987 -3.0725
v  0.4189 20.5814 -1.8482
v  1.6145 28.0512 -2.1500
v  2.3799 27.6931 0.0885
v  1.1138 19.5638 0.1446
v  1.9038 27.9373 2.4894
v  0.6858 20.5080 2.2701
v  -0.2728 0.2371 -0.4620
v  -0.1998 10.9498 -1.3059
v  0.3287 7.6908 0.2578
v  0.0998 -6.0540 0.4470
v  0.0086 10.8869 1.8652
v  -0.1602 0.1700 1.2245
v  7.3693 73.2651 7.6303
v  11.8251 74.1215 -0.1975
v  -0.6088 74.1215 11.8111
v  0.0000 73.7654 -6.8451
v  -8.6430 74.4751 -4.2650
v  8.6431 74.4751 -4.2650
v  7.0048 117.3578 -3.2001
v  0.7994 118.1564 -9.8677
v  7.9296 118.1564 5.8798
v  -9.3848 64.1808 7.0872
v  -10.3939 66.9161 7.6478
v  -12.9344 65.9412 1.1738
v  -12.0016 66.7588 -5.9536
v  0.0957 64.4910 -10.1620
v  0.3195 67.2607 -11.2075
v  6.8046 66.3457 -8.6734
v  11.3633 67.1034 -3.1072
v  9.6868 52.9518 7.3013
v  10.4930 55.1119 8.0007
v  6.4260 54.2311 11.8949
v  0.8241 54.9843 13.4832
v  -1.2883 34.7164 7.8336
v  -1.4302 35.9952 8.4909
v  -4.6603 35.4451 7.5190
v  -7.1597 35.9187 5.0849
v  -8.3186 73.2651 6.5826
v  -0.9673 74.1215 11.7871
v  -11.6938 74.1215 -1.7683
v  -1.8801 117.3578 7.4681
v  7.2032 118.1564 6.7915
v  -9.5460 118.1564 2.5149
v  -6.7194 117.3578 -3.7623
v  -6.5314 118.1564 1.8105
v  -1.8420 118.1564 -6.4990
v  15.7191 49.5856 -5.1670
v  17.5505 50.5024 -5.5675
v  18.3605 48.6596 -0.2900
v  17.9647 49.8548 5.3660
v  -8.7834 61.3256 5.7334
v  0.7323 61.6119 -8.8766
v  8.4125 50.6784 7.1510
v  -1.5705 33.3658 7.0942
v  14.0769 48.4058 -4.1158
# 627 vertices

vn -0.5512 0.6086 -0.5707
vn -0.5635 0.5849 -0.5835
vn -0.7168 0.5794 -0.3879
vn -0.7020 0.6038 -0.3776
vn -0.7255 0.5644 -0.3938
vn -0.5711 0.5695 -0.5912
vn -0.4765 0.7277 -0.4934
vn -0.5058 0.6855 -0.5237
vn -0.6527 0.6770 -0.3400
vn -0.6222 0.7165 -0.3155
vn -0.6733 0.6479 -0.3564
vn -0.5251 0.6548 -0.5437
vn -0.2936 0.7165 -0.6328
vn -0.3171 0.6770 -0.6642
vn -0.3327 0.6479 -0.6853
vn -0.4190 0.7977 -0.4338
vn -0.4489 0.7631 -0.4648
vn -0.5929 0.7507 -0.2914
vn -0.5615 0.7841 -0.2644
vn -0.2447 0.7841 -0.5704
vn -0.2705 0.7507 -0.6027
vn -0.3504 0.8635 -0.3628
vn -0.3847 0.8326 -0.3984
vn -0.5260 0.8179 -0.2332
vn -0.4908 0.8477 -0.2013
vn -0.1841 0.8477 -0.4975
vn -0.2147 0.8179 -0.5338
vn -0.4642 0.8679 -0.1767
vn -0.3242 0.8844 -0.3357
vn -0.4553 0.8743 -0.1683
vn -0.3154 0.8910 -0.3266
vn -0.1605 0.8679 -0.4701
vn -0.1524 0.8743 -0.4609
vn -0.5793 0.5520 -0.5998
vn -0.5843 0.5410 -0.6049
vn -0.7418 0.5377 -0.4008
vn -0.7348 0.5478 -0.4001
vn -0.7588 0.5158 -0.3977
vn -0.5959 0.5141 -0.6169
vn -0.6115 0.4747 -0.6330
vn -0.7803 0.4912 -0.3872
vn -0.8051 0.4653 -0.3678
vn -0.6150 0.4648 -0.6369
vn -0.5761 0.5589 -0.5965
vn -0.3721 0.5540 -0.7448
vn -0.3744 0.5472 -0.7486
vn -0.3683 0.5643 -0.7389
vn 0.0000 0.5737 0.8191
vn 0.0000 0.5489 0.8359
vn 0.2509 0.5449 0.8001
vn 0.2471 0.5704 0.7833
vn 0.2534 0.5278 0.8107
vn 0.0000 0.5314 0.8471
vn 0.0000 0.6986 0.7155
vn 0.0000 0.6542 0.7563
vn 0.2371 0.6469 0.7247
vn 0.2319 0.6884 0.6873
vn 0.2408 0.6164 0.7497
vn 0.0000 0.6220 0.7830
vn -0.2319 0.6884 0.6873
vn -0.2371 0.6469 0.7247
vn -0.2408 0.6164 0.7497
vn 0.0000 0.7725 0.6350
vn 0.0000 0.7360 0.6770
vn 0.2272 0.7245 0.6507
vn 0.2230 0.7598 0.6107
vn -0.2230 0.7598 0.6107
vn -0.2272 0.7245 0.6507
vn 0.0000 0.8428 0.5382
vn 0.0000 0.8097 0.5868
vn 0.2189 0.7958 0.5647
vn 0.2154 0.8277 0.5182
vn -0.2154 0.8277 0.5182
vn -0.2189 0.7958 0.5647
vn 0.2132 0.8494 0.4827
vn -0.0000 0.8653 0.5013
vn 0.2125 0.8563 0.4707
vn -0.0000 0.8724 0.4888
vn -0.2132 0.8494 0.4827
vn -0.2125 0.8563 0.4707
vn 0.0000 0.5140 0.8578
vn 0.0000 0.5084 0.8611
vn 0.2584 0.5061 0.8228
vn 0.2559 0.5113 0.8205
vn 0.2668 0.4940 0.8275
vn 0.0001 0.4936 0.8697
vn 0.0000 0.4730 0.8811
vn 0.2801 0.4809 0.8309
vn 0.2981 0.4676 0.8321
vn -0.0000 0.4679 0.8838
vn 0.0000 0.5195 0.8545
vn -0.2551 0.5163 0.8175
vn -0.2559 0.5109 0.8206
vn -0.2535 0.5277 0.8107
vn -0.7460 0.5737 0.3381
vn -0.7639 0.5445 0.3462
vn -0.6075 0.5399 0.5826
vn -0.5923 0.5690 0.5704
vn -0.6209 0.5115 0.5940
vn -0.7807 0.5151 0.3538
vn -0.6517 0.6986 0.2954
vn -0.6889 0.6542 0.3122
vn -0.5442 0.6449 0.5365
vn -0.5129 0.6861 0.5159
vn -0.5651 0.6146 0.5504
vn -0.7132 0.6220 0.3232
vn -0.7265 0.6857 0.0457
vn -0.7625 0.6446 0.0557
vn -0.7866 0.6143 0.0622
vn -0.5783 0.7725 0.2621
vn -0.6166 0.7360 0.2795
vn -0.4821 0.7219 0.4964
vn -0.4479 0.7570 0.4758
vn -0.6536 0.7565 0.0234
vn -0.6916 0.7215 0.0355
vn -0.4903 0.8428 0.2222
vn -0.5345 0.8097 0.2422
vn -0.4083 0.7926 0.4528
vn -0.3680 0.8242 0.4304
vn -0.5670 0.8237 -0.0066
vn -0.6104 0.7921 0.0088
vn -0.4450 0.8724 0.2021
vn -0.4566 0.8653 0.2069
vn -0.3371 0.8458 0.4136
vn -0.3266 0.8526 0.4080
vn -0.5340 0.8453 -0.0188
vn -0.5229 0.8521 -0.0231
vn -0.7919 0.4941 0.3589
vn -0.6295 0.4917 0.6017
vn -0.6329 0.4835 0.6048
vn -0.7963 0.4854 0.3609
vn -0.8560 0.5114 0.0754
vn -0.8674 0.4916 0.0768
vn -0.8720 0.4833 0.0773
vn 0.7865 0.6097 -0.0984
vn 0.7745 0.6250 -0.0976
vn 0.7740 0.6197 0.1301
vn 0.7851 0.6054 0.1309
vn 0.7522 0.6462 0.1288
vn 0.7528 0.6513 -0.0953
vn 0.7314 0.6756 -0.0931
vn 0.7307 0.6706 0.1280
vn 0.7150 0.6874 0.1277
vn 0.7134 0.6948 -0.0912
vn 0.5906 0.7535 -0.2888
vn 0.5512 0.7858 -0.2806
vn 0.5999 0.7962 -0.0786
vn 0.6408 0.7632 -0.0831
vn 0.5556 0.8282 -0.0736
vn 0.5080 0.8172 -0.2723
vn 0.6089 0.7828 0.1285
vn 0.6478 0.7510 0.1279
vn 0.5668 0.8136 0.1298
vn 0.4591 0.8484 -0.2634
vn 0.5053 0.8603 -0.0679
vn 0.4549 0.8884 -0.0622
vn 0.4100 0.8757 -0.2551
vn 0.5188 0.8447 0.1320
vn 0.4707 0.8719 0.1348
vn 0.3730 0.8938 -0.2491
vn 0.4168 0.9072 -0.0579
vn 0.4031 0.9131 -0.0617
vn 0.3608 0.8993 -0.2472
vn 0.4340 0.8904 0.1372
vn 0.4214 0.8963 0.1382
vn 0.7962 0.5967 -0.1000
vn 0.7399 0.5892 -0.3246
vn 0.7305 0.6021 -0.3221
vn 0.7498 0.5751 -0.3273
vn 0.8066 0.5824 -0.1009
vn 0.7939 0.5937 0.1315
vn 0.8040 0.5798 0.1321
vn -0.4741 0.5875 0.6558
vn -0.4662 0.6050 0.6454
vn -0.6338 0.6004 0.4876
vn -0.6431 0.5834 0.4960
vn -0.6182 0.6277 0.4731
vn -0.4534 0.6321 0.6284
vn -0.4407 0.6571 0.6115
vn -0.6032 0.6527 0.4584
vn -0.5923 0.6700 0.4475
vn -0.4300 0.6769 0.5974
vn -0.2008 0.7383 0.6439
vn -0.1803 0.7717 0.6099
vn -0.3629 0.7816 0.5074
vn -0.3871 0.7474 0.5399
vn -0.3367 0.8147 0.4721
vn -0.1574 0.8042 0.5731
vn -0.5212 0.7685 0.3712
vn -0.5471 0.7356 0.3994
vn -0.4937 0.8004 0.3400
vn -0.1310 0.8368 0.5316
vn -0.3069 0.8481 0.4319
vn -0.2770 0.8775 0.3915
vn -0.1040 0.8653 0.4904
vn -0.4628 0.8327 0.3040
vn -0.4322 0.8612 0.2675
vn -0.0835 0.8843 0.4594
vn -0.2543 0.8972 0.3610
vn -0.2422 0.9035 0.3537
vn -0.0766 0.8901 0.4493
vn -0.4090 0.8806 0.2393
vn -0.4012 0.8868 0.2295
vn -0.4802 0.5733 0.6639
vn -0.2742 0.5675 0.7764
vn -0.2698 0.5811 0.7678
vn -0.2782 0.5545 0.7843
vn -0.4857 0.5600 0.6712
vn -0.6501 0.5702 0.5022
vn -0.6567 0.5572 0.5082
vn -0.3746 0.6631 -0.6480
vn -0.3757 0.6611 -0.6494
vn -0.1700 0.6547 -0.7365
vn -0.1693 0.6568 -0.7348
vn -0.1620 0.6799 -0.7152
vn -0.3647 0.6862 -0.6295
vn -0.3538 0.7091 -0.6099
vn -0.1538 0.7029 -0.6944
vn -0.1476 0.7189 -0.6793
vn -0.3448 0.7273 -0.5934
vn -0.4762 0.7809 -0.4044
vn -0.4530 0.8111 -0.3700
vn -0.2875 0.8225 -0.4908
vn -0.3080 0.7916 -0.5277
vn -0.2651 0.8522 -0.4510
vn -0.4284 0.8402 -0.3324
vn -0.1032 0.8085 -0.5793
vn -0.1197 0.7788 -0.6158
vn -0.0849 0.8372 -0.5403
vn -0.4009 0.8691 -0.2897
vn -0.2398 0.8819 -0.4060
vn -0.2146 0.9075 -0.3610
vn -0.3740 0.8940 -0.2467
vn -0.0635 0.8659 -0.4961
vn -0.0416 0.8909 -0.4523
vn -0.3540 0.9103 -0.2144
vn -0.1955 0.9246 -0.3270
vn -0.1936 0.9299 -0.3128
vn -0.3474 0.9153 -0.2037
vn -0.0246 0.9077 -0.4189
vn -0.0187 0.9130 -0.4075
vn -0.3799 0.6515 -0.6567
vn -0.5598 0.6431 -0.5225
vn -0.5543 0.6539 -0.5148
vn -0.5757 0.6111 -0.5432
vn -0.3928 0.6187 -0.6804
vn -0.1726 0.6464 -0.7432
vn -0.1816 0.6143 -0.7679
vn 0.3519 0.7168 -0.6019
vn 0.3710 0.6757 -0.6370
vn 0.5474 0.6688 -0.5030
vn 0.5221 0.7108 -0.4714
vn 0.5328 0.6935 -0.4851
vn 0.3589 0.7002 -0.6172
vn 0.3471 0.7226 -0.5978
vn 0.5187 0.7160 -0.4673
vn 0.5086 0.7315 -0.4541
vn 0.3372 0.7403 -0.5816
vn 0.1087 0.7918 -0.6010
vn 0.0900 0.8212 -0.5635
vn 0.2758 0.8330 -0.4797
vn 0.2978 0.8030 -0.5162
vn 0.2521 0.8617 -0.4403
vn 0.0693 0.8494 -0.5232
vn 0.4434 0.8188 -0.3647
vn 0.4670 0.7899 -0.3975
vn 0.4185 0.8466 -0.3290
vn 0.0454 0.8772 -0.4779
vn 0.2253 0.8903 -0.3956
vn 0.1986 0.9150 -0.3511
vn 0.0212 0.9012 -0.4330
vn 0.3906 0.8743 -0.2881
vn 0.3633 0.8983 -0.2470
vn 0.0029 0.9168 -0.3994
vn 0.1785 0.9313 -0.3175
vn 0.1670 0.9364 -0.3087
vn -0.0032 0.9215 -0.3884
vn 0.3427 0.9144 -0.2155
vn 0.3358 0.9195 -0.2046
vn 0.3567 0.7003 -0.6183
vn 0.1574 0.6893 -0.7072
vn 0.1525 0.7046 -0.6930
vn 0.1851 0.6087 -0.7715
vn 0.3967 0.6169 -0.6798
vn 0.5303 0.6988 -0.4800
vn 0.5782 0.6136 -0.5378
vn 0.6222 0.6086 -0.4924
vn 0.6361 0.5849 -0.5033
vn 0.4566 0.5794 -0.6752
vn 0.4449 0.6038 -0.6614
vn 0.4633 0.5644 -0.6832
vn 0.6445 0.5698 -0.5098
vn 0.5379 0.7277 -0.4256
vn 0.5710 0.6855 -0.4518
vn 0.4026 0.6770 -0.6161
vn 0.3752 0.7165 -0.5882
vn 0.4209 0.6479 -0.6349
vn 0.5927 0.6548 -0.4690
vn 0.6587 0.7165 -0.2299
vn 0.6922 0.6770 -0.2502
vn 0.7147 0.6479 -0.2637
vn 0.4730 0.7977 -0.3742
vn 0.5068 0.7631 -0.4010
vn 0.3483 0.7507 -0.5614
vn 0.3184 0.7841 -0.5327
vn 0.5917 0.7841 -0.1874
vn 0.6264 0.7507 -0.2099
vn 0.3955 0.8635 -0.3130
vn 0.4343 0.8326 -0.3437
vn 0.2838 0.8179 -0.5005
vn 0.2486 0.8477 -0.4686
vn 0.5132 0.8477 -0.1342
vn 0.5523 0.8179 -0.1611
vn 0.2215 0.8679 -0.4445
vn 0.3660 0.8844 -0.2896
vn 0.2123 0.8743 -0.4365
vn 0.3560 0.8910 -0.2817
vn 0.4836 0.8679 -0.1134
vn 0.4736 0.8743 -0.1063
vn 0.6535 0.5529 -0.5170
vn 0.6588 0.5425 -0.5212
vn 0.4718 0.5379 -0.6987
vn 0.4704 0.5479 -0.6918
vn 0.4704 0.5158 -0.7160
vn 0.6715 0.5167 -0.5312
vn 0.6884 0.4791 -0.5446
vn 0.4621 0.4910 -0.7385
vn 0.4454 0.4649 -0.7652
vn 0.6922 0.4697 -0.5479
vn 0.6500 0.5595 -0.5143
vn 0.7770 0.5551 -0.2967
vn 0.7807 0.5490 -0.2985
vn 0.7712 0.5648 -0.2937
vn 0.2024 0.5737 -0.7937
vn 0.2072 0.5445 -0.8127
vn -0.0751 0.5399 -0.8384
vn -0.0751 0.5690 -0.8189
vn -0.0756 0.5115 -0.8559
vn 0.2118 0.5151 -0.8306
vn 0.1768 0.6986 -0.6933
vn 0.1869 0.6542 -0.7329
vn -0.0786 0.6449 -0.7602
vn -0.0822 0.6861 -0.7228
vn -0.0765 0.6146 -0.7851
vn 0.1934 0.6220 -0.7588
vn 0.4184 0.6857 -0.5956
vn 0.4331 0.6446 -0.6300
vn 0.4431 0.6143 -0.6529
vn 0.1569 0.7725 -0.6153
vn 0.1673 0.7360 -0.6560
vn -0.0861 0.7219 -0.6866
vn -0.0914 0.7570 -0.6470
vn 0.3902 0.7565 -0.5249
vn 0.4045 0.7215 -0.5620
vn 0.1330 0.8428 -0.5216
vn 0.1450 0.8097 -0.5686
vn -0.0982 0.7926 -0.6018
vn -0.1059 0.8242 -0.5563
vn 0.3596 0.8237 -0.4385
vn 0.3746 0.7921 -0.4820
vn 0.1204 0.8724 -0.4737
vn 0.1238 0.8653 -0.4858
vn -0.1121 0.8458 -0.5216
vn -0.1144 0.8526 -0.5099
vn 0.3485 0.8453 -0.4051
vn 0.3448 0.8521 -0.3938
vn 0.2148 0.4941 -0.8425
vn -0.0762 0.4917 -0.8674
vn -0.0766 0.4833 -0.8721
vn 0.2160 0.4854 -0.8472
vn 0.4762 0.5114 -0.7154
vn 0.4822 0.4916 -0.7251
vn 0.4847 0.4833 -0.7290
vn 0.7137 0.5736 0.4019
vn 0.7308 0.5445 0.4115
vn 0.8464 0.5305 -0.0470
vn 0.8295 0.5565 -0.0486
vn 0.8619 0.5050 -0.0464
vn 0.7469 0.5150 0.4206
vn 0.6234 0.6986 0.3511
vn 0.6591 0.6541 0.3711
vn 0.7779 0.6257 -0.0587
vn 0.7452 0.6635 -0.0670
vn 0.7998 0.5979 -0.0534
vn 0.6823 0.6219 0.3842
vn 0.3295 0.6629 0.6723
vn 0.3535 0.6252 0.6959
vn 0.3693 0.5975 0.7118
vn 0.5533 0.7725 0.3116
vn 0.5899 0.7360 0.3322
vn 0.7137 0.6963 -0.0759
vn 0.6796 0.7285 -0.0870
vn 0.2786 0.7278 0.6267
vn 0.3057 0.6957 0.6501
vn 0.4690 0.8428 0.2641
vn 0.5113 0.8097 0.2879
vn 0.6406 0.7612 -0.1009
vn 0.6017 0.7902 -0.1161
vn 0.2136 0.7895 0.5754
vn 0.2466 0.7605 0.6007
vn 0.5721 0.8101 -0.1283
vn 0.4368 0.8653 0.2460
vn 0.5622 0.8163 -0.1326
vn 0.4262 0.8724 0.2393
vn 0.1879 0.8094 0.5564
vn 0.1791 0.8156 0.5501
vn 0.7576 0.4941 0.4266
vn 0.8721 0.4871 -0.0464
vn 0.8762 0.4797 -0.0465
vn 0.7618 0.4855 0.4290
vn 0.4073 0.5048 0.7611
vn 0.4126 0.4870 0.7698
vn 0.4146 0.4797 0.7733
vn -0.5709 0.8192 0.0535
vn -0.5071 0.8603 0.0528
vn -0.4982 0.8531 -0.1553
vn -0.5624 0.8116 -0.1580
vn -0.3998 0.9039 -0.1520
vn -0.4114 0.9100 0.0515
vn -0.3238 0.9448 0.0501
vn -0.3120 0.9383 -0.1495
vn -0.2718 0.9509 -0.1481
vn -0.2732 0.9607 0.0492
vn -0.0383 0.9720 0.2319
vn 0.0988 0.9706 0.2195
vn 0.0986 0.9943 0.0416
vn -0.0447 0.9980 0.0451
vn 0.2467 0.9684 0.0377
vn 0.2391 0.9492 0.2044
vn 0.0786 0.9874 -0.1373
vn -0.0602 0.9878 -0.1434
vn 0.2197 0.9669 -0.1296
vn 0.3865 0.9039 0.1832
vn 0.3976 0.9170 0.0324
vn 0.5269 0.8495 0.0268
vn 0.5150 0.8423 0.1590
vn 0.3697 0.9216 -0.1184
vn 0.5009 0.8591 -0.1050
vn 0.6030 0.7859 0.1371
vn 0.6091 0.7928 0.0231
vn 0.6327 0.7740 0.0245
vn 0.6314 0.7647 0.1284
vn 0.5923 0.8005 -0.0909
vn 0.6229 0.7778 -0.0839
vn -0.6483 0.7594 0.0549
vn -0.6083 0.7470 0.2683
vn -0.5386 0.8009 0.2617
vn -0.6956 0.6631 0.2765
vn -0.7394 0.6708 0.0568
vn -0.6348 0.7553 -0.1626
vn -0.7243 0.6688 -0.1678
vn -0.3529 0.6038 -0.7147
vn -0.3627 0.5794 -0.7299
vn -0.3750 0.5368 -0.7558
vn -0.3714 0.5143 -0.7730
vn -0.7311 0.5544 -0.3976
vn -0.3601 0.4889 -0.7946
vn -0.3398 0.4619 -0.8192
vn -0.2471 0.5704 0.7833
vn -0.2509 0.5449 0.8001
vn -0.2585 0.5056 0.8231
vn -0.2670 0.4932 0.8279
vn 0.2551 0.5165 0.8174
vn -0.2805 0.4796 0.8315
vn -0.2987 0.4658 0.8329
vn -0.8196 0.5688 0.0694
vn -0.8387 0.5397 0.0728
vn -0.6315 0.4771 0.6112
vn -0.6334 0.4805 0.6066
vn -0.7979 0.4821 0.3618
vn -0.8003 0.4773 0.3630
vn -0.8740 0.4800 0.0764
vn -0.8768 0.4754 0.0719
vn -0.6213 0.4599 0.6344
vn -0.6273 0.4704 0.6206
vn -0.8074 0.4627 0.3662
vn -0.8096 0.4575 0.3678
vn -0.8822 0.4667 0.0621
vn -0.8899 0.4537 0.0478
vn 0.7184 0.6183 -0.3187
vn 0.6967 0.6456 -0.3128
vn 0.7625 0.5372 -0.3605
vn 0.7562 0.5616 -0.3358
vn 0.8165 0.5683 -0.1021
vn 0.8367 0.5377 -0.1043
vn 0.8120 0.5669 0.1390
vn 0.8239 0.5432 0.1618
vn 0.7488 0.4800 -0.4570
vn 0.7620 0.5108 -0.3980
vn 0.8619 0.4957 -0.1070
vn 0.8663 0.4886 -0.1034
vn 0.8320 0.5181 0.1985
vn 0.8326 0.4899 0.2584
vn -0.2639 0.5991 0.7560
vn -0.2538 0.6272 0.7364
vn -0.2651 0.5250 0.8088
vn -0.2765 0.5438 0.7924
vn -0.4903 0.5482 0.6776
vn -0.4997 0.5234 0.6902
vn -0.6655 0.5458 0.5091
vn -0.6861 0.5256 0.5031
vn -0.2005 0.4836 0.8520
vn -0.2424 0.5054 0.8281
vn -0.5121 0.4900 0.7054
vn -0.5151 0.4845 0.7071
vn -0.7131 0.5042 0.4871
vn -0.7510 0.4797 0.4538
vn -0.5547 0.6532 -0.5154
vn -0.5405 0.6791 -0.4966
vn -0.6294 0.5554 -0.5434
vn -0.5927 0.5899 -0.5483
vn -0.4015 0.5959 -0.6955
vn -0.4174 0.5496 -0.7237
vn -0.1770 0.5927 -0.7858
vn -0.1534 0.5573 -0.8160
vn -0.7424 0.4818 -0.4656
vn -0.6770 0.5198 -0.5211
vn -0.4334 0.4938 -0.7539
vn -0.4334 0.4862 -0.7588
vn -0.1093 0.5210 -0.8465
vn -0.0268 0.4817 -0.8759
vn 0.1675 0.6673 -0.7257
vn 0.1580 0.6926 -0.7038
vn 0.1474 0.5403 -0.8284
vn 0.1772 0.5797 -0.7953
vn 0.4087 0.5855 -0.7001
vn 0.4287 0.5279 -0.7332
vn 0.6033 0.5848 -0.5422
vn 0.6476 0.5458 -0.5318
vn -0.0179 0.4681 -0.8835
vn 0.0887 0.5015 -0.8606
vn 0.4436 0.4808 -0.7563
vn 0.4482 0.4773 -0.7558
vn 0.7041 0.5083 -0.4959
vn 0.7755 0.4776 -0.4129
vn 0.7460 0.6038 -0.2809
vn 0.7620 0.5794 -0.2891
vn 0.7873 0.5396 -0.2982
vn 0.8032 0.5188 -0.2928
vn 0.4676 0.5544 -0.6884
vn 0.8224 0.4955 -0.2796
vn 0.8435 0.4714 -0.2574
vn 0.4580 0.5688 -0.6832
vn 0.4673 0.5397 -0.7002
vn -0.0830 0.4736 -0.8768
vn -0.0778 0.4795 -0.8741
vn 0.2166 0.4814 -0.8493
vn 0.2176 0.4745 -0.8529
vn 0.4867 0.4796 -0.7301
vn 0.4923 0.4743 -0.7298
vn -0.1108 0.4470 -0.8877
vn -0.0942 0.4628 -0.8815
vn 0.2200 0.4553 -0.8627
vn 0.2217 0.4487 -0.8658
vn 0.5038 0.4646 -0.7282
vn 0.5206 0.4502 -0.7255
vn 0.3887 0.5561 0.7346
vn 0.3988 0.5302 0.7482
vn 0.8791 0.4735 -0.0545
vn 0.8776 0.4769 -0.0480
vn 0.7632 0.4825 0.4299
vn 0.7650 0.4787 0.4309
vn 0.4140 0.4773 0.7751
vn 0.4092 0.4753 0.7789
vn 0.8854 0.4561 -0.0899
vn 0.8814 0.4675 -0.0675
vn 0.7713 0.4657 0.4339
vn 0.7706 0.4623 0.4387
vn 0.3996 0.4713 0.7863
vn 0.3833 0.4631 0.7992
vn -0.4751 0.8413 0.2578
vn -0.3781 0.8908 0.2520
vn -0.7821 0.5327 0.3232
vn -0.7509 0.5912 0.2942
vn -0.8017 0.5948 0.0590
vn -0.8510 0.5216 0.0611
vn -0.7835 0.5939 -0.1828
vn -0.8200 0.5325 -0.2100
vn -0.7927 0.4683 0.3903
vn -0.7944 0.4937 0.3538
vn -0.8795 0.4720 0.0616
vn -0.8823 0.4667 0.0608
vn -0.8373 0.4910 -0.2403
vn -0.8417 0.4623 -0.2791
vn -0.5370 0.6344 -0.5561
vn -0.6854 0.6297 -0.3655
vn -0.3415 0.6297 -0.6977
vn 0.0000 0.6006 0.7995
vn 0.2433 0.5974 0.7641
vn -0.2433 0.5974 0.7641
vn -0.7282 0.6006 0.3300
vn -0.5769 0.5957 0.5589
vn -0.8007 0.5954 0.0655
vn 0.6592 0.6880 -0.3035
vn 0.6315 0.7160 -0.2975
vn 0.6845 0.7237 -0.0879
vn 0.6880 0.7144 0.1277
vn -0.2357 0.6707 0.7033
vn -0.2216 0.6996 0.6793
vn -0.4130 0.7067 0.5745
vn -0.5741 0.6978 0.4283
vn -0.5170 0.7192 -0.4641
vn -0.5005 0.7456 -0.4399
vn -0.3300 0.7545 -0.5672
vn -0.1364 0.7443 -0.6537
vn 0.1410 0.7318 -0.6668
vn 0.1279 0.7575 -0.6402
vn 0.3215 0.7669 -0.5554
vn 0.4918 0.7563 -0.4314
vn 0.6062 0.6344 -0.4797
vn 0.4312 0.6297 -0.6461
vn 0.7279 0.6297 -0.2711
vn 0.1975 0.6006 -0.7748
vn -0.0757 0.5957 -0.7996
vn 0.4494 0.5954 -0.6660
vn 0.6967 0.6005 0.3923
vn 0.8128 0.5803 -0.0510
vn 0.3780 0.5800 0.7216
vn -0.2512 0.9365 0.2448
vn -0.1737 0.9548 0.2413
vn -0.1931 0.9800 0.0481
vn -0.1959 0.9695 -0.1471
vn 0.6751 0.6706 -0.3073
vn -0.2435 0.6529 0.7172
vn -0.5269 0.7028 -0.4779
vn 0.1483 0.7158 -0.6824
vn -0.2913 0.9242 0.2470
# 627 vertex normals

vt 0.5000 0.1950 0.0000
vt 0.5000 0.1300 0.0000
vt 0.2500 0.1300 0.0000
vt 0.2188 0.1950 0.0000
vt 0.2500 0.0750 0.0000
vt 0.5000 0.0750 0.0000
vt 0.5000 0.4125 0.0000
vt 0.5000 0.3500 0.0000
vt 0.0000 0.3500 0.0000
vt 0.0000 0.4125 0.0000
vt 0.0313 0.3000 0.0000
vt 0.5000 0.3000 0.0000
vt 1.0000 0.4125 0.0000
vt 1.0000 0.3500 0.0000
vt 0.9688 0.3000 0.0000
vt 0.5000 0.6000 0.0000
vt 0.5000 0.5000 0.0000
vt 0.0000 0.5000 0.0000
vt 0.0000 0.6000 0.0000
vt 1.0000 0.6000 0.0000
vt 1.0000 0.5000 0.0000
vt 0.5000 0.7992 0.0000
vt 0.5000 0.7000 0.0000
vt 0.0000 0.7000 0.0000
vt 0.0000 0.7992 0.0000
vt 1.0000 0.7992 0.0000
vt 1.0000 0.7000 0.0000
vt 0.0000 0.8970 0.0000
vt 0.5000 0.8970 0.0000
vt 0.0000 0.9940 0.0000
vt 0.5000 0.9940 0.0000
vt 1.0000 0.8970 0.0000
vt 1.0000 0.9940 0.0000
vt 0.5000 0.0400 0.0000
vt 0.5000 0.0300 0.0000
vt 0.2500 0.0300 0.0000
vt 0.2500 0.0400 0.0000
vt 0.2500 0.0200 0.0000
vt 0.5000 0.0200 0.0000
vt 0.5000 0.0100 0.0000
vt 0.2500 0.0100 0.0000
vt 0.2500 0.0000 0.0000
vt 0.5000 0.0000 0.0000
vt 0.5000 0.0500 0.0000
vt 0.7500 0.0500 0.0000
vt 0.7500 0.0400 0.0000
vt 0.7500 0.0750 0.0000
vt 0.2500 0.0500 0.0000
vt 0.7500 0.1300 0.0000
vt 0.7813 0.1950 0.0000
vt 0.5000 0.2500 0.0000
vt 0.8750 0.2500 0.0000
vt 0.7500 0.0300 0.0000
vt 0.7500 0.0200 0.0000
vt 0.7500 0.0100 0.0000
vt 0.7500 0.0000 0.0000
vt 0.1250 0.2500 0.0000
# 57 texture coords

o PalmPlant_LOD1_backface
g PalmPlant_LOD1_backface
usemtl Material__25
s 2
f 2344/219/2321 2345/220/2322 2346/221/2323 2347/222/2324 
f 2348/223/2325 2346/221/2323 2345/220/2322 2349/224/2326 
f 2350/225/2327 2351/226/2328 2352/227/2329 2353/228/2330 
f 2354/229/2331 2352/227/2329 2351/226/2328 2355/230/2332 
f 2356/231/2333 2357/232/2334 2351/226/2328 2350/225/2327 
f 2355/230/2332 2351/226/2328 2357/232/2334 2358/233/2335 
f 2359/234/2336 2360/235/2337 2361/236/2338 2362/237/2339 
f 2353/228/2330 2361/236/2338 2360/235/2337 2350/225/2327 
f 2363/238/2340 2364/239/2341 2360/235/2337 2359/234/2336 
f 2350/225/2327 2360/235/2337 2364/239/2341 2356/231/2333 
f 2365/240/2342 2366/241/2343 2367/242/2344 2368/243/2345 
f 2362/237/2339 2367/242/2344 2366/241/2343 2359/234/2336 
f 2369/244/2346 2370/245/2347 2366/241/2343 2365/240/2342 
f 2359/234/2336 2366/241/2343 2370/245/2347 2363/238/2340 
f 2365/240/2342 2368/243/2345 2371/246/2348 2372/247/2349 
f 2372/247/2349 2371/246/2348 2373/248/2350 2374/249/2351 
f 2365/240/2342 2372/247/2349 2375/250/2352 2369/244/2346 
f 2376/251/2353 2375/250/2352 2372/247/2349 2374/249/2351 
f 2377/252/2354 2378/253/2355 2379/254/2356 2380/255/2357 
f 2381/256/2358 2379/254/2356 2378/253/2355 2382/257/2359 
f 2382/257/2359 2383/258/2360 2384/259/2361 2381/256/2358 
f 2385/260/2362 2384/259/2361 2383/258/2360 2386/261/2363 
f 2377/252/2354 2387/262/2364 2388/263/2365 2389/264/2366 
f 2390/265/2367 2388/263/2365 2387/262/2364 2349/224/2326 
f 2391/219/2368 2392/220/2369 2393/221/2370 2394/222/2371 
f 2395/223/2372 2393/221/2370 2392/220/2369 2396/224/2373 
f 2397/225/2374 2398/226/2375 2399/227/2376 2400/228/2377 
f 2401/229/2378 2399/227/2376 2398/226/2375 2402/230/2379 
f 2403/231/2380 2404/232/2381 2398/226/2375 2397/225/2374 
f 2402/230/2379 2398/226/2375 2404/232/2381 2405/233/2382 
f 2406/234/2383 2407/235/2384 2408/236/2385 2409/237/2386 
f 2400/228/2377 2408/236/2385 2407/235/2384 2397/225/2374 
f 2410/238/2387 2411/239/2388 2407/235/2384 2406/234/2383 
f 2397/225/2374 2407/235/2384 2411/239/2388 2403/231/2380 
f 2412/240/2389 2413/241/2390 2414/242/2391 2415/243/2392 
f 2409/237/2386 2414/242/2391 2413/241/2390 2406/234/2383 
f 2416/244/2393 2417/245/2394 2413/241/2390 2412/240/2389 
f 2406/234/2383 2413/241/2390 2417/245/2394 2410/238/2387 
f 2412/240/2389 2415/243/2392 2418/246/2395 2419/247/2396 
f 2419/247/2396 2418/246/2395 2420/248/2397 2421/249/2398 
f 2412/240/2389 2419/247/2396 2422/250/2399 2416/244/2393 
f 2423/251/2400 2422/250/2399 2419/247/2396 2421/249/2398 
f 2424/252/2401 2425/253/2402 2426/254/2403 2427/255/2404 
f 2428/256/2405 2426/254/2403 2425/253/2402 2429/257/2406 
f 2429/257/2406 2430/258/2407 2431/259/2408 2428/256/2405 
f 2432/260/2409 2431/259/2408 2430/258/2407 2433/261/2410 
f 2424/252/2401 2434/262/2411 2435/263/2412 2436/264/2413 
f 2437/265/2414 2435/263/2412 2434/262/2411 2396/224/2373 
f 2438/219/2415 2439/220/2416 2440/221/2417 2441/222/2418 
f 2442/223/2419 2440/221/2417 2439/220/2416 2443/224/2420 
f 2444/225/2421 2445/226/2422 2446/227/2423 2447/228/2424 
f 2448/229/2425 2446/227/2423 2445/226/2422 2449/230/2426 
f 2450/231/2427 2451/232/2428 2445/226/2422 2444/225/2421 
f 2449/230/2426 2445/226/2422 2451/232/2428 2452/233/2429 
f 2453/234/2430 2454/235/2431 2455/236/2432 2456/237/2433 
f 2447/228/2424 2455/236/2432 2454/235/2431 2444/225/2421 
f 2457/238/2434 2458/239/2435 2454/235/2431 2453/234/2430 
f 2444/225/2421 2454/235/2431 2458/239/2435 2450/231/2427 
f 2459/240/2436 2460/241/2437 2461/242/2438 2462/243/2439 
f 2456/237/2433 2461/242/2438 2460/241/2437 2453/234/2430 
f 2463/244/2440 2464/245/2441 2460/241/2437 2459/240/2436 
f 2453/234/2430 2460/241/2437 2464/245/2441 2457/238/2434 
f 2465/249/2442 2466/247/2443 2467/246/2444 2468/248/2445 
f 2462/243/2439 2467/246/2444 2466/247/2443 2459/240/2436 
f 2459/240/2436 2466/247/2443 2469/250/2446 2463/244/2440 
f 2470/251/2447 2469/250/2446 2466/247/2443 2465/249/2442 
f 2443/224/2420 2471/262/2448 2472/266/2449 2442/223/2419 
f 2473/255/2450 2472/266/2449 2471/262/2448 2474/252/2451 
f 2443/224/2420 2475/265/2452 2476/263/2453 2471/262/2448 
f 2471/262/2448 2476/263/2453 2477/264/2454 2474/252/2451 
f 2478/224/2455 2479/220/2456 2480/267/2457 2481/265/2458 
f 2482/268/2459 2480/267/2457 2479/220/2456 2483/219/2460 
f 2483/219/2460 2484/269/2461 2485/270/2462 2482/268/2459 
f 2486/233/2463 2485/270/2462 2484/269/2461 2487/230/2464 
f 2488/228/2465 2489/236/2466 2490/235/2467 2491/225/2468 
f 2492/234/2469 2490/235/2467 2489/236/2466 2493/237/2470 
f 2491/225/2468 2490/235/2467 2494/239/2471 2495/231/2472 
f 2496/238/2473 2494/239/2471 2490/235/2467 2492/234/2469 
f 2493/237/2470 2497/242/2474 2498/241/2475 2492/234/2469 
f 2499/240/2476 2498/241/2475 2497/242/2474 2500/243/2477 
f 2492/234/2469 2498/241/2475 2501/245/2478 2496/238/2473 
f 2502/244/2479 2501/245/2478 2498/241/2475 2499/240/2476 
f 2500/243/2477 2503/246/2480 2504/247/2481 2499/240/2476 
f 2505/249/2482 2504/247/2481 2503/246/2480 2506/248/2483 
f 2499/240/2476 2504/247/2481 2507/250/2484 2502/244/2479 
f 2508/251/2485 2507/250/2484 2504/247/2481 2505/249/2482 
f 2478/224/2455 2509/262/2486 2510/266/2487 2511/223/2488 
f 2512/255/2489 2510/266/2487 2509/262/2486 2513/252/2490 
f 2478/224/2455 2481/265/2458 2514/263/2491 2509/262/2486 
f 2509/262/2486 2514/263/2491 2515/264/2492 2513/252/2490 
f 2516/224/2493 2517/220/2494 2518/267/2495 2519/265/2496 
f 2520/268/2497 2518/267/2495 2517/220/2494 2521/219/2498 
f 2521/219/2498 2522/269/2499 2523/270/2500 2520/268/2497 
f 2524/233/2501 2523/270/2500 2522/269/2499 2525/230/2502 
f 2526/228/2503 2527/236/2504 2528/235/2505 2529/225/2506 
f 2530/234/2507 2528/235/2505 2527/236/2504 2531/237/2508 
f 2529/225/2506 2528/235/2505 2532/239/2509 2533/231/2510 
f 2534/238/2511 2532/239/2509 2528/235/2505 2530/234/2507 
f 2531/237/2508 2535/242/2512 2536/241/2513 2530/234/2507 
f 2537/240/2514 2536/241/2513 2535/242/2512 2538/243/2515 
f 2530/234/2507 2536/241/2513 2539/245/2516 2534/238/2511 
f 2540/244/2517 2539/245/2516 2536/241/2513 2537/240/2514 
f 2538/243/2515 2541/246/2518 2542/247/2519 2537/240/2514 
f 2543/249/2520 2542/247/2519 2541/246/2518 2544/248/2521 
f 2537/240/2514 2542/247/2519 2545/250/2522 2540/244/2517 
f 2546/251/2523 2545/250/2522 2542/247/2519 2543/249/2520 
f 2516/224/2493 2547/262/2524 2548/266/2525 2549/223/2526 
f 2550/255/2527 2548/266/2525 2547/262/2524 2551/252/2528 
f 2516/224/2493 2519/265/2496 2552/263/2529 2547/262/2524 
f 2547/262/2524 2552/263/2529 2553/264/2530 2551/252/2528 
f 2554/224/2531 2555/220/2532 2556/267/2533 2557/265/2534 
f 2558/268/2535 2556/267/2533 2555/220/2532 2559/219/2536 
f 2559/219/2536 2560/269/2537 2561/270/2538 2558/268/2535 
f 2562/233/2539 2561/270/2538 2560/269/2537 2563/230/2540 
f 2564/228/2541 2565/236/2542 2566/235/2543 2567/225/2544 
f 2568/234/2545 2566/235/2543 2565/236/2542 2569/237/2546 
f 2567/225/2544 2566/235/2543 2570/239/2547 2571/231/2548 
f 2572/238/2549 2570/239/2547 2566/235/2543 2568/234/2545 
f 2569/237/2546 2573/242/2550 2574/241/2551 2568/234/2545 
f 2575/240/2552 2574/241/2551 2573/242/2550 2576/243/2553 
f 2568/234/2545 2574/241/2551 2577/245/2554 2572/238/2549 
f 2578/244/2555 2577/245/2554 2574/241/2551 2575/240/2552 
f 2576/243/2553 2579/246/2556 2580/247/2557 2575/240/2552 
f 2581/249/2558 2580/247/2557 2579/246/2556 2582/248/2559 
f 2575/240/2552 2580/247/2557 2583/250/2560 2578/244/2555 
f 2584/251/2561 2583/250/2560 2580/247/2557 2581/249/2558 
f 2554/224/2531 2585/262/2562 2586/266/2563 2587/223/2564 
f 2588/255/2565 2586/266/2563 2585/262/2562 2589/252/2566 
f 2554/224/2531 2557/265/2534 2590/263/2567 2585/262/2562 
f 2585/262/2562 2590/263/2567 2591/264/2568 2589/252/2566 
f 2592/224/2569 2593/220/2570 2594/267/2571 2595/265/2572 
f 2596/268/2573 2594/267/2571 2593/220/2570 2597/219/2574 
f 2597/219/2574 2598/269/2575 2599/270/2576 2596/268/2573 
f 2600/233/2577 2599/270/2576 2598/269/2575 2601/230/2578 
f 2602/228/2579 2603/236/2580 2604/235/2581 2605/225/2582 
f 2606/234/2583 2604/235/2581 2603/236/2580 2607/237/2584 
f 2605/225/2582 2604/235/2581 2608/239/2585 2609/231/2586 
f 2610/238/2587 2608/239/2585 2604/235/2581 2606/234/2583 
f 2607/237/2584 2611/242/2588 2612/241/2589 2606/234/2583 
f 2613/240/2590 2612/241/2589 2611/242/2588 2614/243/2591 
f 2606/234/2583 2612/241/2589 2615/245/2592 2610/238/2587 
f 2616/244/2593 2615/245/2592 2612/241/2589 2613/240/2590 
f 2614/243/2591 2617/246/2594 2618/247/2595 2613/240/2590 
f 2619/249/2596 2618/247/2595 2617/246/2594 2620/248/2597 
f 2613/240/2590 2618/247/2595 2621/250/2598 2616/244/2593 
f 2622/251/2599 2621/250/2598 2618/247/2595 2619/249/2596 
f 2592/224/2569 2623/262/2600 2624/266/2601 2625/223/2602 
f 2626/255/2603 2624/266/2601 2623/262/2600 2627/252/2604 
f 2592/224/2569 2595/265/2572 2628/263/2605 2623/262/2600 
f 2623/262/2600 2628/263/2605 2629/264/2606 2627/252/2604 
f 2630/219/2607 2631/220/2608 2632/221/2609 2633/222/2610 
f 2634/223/2611 2632/221/2609 2631/220/2608 2635/224/2612 
f 2636/225/2613 2637/226/2614 2638/227/2615 2639/228/2616 
f 2640/229/2617 2638/227/2615 2637/226/2614 2641/230/2618 
f 2642/231/2619 2643/232/2620 2637/226/2614 2636/225/2613 
f 2641/230/2618 2637/226/2614 2643/232/2620 2644/233/2621 
f 2645/234/2622 2646/235/2623 2647/236/2624 2648/237/2625 
f 2639/228/2616 2647/236/2624 2646/235/2623 2636/225/2613 
f 2649/238/2626 2650/239/2627 2646/235/2623 2645/234/2622 
f 2636/225/2613 2646/235/2623 2650/239/2627 2642/231/2619 
f 2651/240/2628 2652/241/2629 2653/242/2630 2654/243/2631 
f 2648/237/2625 2653/242/2630 2652/241/2629 2645/234/2622 
f 2655/244/2632 2656/245/2633 2652/241/2629 2651/240/2628 
f 2645/234/2622 2652/241/2629 2656/245/2633 2649/238/2626 
f 2651/240/2628 2654/243/2631 2657/246/2634 2658/247/2635 
f 2658/247/2635 2657/246/2634 2659/248/2636 2660/249/2637 
f 2651/240/2628 2658/247/2635 2661/250/2638 2655/244/2632 
f 2662/251/2639 2661/250/2638 2658/247/2635 2660/249/2637 
f 2663/252/2640 2664/253/2641 2665/254/2642 2666/255/2643 
f 2667/256/2644 2665/254/2642 2664/253/2641 2668/257/2645 
f 2668/257/2645 2669/258/2646 2670/259/2647 2667/256/2644 
f 2671/260/2648 2670/259/2647 2669/258/2646 2672/261/2649 
f 2663/252/2640 2673/262/2650 2674/263/2651 2675/264/2652 
f 2676/265/2653 2674/263/2651 2673/262/2650 2635/224/2612 
f 2677/219/2654 2678/220/2655 2679/221/2656 2680/222/2657 
f 2681/223/2658 2679/221/2656 2678/220/2655 2682/224/2659 
f 2683/225/2660 2684/226/2661 2685/227/2662 2686/228/2663 
f 2687/229/2664 2685/227/2662 2684/226/2661 2688/230/2665 
f 2689/231/2666 2690/232/2667 2684/226/2661 2683/225/2660 
f 2688/230/2665 2684/226/2661 2690/232/2667 2691/233/2668 
f 2692/234/2669 2693/235/2670 2694/236/2671 2695/237/2672 
f 2686/228/2663 2694/236/2671 2693/235/2670 2683/225/2660 
f 2696/238/2673 2697/239/2674 2693/235/2670 2692/234/2669 
f 2683/225/2660 2693/235/2670 2697/239/2674 2689/231/2666 
f 2698/240/2675 2699/241/2676 2700/242/2677 2701/243/2678 
f 2695/237/2672 2700/242/2677 2699/241/2676 2692/234/2669 
f 2702/244/2679 2703/245/2680 2699/241/2676 2698/240/2675 
f 2692/234/2669 2699/241/2676 2703/245/2680 2696/238/2673 
f 2704/249/2681 2705/247/2682 2706/246/2683 2707/248/2684 
f 2701/243/2678 2706/246/2683 2705/247/2682 2698/240/2675 
f 2698/240/2675 2705/247/2682 2708/250/2685 2702/244/2679 
f 2709/251/2686 2708/250/2685 2705/247/2682 2704/249/2681 
f 2682/224/2659 2710/262/2687 2711/266/2688 2681/223/2658 
f 2712/255/2689 2711/266/2688 2710/262/2687 2713/252/2690 
f 2682/224/2659 2714/265/2691 2715/263/2692 2710/262/2687 
f 2710/262/2687 2715/263/2692 2716/264/2693 2713/252/2690 
f 2717/219/2694 2718/220/2695 2719/221/2696 2720/222/2697 
f 2721/223/2698 2719/221/2696 2718/220/2695 2722/224/2699 
f 2723/225/2700 2724/226/2701 2725/227/2702 2726/228/2703 
f 2727/229/2704 2725/227/2702 2724/226/2701 2728/230/2705 
f 2729/231/2706 2730/232/2707 2724/226/2701 2723/225/2700 
f 2728/230/2705 2724/226/2701 2730/232/2707 2731/233/2708 
f 2732/234/2709 2733/235/2710 2734/236/2711 2735/237/2712 
f 2726/228/2703 2734/236/2711 2733/235/2710 2723/225/2700 
f 2736/238/2713 2737/239/2714 2733/235/2710 2732/234/2709 
f 2723/225/2700 2733/235/2710 2737/239/2714 2729/231/2706 
f 2738/240/2715 2739/241/2716 2740/242/2717 2741/243/2718 
f 2735/237/2712 2740/242/2717 2739/241/2716 2732/234/2709 
f 2742/244/2719 2743/245/2720 2739/241/2716 2738/240/2715 
f 2732/234/2709 2739/241/2716 2743/245/2720 2736/238/2713 
f 2738/240/2715 2741/243/2718 2744/246/2721 2745/247/2722 
f 2745/247/2722 2744/246/2721 2746/248/2723 2747/249/2724 
f 2738/240/2715 2745/247/2722 2748/250/2725 2742/244/2719 
f 2749/251/2726 2748/250/2725 2745/247/2722 2747/249/2724 
f 2722/224/2699 2750/262/2727 2751/266/2728 2721/223/2698 
f 2752/255/2729 2751/266/2728 2750/262/2727 2753/252/2730 
f 2722/224/2699 2754/265/2731 2755/263/2732 2750/262/2727 
f 2750/262/2727 2755/263/2732 2756/264/2733 2753/252/2730 
f 2757/224/2734 2758/220/2735 2759/267/2736 2760/265/2737 
f 2761/268/2738 2759/267/2736 2758/220/2735 2762/219/2739 
f 2762/219/2739 2763/269/2740 2764/270/2741 2761/268/2738 
f 2765/233/2742 2764/270/2741 2763/269/2740 2766/230/2743 
f 2767/228/2744 2768/236/2745 2769/235/2746 2770/225/2747 
f 2771/234/2748 2769/235/2746 2768/236/2745 2772/237/2749 
f 2770/225/2747 2769/235/2746 2773/239/2750 2774/231/2751 
f 2775/238/2752 2773/239/2750 2769/235/2746 2771/234/2748 
f 2772/237/2749 2776/242/2753 2777/241/2754 2771/234/2748 
f 2778/240/2755 2777/241/2754 2776/242/2753 2779/243/2756 
f 2771/234/2748 2777/241/2754 2780/245/2757 2775/238/2752 
f 2781/244/2758 2780/245/2757 2777/241/2754 2778/240/2755 
f 2779/243/2756 2782/246/2759 2783/247/2760 2778/240/2755 
f 2784/249/2761 2783/247/2760 2782/246/2759 2785/248/2762 
f 2778/240/2755 2783/247/2760 2786/250/2763 2781/244/2758 
f 2787/251/2764 2786/250/2763 2783/247/2760 2784/249/2761 
f 2757/224/2734 2788/262/2765 2789/266/2766 2790/223/2767 
f 2791/255/2768 2789/266/2766 2788/262/2765 2792/252/2769 
f 2757/224/2734 2760/265/2737 2793/263/2770 2788/262/2765 
f 2788/262/2765 2793/263/2770 2794/264/2771 2792/252/2769 
f 2795/268/2772 2796/267/2773 2345/220/2322 2344/219/2321 
f 2349/224/2326 2345/220/2322 2796/267/2773 2390/265/2367 
f 2389/264/2366 2797/271/2774 2378/253/2355 2377/252/2354 
f 2382/257/2359 2378/253/2355 2797/271/2774 2798/272/2775 
f 2380/255/2357 2799/266/2776 2387/262/2364 2377/252/2354 
f 2349/224/2326 2387/262/2364 2799/266/2776 2348/223/2325 
f 2798/272/2775 2800/273/2777 2383/258/2360 2382/257/2359 
f 2386/261/2363 2383/258/2360 2800/273/2777 2801/274/2778 
f 2802/268/2779 2803/267/2780 2392/220/2369 2391/219/2368 
f 2396/224/2373 2392/220/2369 2803/267/2780 2437/265/2414 
f 2436/264/2413 2804/271/2781 2425/253/2402 2424/252/2401 
f 2429/257/2406 2425/253/2402 2804/271/2781 2805/272/2782 
f 2427/255/2404 2806/266/2783 2434/262/2411 2424/252/2401 
f 2396/224/2373 2434/262/2411 2806/266/2783 2395/223/2372 
f 2805/272/2782 2807/273/2784 2430/258/2407 2429/257/2406 
f 2433/261/2410 2430/258/2407 2807/273/2784 2808/274/2785 
f 2809/268/2786 2810/267/2787 2439/220/2416 2438/219/2415 
f 2443/224/2420 2439/220/2416 2810/267/2787 2475/265/2452 
f 2811/256/2788 2812/254/2789 2813/253/2790 2814/257/2791 
f 2474/252/2451 2813/253/2790 2812/254/2789 2473/255/2450 
f 2477/264/2454 2815/271/2792 2813/253/2790 2474/252/2451 
f 2814/257/2791 2813/253/2790 2815/271/2792 2816/272/2793 
f 2817/260/2794 2818/259/2795 2819/258/2796 2820/261/2797 
f 2814/257/2791 2819/258/2796 2818/259/2795 2811/256/2788 
f 2816/272/2793 2821/273/2798 2819/258/2796 2814/257/2791 
f 2820/261/2797 2819/258/2796 2821/273/2798 2822/274/2799 
f 2511/223/2488 2823/221/2800 2479/220/2456 2478/224/2455 
f 2483/219/2460 2479/220/2456 2823/221/2800 2824/222/2801 
f 2825/256/2802 2826/254/2803 2827/253/2804 2828/257/2805 
f 2513/252/2490 2827/253/2804 2826/254/2803 2512/255/2489 
f 2515/264/2492 2829/271/2806 2827/253/2804 2513/252/2490 
f 2828/257/2805 2827/253/2804 2829/271/2806 2830/272/2807 
f 2831/260/2808 2832/259/2809 2833/258/2810 2834/261/2811 
f 2828/257/2805 2833/258/2810 2832/259/2809 2825/256/2802 
f 2830/272/2807 2835/273/2812 2833/258/2810 2828/257/2805 
f 2834/261/2811 2833/258/2810 2835/273/2812 2836/274/2813 
f 2549/223/2526 2837/221/2814 2517/220/2494 2516/224/2493 
f 2521/219/2498 2517/220/2494 2837/221/2814 2838/222/2815 
f 2839/256/2816 2840/254/2817 2841/253/2818 2842/257/2819 
f 2551/252/2528 2841/253/2818 2840/254/2817 2550/255/2527 
f 2553/264/2530 2843/271/2820 2841/253/2818 2551/252/2528 
f 2842/257/2819 2841/253/2818 2843/271/2820 2844/272/2821 
f 2845/260/2822 2846/259/2823 2847/258/2824 2848/261/2825 
f 2842/257/2819 2847/258/2824 2846/259/2823 2839/256/2816 
f 2844/272/2821 2849/273/2826 2847/258/2824 2842/257/2819 
f 2848/261/2825 2847/258/2824 2849/273/2826 2850/274/2827 
f 2587/223/2564 2851/221/2828 2555/220/2532 2554/224/2531 
f 2559/219/2536 2555/220/2532 2851/221/2828 2852/222/2829 
f 2853/256/2830 2854/254/2831 2855/253/2832 2856/257/2833 
f 2589/252/2566 2855/253/2832 2854/254/2831 2588/255/2565 
f 2591/264/2568 2857/271/2834 2855/253/2832 2589/252/2566 
f 2856/257/2833 2855/253/2832 2857/271/2834 2858/272/2835 
f 2859/260/2836 2860/259/2837 2861/258/2838 2862/261/2839 
f 2856/257/2833 2861/258/2838 2860/259/2837 2853/256/2830 
f 2858/272/2835 2863/273/2840 2861/258/2838 2856/257/2833 
f 2862/261/2839 2861/258/2838 2863/273/2840 2864/274/2841 
f 2625/223/2602 2865/221/2842 2593/220/2570 2592/224/2569 
f 2597/219/2574 2593/220/2570 2865/221/2842 2866/222/2843 
f 2867/256/2844 2868/254/2845 2869/253/2846 2870/257/2847 
f 2627/252/2604 2869/253/2846 2868/254/2845 2626/255/2603 
f 2629/264/2606 2871/271/2848 2869/253/2846 2627/252/2604 
f 2870/257/2847 2869/253/2846 2871/271/2848 2872/272/2849 
f 2873/260/2850 2874/259/2851 2875/258/2852 2876/261/2853 
f 2870/257/2847 2875/258/2852 2874/259/2851 2867/256/2844 
f 2872/272/2849 2877/273/2854 2875/258/2852 2870/257/2847 
f 2876/261/2853 2875/258/2852 2877/273/2854 2878/274/2855 
f 2879/268/2856 2880/267/2857 2631/220/2608 2630/219/2607 
f 2635/224/2612 2631/220/2608 2880/267/2857 2676/265/2653 
f 2675/264/2652 2881/271/2858 2664/253/2641 2663/252/2640 
f 2668/257/2645 2664/253/2641 2881/271/2858 2882/272/2859 
f 2666/255/2643 2883/266/2860 2673/262/2650 2663/252/2640 
f 2635/224/2612 2673/262/2650 2883/266/2860 2634/223/2611 
f 2882/272/2859 2884/273/2861 2669/258/2646 2668/257/2645 
f 2672/261/2649 2669/258/2646 2884/273/2861 2885/274/2862 
f 2886/268/2863 2887/267/2864 2678/220/2655 2677/219/2654 
f 2682/224/2659 2678/220/2655 2887/267/2864 2714/265/2691 
f 2888/256/2865 2889/254/2866 2890/253/2867 2891/257/2868 
f 2713/252/2690 2890/253/2867 2889/254/2866 2712/255/2689 
f 2716/264/2693 2892/271/2869 2890/253/2867 2713/252/2690 
f 2891/257/2868 2890/253/2867 2892/271/2869 2893/272/2870 
f 2894/260/2871 2895/259/2872 2896/258/2873 2897/261/2874 
f 2891/257/2868 2896/258/2873 2895/259/2872 2888/256/2865 
f 2893/272/2870 2898/273/2875 2896/258/2873 2891/257/2868 
f 2897/261/2874 2896/258/2873 2898/273/2875 2899/274/2876 
f 2900/268/2877 2901/267/2878 2718/220/2695 2717/219/2694 
f 2722/224/2699 2718/220/2695 2901/267/2878 2754/265/2731 
f 2902/256/2879 2903/254/2880 2904/253/2881 2905/257/2882 
f 2753/252/2730 2904/253/2881 2903/254/2880 2752/255/2729 
f 2756/264/2733 2906/271/2883 2904/253/2881 2753/252/2730 
f 2905/257/2882 2904/253/2881 2906/271/2883 2907/272/2884 
f 2908/260/2885 2909/259/2886 2910/258/2887 2911/261/2888 
f 2905/257/2882 2910/258/2887 2909/259/2886 2902/256/2879 
f 2907/272/2884 2912/273/2889 2910/258/2887 2905/257/2882 
f 2911/261/2888 2910/258/2887 2912/273/2889 2913/274/2890 
f 2790/223/2767 2914/221/2891 2758/220/2735 2757/224/2734 
f 2762/219/2739 2758/220/2735 2914/221/2891 2915/222/2892 
f 2916/256/2893 2917/254/2894 2918/253/2895 2919/257/2896 
f 2792/252/2769 2918/253/2895 2917/254/2894 2791/255/2768 
f 2794/264/2771 2920/271/2897 2918/253/2895 2792/252/2769 
f 2919/257/2896 2918/253/2895 2920/271/2897 2921/272/2898 
f 2922/260/2899 2923/259/2900 2924/258/2901 2925/261/2902 
f 2919/257/2896 2924/258/2901 2923/259/2900 2916/256/2893 
f 2921/272/2898 2926/273/2903 2924/258/2901 2919/257/2896 
f 2925/261/2902 2924/258/2901 2926/273/2903 2927/274/2904 
f 2354/229/2331 2355/230/2332 2928/269/2905 2929/275/2906 
f 2929/275/2906 2928/269/2905 2344/219/2321 2347/222/2324 
f 2355/230/2332 2358/233/2335 2930/270/2907 2928/269/2905 
f 2928/269/2905 2930/270/2907 2795/268/2772 2344/219/2321 
f 2401/229/2378 2402/230/2379 2931/269/2908 2932/275/2909 
f 2932/275/2909 2931/269/2908 2391/219/2368 2394/222/2371 
f 2402/230/2379 2405/233/2382 2933/270/2910 2931/269/2908 
f 2931/269/2908 2933/270/2910 2802/268/2779 2391/219/2368 
f 2448/229/2425 2449/230/2426 2934/269/2911 2935/275/2912 
f 2935/275/2912 2934/269/2911 2438/219/2415 2441/222/2418 
f 2449/230/2426 2452/233/2429 2936/270/2913 2934/269/2911 
f 2934/269/2911 2936/270/2913 2809/268/2786 2438/219/2415 
f 2487/230/2464 2937/229/2914 2938/227/2915 2939/226/2916 
f 2939/226/2916 2938/227/2915 2488/228/2465 2491/225/2468 
f 2486/233/2463 2487/230/2464 2939/226/2916 2940/232/2917 
f 2940/232/2917 2939/226/2916 2491/225/2468 2495/231/2472 
f 2525/230/2502 2941/229/2918 2942/227/2919 2943/226/2920 
f 2943/226/2920 2942/227/2919 2526/228/2503 2529/225/2506 
f 2524/233/2501 2525/230/2502 2943/226/2920 2944/232/2921 
f 2944/232/2921 2943/226/2920 2529/225/2506 2533/231/2510 
f 2563/230/2540 2945/229/2922 2946/227/2923 2947/226/2924 
f 2947/226/2924 2946/227/2923 2564/228/2541 2567/225/2544 
f 2562/233/2539 2563/230/2540 2947/226/2924 2948/232/2925 
f 2948/232/2925 2947/226/2924 2567/225/2544 2571/231/2548 
f 2601/230/2578 2949/229/2926 2950/227/2927 2951/226/2928 
f 2951/226/2928 2950/227/2927 2602/228/2579 2605/225/2582 
f 2600/233/2577 2601/230/2578 2951/226/2928 2952/232/2929 
f 2952/232/2929 2951/226/2928 2605/225/2582 2609/231/2586 
f 2640/229/2617 2641/230/2618 2953/269/2930 2954/275/2931 
f 2954/275/2931 2953/269/2930 2630/219/2607 2633/222/2610 
f 2641/230/2618 2644/233/2621 2955/270/2932 2953/269/2930 
f 2953/269/2930 2955/270/2932 2879/268/2856 2630/219/2607 
f 2687/229/2664 2688/230/2665 2956/269/2933 2957/275/2934 
f 2957/275/2934 2956/269/2933 2677/219/2654 2680/222/2657 
f 2688/230/2665 2691/233/2668 2958/270/2935 2956/269/2933 
f 2956/269/2933 2958/270/2935 2886/268/2863 2677/219/2654 
f 2727/229/2704 2728/230/2705 2959/269/2936 2960/275/2937 
f 2960/275/2937 2959/269/2936 2717/219/2694 2720/222/2697 
f 2728/230/2705 2731/233/2708 2961/270/2938 2959/269/2936 
f 2959/269/2936 2961/270/2938 2900/268/2877 2717/219/2694 
f 2766/230/2743 2962/229/2939 2963/227/2940 2964/226/2941 
f 2964/226/2941 2963/227/2940 2767/228/2744 2770/225/2747 
f 2765/233/2742 2766/230/2743 2964/226/2941 2965/232/2942 
f 2965/232/2942 2964/226/2941 2770/225/2747 2774/231/2751 
f 2824/222/2801 2966/275/2943 2484/269/2461 2483/219/2460 
f 2487/230/2464 2484/269/2461 2966/275/2943 2937/229/2914 
f 2838/222/2815 2967/275/2944 2522/269/2499 2521/219/2498 
f 2525/230/2502 2522/269/2499 2967/275/2944 2941/229/2918 
f 2852/222/2829 2968/275/2945 2560/269/2537 2559/219/2536 
f 2563/230/2540 2560/269/2537 2968/275/2945 2945/229/2922 
f 2866/222/2843 2969/275/2946 2598/269/2575 2597/219/2574 
f 2601/230/2578 2598/269/2575 2969/275/2946 2949/229/2926 
f 2915/222/2892 2970/275/2947 2763/269/2740 2762/219/2739 
f 2766/230/2743 2763/269/2740 2970/275/2947 2962/229/2939 
# 396 polygons

#
# object PalmPlant_LOD2_backface
#

v  6.3276 67.8115 6.5517
v  4.3330 54.0812 4.4866
v  7.2511 54.3669 -0.7863
v  9.6467 68.3537 0.6573
v  11.5057 88.8927 11.9132
v  8.4666 78.1678 8.7664
v  14.0646 79.3481 -0.9891
v  17.5653 90.4558 1.5988
v  0.9867 90.4558 17.6103
v  -1.4778 79.3481 14.0217
v  18.4190 105.4445 19.0714
v  24.6875 107.5082 8.9734
v  8.1090 107.5082 24.9848
v  27.6660 121.1410 28.6459
v  34.2011 123.6647 18.8239
v  17.6225 123.6647 34.8353
v  45.1758 137.5583 30.1873
v  38.4080 134.7263 39.7684
v  28.5972 137.5583 46.1987
v  2.5513 38.8171 2.6635
v  0.9171 21.6193 1.0306
v  3.2137 22.6345 -3.0923
v  5.2925 39.0752 -2.2899
v  0.0847 -6.1802 0.4026
v  0.8645 0.1358 -1.4028
v  -1.0381 54.3669 7.2194
v  -2.4939 39.0752 5.2302
v  0.0000 68.2348 -5.6604
v  0.0000 54.3626 -3.5803
v  -5.7620 54.5467 -1.8013
v  -6.4822 68.6654 -3.6984
v  0.0000 89.7082 -11.8945
v  0.0000 78.7505 -8.1412
v  -10.8037 79.7497 -4.9504
v  -11.5240 91.0850 -8.6006
v  11.5240 91.0850 -8.6006
v  10.8038 79.7496 -4.9504
v  0.0000 106.8029 -20.8816
v  -11.5240 108.6966 -17.8595
v  11.5240 108.6966 -17.8595
v  0.0000 123.2360 -33.2716
v  -11.5240 125.6109 -30.6061
v  11.5241 125.6109 -30.6061
v  -11.5241 140.3865 -45.5823
v  -0.0000 137.6846 -47.9311
v  11.5240 140.3865 -45.5823
v  0.0086 38.9899 -1.9635
v  0.0323 21.6887 -0.4747
v  -4.4795 22.6020 0.9050
v  -5.4064 39.1460 -0.2901
v  0.1264 -6.2141 0.5056
v  -1.6439 -0.0000 1.0646
v  5.7621 54.5467 -1.8013
v  5.4233 39.1460 -0.2901
v  5.7924 111.1355 -2.6462
v  3.6639 94.5917 -1.6738
v  -0.5335 94.8113 -6.0913
v  1.1108 111.6200 -7.6343
v  12.1719 135.2948 -5.5607
v  8.3310 122.9665 -3.8060
v  0.6094 124.0907 -12.1565
v  4.0476 136.8438 -14.5191
v  13.5547 136.8438 6.4775
v  9.5223 124.0907 7.5278
v  21.3686 154.5276 -9.7623
v  13.5224 156.6583 -18.8478
v  23.0295 156.6583 2.1489
v  34.0475 173.0161 -15.5547
v  26.5663 175.6881 -24.8069
v  36.0733 175.6881 -3.8103
v  49.0487 189.2720 -22.4080
v  41.8917 192.3118 -31.8083
v  51.3988 192.3118 -10.8117
v  2.1733 69.8934 -0.9928
v  -2.0283 70.1564 -5.4084
v  4.2201 94.8113 4.4071
v  2.7252 70.1564 5.0900
v  -7.5036 49.8412 0.5199
v  -9.6921 57.7478 0.7558
v  -9.1121 58.0803 -3.2607
v  -6.9555 50.0365 -3.0542
v  -11.7955 63.3307 1.0218
v  -10.8920 64.0334 -5.6641
v  -12.1308 70.1338 7.8946
v  -18.4195 79.1176 8.8398
v  -20.7245 77.7845 2.3309
v  -14.6203 69.0644 1.4133
v  -20.0273 78.9604 -4.7615
v  -13.7385 69.9765 -5.7068
v  -26.5480 87.4690 10.1250
v  -28.6249 85.8979 3.5801
v  -28.1557 87.3118 -3.4763
v  -35.7304 94.4887 11.6238
v  -37.6120 92.7613 5.0471
v  -37.3381 94.3315 -1.9776
v  -4.7730 37.9191 0.3403
v  -3.5203 38.2145 3.3538
v  -6.1516 50.1151 3.7464
v  -4.2690 38.1359 -2.9972
v  3.9003 50.0704 -4.6967
v  5.0625 58.0467 -6.2418
v  7.5970 58.3438 -3.0688
v  6.1357 50.2332 -1.8526
v  6.1911 63.6979 -7.8084
v  10.4493 64.3436 -2.5680
v  1.2594 70.5356 -12.5574
v  4.6778 79.7286 -17.5530
v  11.0351 78.4476 -14.8327
v  7.7170 69.5245 -9.9837
v  15.7216 79.5713 -9.4527
v  12.3032 70.3783 -4.4571
v  9.1148 88.3524 -24.1418
v  15.3477 86.8257 -21.2369
v  20.1586 88.1951 -16.0415
v  14.1410 95.6813 -31.6826
v  20.2669 93.9917 -28.6176
v  25.1848 95.5240 -23.5823
v  2.4906 38.0749 -2.9124
v  -0.5777 38.3377 -4.0455
v  0.6138 50.3118 -5.9028
v  4.5825 38.2591 -0.2586
v  3.8188 41.4743 7.3237
v  4.8850 47.7642 9.2382
v  1.7077 48.0875 10.0870
v  0.9789 41.6823 8.0506
v  5.8876 52.1762 10.9753
v  0.6222 52.8322 12.4412
v  11.3057 57.6273 9.3639
v  14.2190 64.5749 14.1637
v  10.0427 63.4163 17.8770
v  7.2149 56.6726 13.2181
v  4.5501 64.4473 19.6463
v  1.6368 57.4997 14.8465
v  17.9487 70.9137 20.2010
v  13.6677 69.5743 23.7448
v  8.2799 70.7861 25.6836
v  22.1356 76.1186 26.8977
v  17.7654 74.6627 30.2988
v  12.4667 75.9910 32.3803
v  2.3453 31.9415 4.5596
v  4.1268 32.2307 2.7802
v  5.8133 41.7461 5.3093
v  -0.1746 32.1669 5.2163
v  -2.9517 27.8821 4.6273
v  -3.6827 31.6176 5.8380
v  -5.0723 31.8247 4.4406
v  -4.1765 28.0190 3.3677
v  -4.3249 34.2303 6.9370
v  -6.6596 34.6447 4.6404
v  -1.9188 37.4777 9.3539
v  -3.6079 41.5527 12.3929
v  -6.7740 40.8395 11.3064
v  -5.1345 36.8841 8.3566
v  -9.3374 41.4762 8.9869
v  -7.6483 37.4012 5.9479
v  -5.6935 45.2391 16.2164
v  -8.8010 44.4206 15.0226
v  -11.4230 45.1626 12.8104
v  -7.9771 48.2330 20.4584
v  -11.0358 47.3475 19.1741
v  -13.7066 48.1565 17.0524
v  -1.5687 22.2083 2.6030
v  -0.2962 22.3939 2.9565
v  -1.3118 28.0573 5.0707
v  -2.5284 22.3556 1.6276
v  -7.1427 67.8115 5.6521
v  -4.8912 54.0813 3.8704
v  0.0689 54.3670 7.2933
v  -1.6035 68.3538 9.5351
v  -12.9878 88.8927 10.2773
v  -9.5572 78.1678 7.5626
v  -0.4000 79.3481 14.0936
v  -3.3199 90.4558 17.3227
v  -17.6218 90.4559 -0.7513
v  -13.8081 79.3482 -2.8507
v  -20.7916 105.4445 16.4525
v  -11.3596 107.5082 23.6845
v  -25.6616 107.5083 5.6105
v  -31.2298 121.1410 24.7122
v  -22.0986 123.6647 32.1823
v  -36.4006 123.6647 14.1084
v  -34.4871 137.5583 41.9853
v  -43.3555 134.7263 34.3074
v  -48.7890 137.5583 23.9113
v  -2.8613 38.8171 2.3019
v  -0.9662 21.6193 0.9047
v  2.9014 22.6345 3.5902
v  1.7972 39.0752 5.5167
v  0.1731 -6.1802 0.4085
v  1.7601 0.1358 1.2791
v  -7.0821 54.3669 -1.7437
v  -4.9200 39.0752 -2.9720
v  -1.5547 111.1355 6.1755
v  -0.9834 94.5916 3.9062
v  5.0883 94.8112 3.3907
v  5.2652 111.6200 5.6386
v  -3.2670 135.2948 12.9770
v  -2.2361 122.9665 8.8821
v  9.1086 124.0907 8.0738
v  8.8039 136.8438 12.2344
v  -13.5284 136.8438 6.5323
v  -11.8279 124.0907 2.7281
v  -5.7354 154.5276 22.7821
v  6.2608 156.6583 22.3359
v  -16.0714 156.6582 16.6338
v  -9.1384 173.0161 36.2997
v  2.7599 175.6881 36.2426
v  -19.5724 175.6881 30.5406
v  -13.1648 189.2720 52.2932
v  -1.3535 192.3118 52.5818
v  -23.6858 192.3118 46.8797
v  -0.5833 69.8934 2.3170
v  5.4895 70.1564 1.7970
v  -6.0778 94.8112 0.5397
v  -5.6766 70.1564 -1.0540
v  -5.5565 111.1355 -3.1112
v  -3.5147 94.5917 -1.9679
v  -3.3314 94.8113 1.7798
v  -5.3890 111.6200 1.0833
v  -11.6762 135.2948 -6.5377
v  -7.9917 122.9665 -4.4747
v  -7.7904 124.0907 2.4725
v  -11.5690 136.8438 0.8124
v  -5.3164 136.8438 -10.2669
v  -1.9286 124.0907 -7.9144
v  -20.4984 154.5276 -11.4774
v  -20.6580 156.6583 -4.2767
v  -14.4054 156.6583 -15.3560
v  -32.6611 173.0161 -18.2875
v  -33.1707 175.6881 -11.2828
v  -26.9182 175.6881 -22.3621
v  -47.8721 192.3118 -19.5144
v  -47.0515 189.2720 -26.3450
v  -41.6195 192.3118 -30.5937
v  -2.0848 69.8934 -1.1673
v  -1.8975 70.1564 2.5826
v  -0.2051 94.8113 -3.7599
v  1.2288 70.1564 -2.9570
v  8.8970 41.7141 -0.0250
v  13.0361 45.9754 -0.1073
v  12.6520 46.5735 3.0776
v  8.4290 42.1294 2.8075
v  16.5834 47.9101 -0.2212
v  16.1301 48.9975 5.0831
v  19.9618 50.9860 -5.6856
v  27.0517 49.9974 -6.1596
v  27.2908 48.1173 -0.8647
v  20.6171 49.0953 -0.4047
v  27.3299 49.2695 4.7739
v  20.3413 50.3133 5.2478
v  33.4200 45.7037 -6.8285
v  33.3640 44.0013 -1.5150
v  33.6028 44.9415 4.1049
v  38.1000 39.0435 -7.6260
v  37.9420 37.5676 -2.2957
v  38.2047 38.2641 3.3074
v  4.0743 33.4234 0.0554
v  3.3107 33.9009 -2.3268
v  8.1429 42.3708 -2.6592
v  3.6010 33.7360 2.6105
v  0.3212 68.3537 9.6637
v  -3.2782 22.6345 3.1775
v  -1.6749 0.1358 1.0497
v  6.4823 68.6654 -3.6983
v  4.5405 22.6019 0.9050
v  1.8399 0.0000 1.0646
v  6.4585 111.6200 4.1763
v  -3.1886 38.3955 -4.4319
v  0.7368 37.3629 -0.2967
v  1.2572 38.3955 5.3868
v  -1.4290 0.4977 -0.9732
v  0.0556 -5.8358 0.4711
v  0.0781 0.4977 2.3552
v  -8.2077 58.1687 4.3901
v  -0.8017 22.3283 2.7285
v  -1.8154 21.2696 0.2209
v  -1.4257 22.2496 -2.5645
v  0.6107 0.3456 1.3313
v  0.1569 -6.0139 0.4365
v  0.3579 0.2669 -0.7847
v  1.3848 58.4322 -7.6253
v  -1.5572 22.3686 -1.9600
v  0.9880 21.3425 -0.9917
v  2.7435 22.2899 1.1961
v  -0.9772 0.3027 0.0473
v  0.1079 -6.0241 0.4707
v  0.7373 0.2241 1.3020
v  7.1465 48.1593 7.0030
v  2.4204 19.3126 0.4497
v  0.9362 18.2614 1.8947
v  -1.1284 19.2488 2.4603
v  0.6779 0.3056 -0.3444
v  0.1119 -6.0464 0.4231
v  -0.8216 0.2418 0.5091
v  -1.8495 31.8677 6.3564
v  0.4627 14.2930 1.4633
v  -0.5780 13.3473 1.1560
v  -1.3912 14.2548 0.3603
v  0.6166 0.1157 0.4433
v  0.1320 -6.1308 0.4323
v  -0.2578 0.0775 -0.0753
v  -9.6484 68.3538 -0.6314
v  -2.6989 22.6345 -3.4872
v  -0.4306 0.1359 -1.4893
v  -7.2967 111.6200 2.4312
v  5.4924 38.3955 0.3260
v  -0.1851 37.3629 0.8102
v  -4.9509 38.3955 -2.3405
v  2.0730 0.4977 -0.0319
v  0.1430 -5.8358 0.3661
v  -1.4671 0.4977 -0.9358
v  -1.8719 111.6200 -5.1488
v  -0.5177 38.3955 3.1462
v  -0.6871 37.3629 -0.3550
v  2.4062 38.3955 -2.0348
v  0.3403 0.4977 1.6311
v  0.1906 -5.8358 0.4766
v  1.3315 0.4977 -0.1252
v  12.3743 46.8987 -3.0725
v  0.4189 20.5814 -1.8482
v  1.1138 19.5638 0.1446
v  0.6858 20.5080 2.2701
v  -0.2728 0.2371 -0.4620
v  0.0998 -6.0540 0.4470
v  -0.1602 0.1700 1.2245
v  -9.3848 64.1808 7.0872
v  0.0957 64.4910 -10.1620
v  9.6868 52.9518 7.3013
v  -1.2883 34.7164 7.8336
v  15.7191 49.5856 -5.1670
# 330 vertices

vn -0.5508 0.6094 -0.5703
vn -0.5700 0.5718 -0.5901
vn -0.7241 0.5668 -0.3930
vn -0.7007 0.6059 -0.3767
vn -0.4766 0.7275 -0.4935
vn -0.5211 0.6614 -0.5395
vn -0.6669 0.6571 -0.3513
vn -0.6218 0.7170 -0.3151
vn -0.2933 0.7170 -0.6324
vn -0.3279 0.6571 -0.6788
vn -0.4169 0.7999 -0.4317
vn -0.5594 0.7862 -0.2626
vn -0.2429 0.7862 -0.5682
vn -0.3549 0.8597 -0.3675
vn -0.4953 0.8441 -0.2053
vn -0.1880 0.8441 -0.5022
vn -0.4640 0.8680 -0.1769
vn -0.3242 0.8844 -0.3357
vn -0.1607 0.8680 -0.4699
vn -0.5804 0.5496 -0.6009
vn -0.5980 0.5089 -0.6192
vn -0.7670 0.5145 -0.3835
vn -0.7376 0.5457 -0.3976
vn -0.6089 0.4827 -0.6295
vn -0.7984 0.4816 -0.3613
vn -0.3676 0.5666 -0.7375
vn -0.3719 0.5450 -0.7514
vn 0.0000 0.5745 0.8185
vn 0.0000 0.5341 0.8454
vn 0.2529 0.5306 0.8090
vn 0.2468 0.5725 0.7819
vn 0.0000 0.6984 0.7157
vn 0.0000 0.6289 0.7775
vn 0.2397 0.6261 0.7420
vn 0.2318 0.6890 0.6867
vn -0.2318 0.6890 0.6867
vn -0.2397 0.6261 0.7420
vn 0.0000 0.7749 0.6321
vn 0.2228 0.7621 0.6080
vn -0.2228 0.7621 0.6080
vn 0.0000 0.8387 0.5446
vn 0.2159 0.8238 0.5242
vn -0.2159 0.8238 0.5242
vn 0.2129 0.8495 0.4828
vn -0.0000 0.8653 0.5013
vn -0.2129 0.8495 0.4828
vn 0.0001 0.5137 0.8579
vn -0.0000 0.4910 0.8712
vn 0.2754 0.4934 0.8251
vn 0.2579 0.5111 0.8199
vn 0.0004 0.4770 0.8789
vn 0.2962 0.4760 0.8281
vn -0.2529 0.5305 0.8091
vn -0.2580 0.5107 0.8201
vn -0.7472 0.5719 0.3386
vn -0.7787 0.5187 0.3529
vn -0.6193 0.5153 0.5925
vn -0.5923 0.5689 0.5705
vn -0.6519 0.6984 0.2954
vn -0.7082 0.6289 0.3209
vn -0.5589 0.6239 0.5463
vn -0.5125 0.6866 0.5157
vn -0.7260 0.6861 0.0455
vn -0.7794 0.6236 0.0602
vn -0.5757 0.7749 0.2609
vn -0.4456 0.7592 0.4745
vn -0.6511 0.7586 0.0225
vn -0.4961 0.8387 0.2248
vn -0.3732 0.8204 0.4333
vn -0.5726 0.8198 -0.0047
vn -0.4564 0.8653 0.2073
vn -0.3373 0.8458 0.4133
vn -0.5339 0.8453 -0.0185
vn -0.7951 0.4878 0.3604
vn -0.6312 0.4859 0.6046
vn -0.8538 0.5151 0.0751
vn -0.8709 0.4855 0.0761
vn 0.7863 0.6099 -0.0984
vn 0.7542 0.6497 -0.0953
vn 0.7521 0.6463 0.1289
vn 0.7849 0.6057 0.1308
vn 0.7074 0.7011 -0.0903
vn 0.7065 0.6960 0.1277
vn 0.5898 0.7543 -0.2886
vn 0.5048 0.8194 -0.2718
vn 0.5526 0.8302 -0.0730
vn 0.6410 0.7631 -0.0829
vn 0.5644 0.8152 0.1300
vn 0.6474 0.7513 0.1279
vn 0.4158 0.8726 -0.2562
vn 0.4616 0.8849 -0.0627
vn 0.4774 0.8684 0.1344
vn 0.3734 0.8937 -0.2489
vn 0.4160 0.9072 -0.0631
vn 0.4336 0.8906 0.1370
vn 0.8072 0.5816 -0.1010
vn 0.7472 0.5745 -0.3341
vn 0.7301 0.6027 -0.3219
vn 0.8031 0.5794 0.1391
vn -0.4738 0.5883 0.6553
vn -0.4543 0.6305 0.6293
vn -0.6182 0.6277 0.4730
vn -0.6426 0.5844 0.4956
vn -0.4266 0.6833 0.5925
vn -0.5866 0.6789 0.4415
vn -0.2003 0.7391 0.6432
vn -0.1556 0.8065 0.5704
vn -0.3351 0.8169 0.4695
vn -0.3875 0.7473 0.5399
vn -0.4922 0.8021 0.3382
vn -0.5469 0.7359 0.3991
vn -0.1072 0.8621 0.4953
vn -0.2811 0.8738 0.3967
vn -0.4365 0.8575 0.2725
vn -0.0839 0.8842 0.4596
vn -0.2499 0.8973 0.3639
vn -0.4087 0.8808 0.2392
vn -0.4856 0.5599 0.6713
vn -0.2726 0.5548 0.7860
vn -0.2695 0.5823 0.7670
vn -0.6603 0.5572 0.5036
vn -0.3781 0.6548 -0.6544
vn -0.3652 0.6846 -0.6308
vn -0.1620 0.6799 -0.7152
vn -0.1717 0.6487 -0.7414
vn -0.3415 0.7332 -0.5881
vn -0.1441 0.7270 -0.6713
vn -0.4757 0.7816 -0.4036
vn -0.4266 0.8423 -0.3296
vn -0.2634 0.8541 -0.4484
vn -0.3079 0.7915 -0.5280
vn -0.0838 0.8387 -0.5381
vn -0.1195 0.7791 -0.6155
vn -0.3772 0.8912 -0.2519
vn -0.2177 0.9044 -0.3670
vn -0.0446 0.8877 -0.4583
vn -0.3539 0.9103 -0.2149
vn -0.1999 0.9246 -0.3243
vn -0.0247 0.9079 -0.4185
vn -0.3917 0.6222 -0.6778
vn -0.5821 0.6151 -0.5319
vn -0.5584 0.6462 -0.5201
vn -0.1689 0.6182 -0.7677
vn 0.3668 0.6866 -0.6277
vn 0.3598 0.6987 -0.6184
vn 0.5328 0.6935 -0.4850
vn 0.5413 0.6803 -0.4941
vn 0.3341 0.7461 -0.5760
vn 0.5034 0.7395 -0.4470
vn 0.1082 0.7925 -0.6002
vn 0.0677 0.8513 -0.5202
vn 0.2507 0.8636 -0.4375
vn 0.2981 0.8028 -0.5163
vn 0.4171 0.8480 -0.3269
vn 0.4668 0.7902 -0.3972
vn 0.0241 0.8985 -0.4384
vn 0.2023 0.9120 -0.3568
vn 0.3671 0.8952 -0.2526
vn 0.0033 0.9167 -0.3996
vn 0.1739 0.9313 -0.3199
vn 0.3423 0.9146 -0.2153
vn 0.3849 0.6420 -0.6631
vn 0.1569 0.6342 -0.7571
vn 0.1634 0.6753 -0.7192
vn 0.5769 0.6418 -0.5052
vn 0.6218 0.6094 -0.4920
vn 0.6433 0.5721 -0.5088
vn 0.4623 0.5668 -0.6819
vn 0.4438 0.6059 -0.6602
vn 0.5380 0.7275 -0.4257
vn 0.5882 0.6614 -0.4654
vn 0.4153 0.6571 -0.6291
vn 0.3748 0.7170 -0.5878
vn 0.6582 0.7170 -0.2296
vn 0.7077 0.6571 -0.2595
vn 0.4706 0.7999 -0.3724
vn 0.3163 0.7862 -0.5309
vn 0.5894 0.7862 -0.1858
vn 0.4006 0.8597 -0.3170
vn 0.2531 0.8441 -0.4727
vn 0.5182 0.8441 -0.1376
vn 0.2218 0.8680 -0.4443
vn 0.3660 0.8844 -0.2896
vn 0.4834 0.8680 -0.1137
vn 0.6547 0.5507 -0.5178
vn 0.6737 0.5117 -0.5331
vn 0.4569 0.5142 -0.7258
vn 0.4683 0.5457 -0.6949
vn 0.6859 0.4866 -0.5411
vn 0.4381 0.4812 -0.7593
vn 0.7697 0.5671 -0.2931
vn 0.7831 0.5470 -0.2957
vn 0.2027 0.5719 -0.7949
vn 0.2112 0.5187 -0.8285
vn -0.0754 0.5153 -0.8537
vn -0.0751 0.5689 -0.8190
vn 0.1768 0.6984 -0.6935
vn 0.1921 0.6289 -0.7534
vn -0.0771 0.6239 -0.7777
vn -0.0823 0.6866 -0.7224
vn 0.4182 0.6861 -0.5952
vn 0.4402 0.6236 -0.6461
vn 0.1562 0.7749 -0.6125
vn -0.0919 0.7592 -0.6444
vn 0.3894 0.7586 -0.5224
vn 0.1346 0.8387 -0.5278
vn -0.1050 0.8204 -0.5621
vn 0.3615 0.8198 -0.4441
vn 0.1235 0.8653 -0.4858
vn -0.1118 0.8458 -0.5216
vn 0.3482 0.8453 -0.4052
vn 0.2158 0.4874 -0.8461
vn -0.0776 0.4853 -0.8709
vn 0.4750 0.5151 -0.7135
vn 0.4850 0.4854 -0.7274
vn 0.7148 0.5718 0.4026
vn 0.7450 0.5187 0.4195
vn 0.8600 0.5083 -0.0464
vn 0.8298 0.5560 -0.0486
vn 0.6235 0.6985 0.3512
vn 0.6775 0.6288 0.3815
vn 0.7939 0.6055 -0.0548
vn 0.7450 0.6637 -0.0671
vn 0.3293 0.6631 0.6722
vn 0.3650 0.6051 0.7076
vn 0.5507 0.7749 0.3101
vn 0.6773 0.7304 -0.0879
vn 0.2767 0.7297 0.6252
vn 0.4746 0.8386 0.2673
vn 0.6067 0.7867 -0.1142
vn 0.2178 0.7860 0.5786
vn 0.5721 0.8102 -0.1278
vn 0.4371 0.8653 0.2454
vn 0.1882 0.8095 0.5561
vn 0.7606 0.4879 0.4283
vn 0.8750 0.4818 -0.0480
vn 0.4063 0.5081 0.7595
vn 0.4127 0.4820 0.7729
vn -0.5838 0.8101 0.0543
vn -0.4215 0.9053 0.0520
vn -0.4030 0.9024 -0.1523
vn -0.5723 0.8045 -0.1587
vn -0.2569 0.9652 0.0491
vn -0.2468 0.9577 -0.1477
vn -0.0332 0.9721 0.2320
vn 0.2428 0.9485 0.2033
vn 0.2590 0.9651 0.0376
vn -0.0389 0.9982 0.0456
vn 0.2209 0.9668 -0.1288
vn -0.0571 0.9881 -0.1430
vn 0.4938 0.8544 0.1617
vn 0.5129 0.8580 0.0281
vn 0.4774 0.8723 -0.1056
vn 0.6056 0.7842 0.1352
vn 0.6069 0.7944 0.0255
vn 0.5962 0.7979 -0.0891
vn -0.7335 0.6772 0.0580
vn -0.6817 0.6725 0.2881
vn -0.5472 0.7946 0.2629
vn -0.7132 0.6775 -0.1799
vn -0.3521 0.6059 -0.7134
vn -0.3564 0.5127 -0.7811
vn -0.3327 0.4788 -0.8124
vn -0.2468 0.5725 0.7819
vn -0.2759 0.4924 0.8255
vn -0.2972 0.4745 0.8286
vn -0.8196 0.5687 0.0694
vn -0.6266 0.4747 0.6180
vn -0.8024 0.4733 0.3636
vn -0.8792 0.4724 0.0623
vn -0.6183 0.4670 0.6321
vn -0.8046 0.4661 0.3681
vn -0.8855 0.4625 0.0450
vn 0.6966 0.6457 -0.3128
vn 0.7507 0.5365 -0.3854
vn 0.8401 0.5320 -0.1057
vn 0.8184 0.5432 0.1874
vn 0.7399 0.4968 -0.4537
vn 0.8561 0.5065 -0.1027
vn 0.8243 0.5060 0.2540
vn -0.2537 0.6273 0.7363
vn -0.2454 0.5251 0.8149
vn -0.5017 0.5189 0.6922
vn -0.6995 0.5251 0.4847
vn -0.2013 0.4958 0.8448
vn -0.5073 0.4986 0.7029
vn -0.7441 0.4935 0.4502
vn -0.5405 0.6793 -0.4965
vn -0.6514 0.5580 -0.5141
vn -0.4195 0.5433 -0.7272
vn -0.1155 0.5596 -0.8207
vn -0.7354 0.5014 -0.4558
vn -0.4294 0.5090 -0.7460
vn -0.0215 0.5023 -0.8644
vn 0.1579 0.6928 -0.7037
vn 0.1064 0.5494 -0.8287
vn 0.4285 0.5235 -0.7365
vn 0.6668 0.5556 -0.4966
vn -0.0279 0.4830 -0.8752
vn 0.4417 0.4948 -0.7484
vn 0.7706 0.4923 -0.4048
vn 0.7446 0.6059 -0.2802
vn 0.8090 0.5177 -0.2784
vn 0.8361 0.4866 -0.2534
vn 0.4581 0.5687 -0.6832
vn -0.0943 0.4701 -0.8775
vn 0.2180 0.4695 -0.8556
vn 0.5019 0.4712 -0.7253
vn -0.1149 0.4577 -0.8816
vn 0.2214 0.4597 -0.8600
vn 0.5207 0.4600 -0.7192
vn 0.3888 0.5557 0.7349
vn 0.8795 0.4712 -0.0666
vn 0.7673 0.4750 0.4309
vn 0.4011 0.4735 0.7841
vn 0.8817 0.4629 -0.0915
vn 0.7656 0.4696 0.4397
vn 0.3838 0.4680 0.7960
vn -0.3804 0.8896 0.2527
vn -0.7639 0.5490 0.3392
vn -0.8482 0.5262 0.0602
vn -0.8036 0.5485 -0.2311
vn -0.7810 0.4822 0.3970
vn -0.8733 0.4829 0.0648
vn -0.8289 0.4779 -0.2909
vn 0.6504 0.6971 -0.3016
vn -0.2313 0.6801 0.6957
vn -0.5118 0.7278 -0.4564
vn 0.1368 0.7402 -0.6584
vn -0.2251 0.9434 0.2436
# 330 vertex normals

vt 0.5000 0.1950 0.0000
vt 0.5000 0.0750 0.0000
vt 0.2500 0.0750 0.0000
vt 0.2188 0.1950 0.0000
vt 0.5000 0.4125 0.0000
vt 0.5000 0.3000 0.0000
vt 0.0313 0.3000 0.0000
vt 0.0000 0.4125 0.0000
vt 1.0000 0.4125 0.0000
vt 0.9688 0.3000 0.0000
vt 0.5000 0.6000 0.0000
vt 0.0000 0.6000 0.0000
vt 1.0000 0.6000 0.0000
vt 0.5000 0.7992 0.0000
vt 0.0000 0.7992 0.0000
vt 1.0000 0.7992 0.0000
vt 0.0000 0.9940 0.0000
vt 0.5000 0.9940 0.0000
vt 1.0000 0.9940 0.0000
vt 0.5000 0.0400 0.0000
vt 0.5000 0.0200 0.0000
vt 0.2500 0.0200 0.0000
vt 0.2500 0.0400 0.0000
vt 0.5000 0.0000 0.0000
vt 0.2500 0.0000 0.0000
vt 0.7500 0.0750 0.0000
vt 0.7500 0.0400 0.0000
vt 0.7813 0.1950 0.0000
vt 0.7500 0.0200 0.0000
vt 0.7500 0.0000 0.0000
# 30 texture coords

o PalmPlant_LOD2_backface
g PalmPlant_LOD2_backface
usemtl Material__25
s 2
f 2971/276/2948 2972/277/2949 2973/278/2950 2974/279/2951 
f 2975/280/2952 2976/281/2953 2977/282/2954 2978/283/2955 
f 2979/284/2956 2980/285/2957 2976/281/2953 2975/280/2952 
f 2981/286/2958 2975/280/2952 2978/283/2955 2982/287/2959 
f 2983/288/2960 2979/284/2956 2975/280/2952 2981/286/2958 
f 2984/289/2961 2981/286/2958 2982/287/2959 2985/290/2962 
f 2986/291/2963 2983/288/2960 2981/286/2958 2984/289/2961 
f 2984/289/2961 2985/290/2962 2987/292/2964 2988/293/2965 
f 2984/289/2961 2988/293/2965 2989/294/2966 2986/291/2963 
f 2990/295/2967 2991/296/2968 2992/297/2969 2993/298/2970 
f 2991/296/2968 2994/299/2971 2995/300/2972 2992/297/2969 
f 2990/295/2967 2972/277/2949 2996/301/2973 2997/302/2974 
f 2998/276/2975 2999/277/2976 3000/278/2977 3001/279/2978 
f 3002/280/2979 3003/281/2980 3004/282/2981 3005/283/2982 
f 3006/284/2983 3007/285/2984 3003/281/2980 3002/280/2979 
f 3008/286/2985 3002/280/2979 3005/283/2982 3009/287/2986 
f 3010/288/2987 3006/284/2983 3002/280/2979 3008/286/2985 
f 3011/289/2988 3008/286/2985 3009/287/2986 3012/290/2989 
f 3013/291/2990 3010/288/2987 3008/286/2985 3011/289/2988 
f 3011/289/2988 3012/290/2989 3014/292/2991 3015/293/2992 
f 3011/289/2988 3015/293/2992 3016/294/2993 3013/291/2990 
f 3017/295/2994 3018/296/2995 3019/297/2996 3020/298/2997 
f 3018/296/2995 3021/299/2998 3022/300/2999 3019/297/2996 
f 3017/295/2994 2999/277/2976 3023/301/3000 3024/302/3001 
f 3025/276/3002 3026/277/3003 3027/278/3004 3028/279/3005 
f 3029/280/3006 3030/281/3007 3031/282/3008 3032/283/3009 
f 3033/284/3010 3034/285/3011 3030/281/3007 3029/280/3006 
f 3035/286/3012 3029/280/3006 3032/283/3009 3036/287/3013 
f 3037/288/3014 3033/284/3010 3029/280/3006 3035/286/3012 
f 3038/289/3015 3035/286/3012 3036/287/3013 3039/290/3016 
f 3040/291/3017 3037/288/3014 3035/286/3012 3038/289/3015 
f 3041/293/3018 3038/289/3015 3039/290/3016 3042/292/3019 
f 3038/289/3015 3041/293/3018 3043/294/3020 3040/291/3017 
f 3026/277/3003 3044/295/3021 3045/298/3022 3027/278/3004 
f 3026/277/3003 3046/301/3023 3047/302/3024 3044/295/3021 
f 3048/277/3025 3049/276/3026 3050/303/3027 3051/301/3028 
f 3049/276/3026 3052/281/3029 3053/285/3030 3050/303/3027 
f 3054/283/3031 3055/287/3032 3056/286/3033 3057/280/3034 
f 3057/280/3034 3056/286/3033 3058/288/3035 3059/284/3036 
f 3055/287/3032 3060/290/3037 3061/289/3038 3056/286/3033 
f 3056/286/3033 3061/289/3038 3062/291/3039 3058/288/3035 
f 3060/290/3037 3063/292/3040 3064/293/3041 3061/289/3038 
f 3061/289/3038 3064/293/3041 3065/294/3042 3062/291/3039 
f 3048/277/3025 3066/295/3043 3067/298/3044 3068/278/3045 
f 3048/277/3025 3051/301/3028 3069/302/3046 3066/295/3043 
f 3070/277/3047 3071/276/3048 3072/303/3049 3073/301/3050 
f 3071/276/3048 3074/281/3051 3075/285/3052 3072/303/3049 
f 3076/283/3053 3077/287/3054 3078/286/3055 3079/280/3056 
f 3079/280/3056 3078/286/3055 3080/288/3057 3081/284/3058 
f 3077/287/3054 3082/290/3059 3083/289/3060 3078/286/3055 
f 3078/286/3055 3083/289/3060 3084/291/3061 3080/288/3057 
f 3082/290/3059 3085/292/3062 3086/293/3063 3083/289/3060 
f 3083/289/3060 3086/293/3063 3087/294/3064 3084/291/3061 
f 3070/277/3047 3088/295/3065 3089/298/3066 3090/278/3067 
f 3070/277/3047 3073/301/3050 3091/302/3068 3088/295/3065 
f 3092/277/3069 3093/276/3070 3094/303/3071 3095/301/3072 
f 3093/276/3070 3096/281/3073 3097/285/3074 3094/303/3071 
f 3098/283/3075 3099/287/3076 3100/286/3077 3101/280/3078 
f 3101/280/3078 3100/286/3077 3102/288/3079 3103/284/3080 
f 3099/287/3076 3104/290/3081 3105/289/3082 3100/286/3077 
f 3100/286/3077 3105/289/3082 3106/291/3083 3102/288/3079 
f 3104/290/3081 3107/292/3084 3108/293/3085 3105/289/3082 
f 3105/289/3082 3108/293/3085 3109/294/3086 3106/291/3083 
f 3092/277/3069 3110/295/3087 3111/298/3088 3112/278/3089 
f 3092/277/3069 3095/301/3072 3113/302/3090 3110/295/3087 
f 3114/277/3091 3115/276/3092 3116/303/3093 3117/301/3094 
f 3115/276/3092 3118/281/3095 3119/285/3096 3116/303/3093 
f 3120/283/3097 3121/287/3098 3122/286/3099 3123/280/3100 
f 3123/280/3100 3122/286/3099 3124/288/3101 3125/284/3102 
f 3121/287/3098 3126/290/3103 3127/289/3104 3122/286/3099 
f 3122/286/3099 3127/289/3104 3128/291/3105 3124/288/3101 
f 3126/290/3103 3129/292/3106 3130/293/3107 3127/289/3104 
f 3127/289/3104 3130/293/3107 3131/294/3108 3128/291/3105 
f 3114/277/3091 3132/295/3109 3133/298/3110 3134/278/3111 
f 3114/277/3091 3117/301/3094 3135/302/3112 3132/295/3109 
f 3136/276/3113 3137/277/3114 3138/278/3115 3139/279/3116 
f 3140/280/3117 3141/281/3118 3142/282/3119 3143/283/3120 
f 3144/284/3121 3145/285/3122 3141/281/3118 3140/280/3117 
f 3146/286/3123 3140/280/3117 3143/283/3120 3147/287/3124 
f 3148/288/3125 3144/284/3121 3140/280/3117 3146/286/3123 
f 3149/289/3126 3146/286/3123 3147/287/3124 3150/290/3127 
f 3151/291/3128 3148/288/3125 3146/286/3123 3149/289/3126 
f 3149/289/3126 3150/290/3127 3152/292/3129 3153/293/3130 
f 3149/289/3126 3153/293/3130 3154/294/3131 3151/291/3128 
f 3155/295/3132 3156/296/3133 3157/297/3134 3158/298/3135 
f 3156/296/3133 3159/299/3136 3160/300/3137 3157/297/3134 
f 3155/295/3132 3137/277/3114 3161/301/3138 3162/302/3139 
f 3163/276/3140 3164/277/3141 3165/278/3142 3166/279/3143 
f 3167/280/3144 3168/281/3145 3169/282/3146 3170/283/3147 
f 3171/284/3148 3172/285/3149 3168/281/3145 3167/280/3144 
f 3173/286/3150 3167/280/3144 3170/283/3147 3174/287/3151 
f 3175/288/3152 3171/284/3148 3167/280/3144 3173/286/3150 
f 3176/289/3153 3173/286/3150 3174/287/3151 3177/290/3154 
f 3178/291/3155 3175/288/3152 3173/286/3150 3176/289/3153 
f 3179/293/3156 3176/289/3153 3177/290/3154 3180/292/3157 
f 3176/289/3153 3179/293/3156 3181/294/3158 3178/291/3155 
f 3164/277/3141 3182/295/3159 3183/298/3160 3165/278/3142 
f 3164/277/3141 3184/301/3161 3185/302/3162 3182/295/3159 
f 3186/276/3163 3187/277/3164 3188/278/3165 3189/279/3166 
f 3190/280/3167 3191/281/3168 3192/282/3169 3193/283/3170 
f 3194/284/3171 3195/285/3172 3191/281/3168 3190/280/3167 
f 3196/286/3173 3190/280/3167 3193/283/3170 3197/287/3174 
f 3198/288/3175 3194/284/3171 3190/280/3167 3196/286/3173 
f 3199/289/3176 3196/286/3173 3197/287/3174 3200/290/3177 
f 3201/291/3178 3198/288/3175 3196/286/3173 3199/289/3176 
f 3199/289/3176 3200/290/3177 3202/292/3179 3203/293/3180 
f 3199/289/3176 3203/293/3180 3204/294/3181 3201/291/3178 
f 3187/277/3164 3205/295/3182 3206/298/3183 3188/278/3165 
f 3187/277/3164 3207/301/3184 3208/302/3185 3205/295/3182 
f 3209/277/3186 3210/276/3187 3211/303/3188 3212/301/3189 
f 3210/276/3187 3213/281/3190 3214/285/3191 3211/303/3188 
f 3215/283/3192 3216/287/3193 3217/286/3194 3218/280/3195 
f 3218/280/3195 3217/286/3194 3219/288/3196 3220/284/3197 
f 3216/287/3193 3221/290/3198 3222/289/3199 3217/286/3194 
f 3217/286/3194 3222/289/3199 3223/291/3200 3219/288/3196 
f 3221/290/3198 3224/292/3201 3225/293/3202 3222/289/3199 
f 3222/289/3199 3225/293/3202 3226/294/3203 3223/291/3200 
f 3209/277/3186 3227/295/3204 3228/298/3205 3229/278/3206 
f 3209/277/3186 3212/301/3189 3230/302/3207 3227/295/3204 
f 3231/303/3208 2996/301/2973 2972/277/2949 2971/276/2948 
f 2997/302/2974 3232/304/3209 2991/296/2968 2990/295/2967 
f 2993/298/2970 2973/278/2950 2972/277/2949 2990/295/2967 
f 3232/304/3209 3233/305/3210 2994/299/2971 2991/296/2968 
f 3234/303/3211 3023/301/3000 2999/277/2976 2998/276/2975 
f 3024/302/3001 3235/304/3212 3018/296/2995 3017/295/2994 
f 3020/298/2997 3000/278/2977 2999/277/2976 3017/295/2994 
f 3235/304/3212 3236/305/3213 3021/299/2998 3018/296/2995 
f 3237/303/3214 3046/301/3023 3026/277/3003 3025/276/3002 
f 3238/297/3215 3045/298/3022 3044/295/3021 3239/296/3216 
f 3047/302/3024 3240/304/3217 3239/296/3216 3044/295/3021 
f 3241/300/3218 3238/297/3215 3239/296/3216 3242/299/3219 
f 3240/304/3217 3243/305/3220 3242/299/3219 3239/296/3216 
f 3068/278/3045 3244/279/3221 3049/276/3026 3048/277/3025 
f 3245/297/3222 3067/298/3044 3066/295/3043 3246/296/3223 
f 3069/302/3046 3247/304/3224 3246/296/3223 3066/295/3043 
f 3248/300/3225 3245/297/3222 3246/296/3223 3249/299/3226 
f 3247/304/3224 3250/305/3227 3249/299/3226 3246/296/3223 
f 3090/278/3067 3251/279/3228 3071/276/3048 3070/277/3047 
f 3252/297/3229 3089/298/3066 3088/295/3065 3253/296/3230 
f 3091/302/3068 3254/304/3231 3253/296/3230 3088/295/3065 
f 3255/300/3232 3252/297/3229 3253/296/3230 3256/299/3233 
f 3254/304/3231 3257/305/3234 3256/299/3233 3253/296/3230 
f 3112/278/3089 3258/279/3235 3093/276/3070 3092/277/3069 
f 3259/297/3236 3111/298/3088 3110/295/3087 3260/296/3237 
f 3113/302/3090 3261/304/3238 3260/296/3237 3110/295/3087 
f 3262/300/3239 3259/297/3236 3260/296/3237 3263/299/3240 
f 3261/304/3238 3264/305/3241 3263/299/3240 3260/296/3237 
f 3134/278/3111 3265/279/3242 3115/276/3092 3114/277/3091 
f 3266/297/3243 3133/298/3110 3132/295/3109 3267/296/3244 
f 3135/302/3112 3268/304/3245 3267/296/3244 3132/295/3109 
f 3269/300/3246 3266/297/3243 3267/296/3244 3270/299/3247 
f 3268/304/3245 3271/305/3248 3270/299/3247 3267/296/3244 
f 3272/303/3249 3161/301/3138 3137/277/3114 3136/276/3113 
f 3162/302/3139 3273/304/3250 3156/296/3133 3155/295/3132 
f 3158/298/3135 3138/278/3115 3137/277/3114 3155/295/3132 
f 3273/304/3250 3274/305/3251 3159/299/3136 3156/296/3133 
f 3275/303/3252 3184/301/3161 3164/277/3141 3163/276/3140 
f 3276/297/3253 3183/298/3160 3182/295/3159 3277/296/3254 
f 3185/302/3162 3278/304/3255 3277/296/3254 3182/295/3159 
f 3279/300/3256 3276/297/3253 3277/296/3254 3280/299/3257 
f 3278/304/3255 3281/305/3258 3280/299/3257 3277/296/3254 
f 3282/303/3259 3207/301/3184 3187/277/3164 3186/276/3163 
f 3283/297/3260 3206/298/3183 3205/295/3182 3284/296/3261 
f 3208/302/3185 3285/304/3262 3284/296/3261 3205/295/3182 
f 3286/300/3263 3283/297/3260 3284/296/3261 3287/299/3264 
f 3285/304/3262 3288/305/3265 3287/299/3264 3284/296/3261 
f 3229/278/3206 3289/279/3266 3210/276/3187 3209/277/3186 
f 3290/297/3267 3228/298/3205 3227/295/3204 3291/296/3268 
f 3230/302/3207 3292/304/3269 3291/296/3268 3227/295/3204 
f 3293/300/3270 3290/297/3267 3291/296/3268 3294/299/3271 
f 3292/304/3269 3295/305/3272 3294/299/3271 3291/296/3268 
f 2977/282/2954 2976/281/2953 2971/276/2948 2974/279/2951 
f 2976/281/2953 2980/285/2957 3231/303/3208 2971/276/2948 
f 3004/282/2981 3003/281/2980 2998/276/2975 3001/279/2978 
f 3003/281/2980 3007/285/2984 3234/303/3211 2998/276/2975 
f 3031/282/3008 3030/281/3007 3025/276/3002 3028/279/3005 
f 3030/281/3007 3034/285/3011 3237/303/3214 3025/276/3002 
f 3052/281/3029 3296/282/3273 3054/283/3031 3057/280/3034 
f 3053/285/3030 3052/281/3029 3057/280/3034 3059/284/3036 
f 3074/281/3051 3297/282/3274 3076/283/3053 3079/280/3056 
f 3075/285/3052 3074/281/3051 3079/280/3056 3081/284/3058 
f 3096/281/3073 3298/282/3275 3098/283/3075 3101/280/3078 
f 3097/285/3074 3096/281/3073 3101/280/3078 3103/284/3080 
f 3118/281/3095 3299/282/3276 3120/283/3097 3123/280/3100 
f 3119/285/3096 3118/281/3095 3123/280/3100 3125/284/3102 
f 3142/282/3119 3141/281/3118 3136/276/3113 3139/279/3116 
f 3141/281/3118 3145/285/3122 3272/303/3249 3136/276/3113 
f 3169/282/3146 3168/281/3145 3163/276/3140 3166/279/3143 
f 3168/281/3145 3172/285/3149 3275/303/3252 3163/276/3140 
f 3192/282/3169 3191/281/3168 3186/276/3163 3189/279/3166 
f 3191/281/3168 3195/285/3172 3282/303/3259 3186/276/3163 
f 3213/281/3190 3300/282/3277 3215/283/3192 3218/280/3195 
f 3214/285/3191 3213/281/3190 3218/280/3195 3220/284/3197 
f 3244/279/3221 3296/282/3273 3052/281/3029 3049/276/3026 
f 3251/279/3228 3297/282/3274 3074/281/3051 3071/276/3048 
f 3258/279/3235 3298/282/3275 3096/281/3073 3093/276/3070 
f 3265/279/3242 3299/282/3276 3118/281/3095 3115/276/3092 
f 3289/279/3266 3300/282/3277 3213/281/3190 3210/276/3187 
# 198 polygons

#
# object PalmPlant_LOD3_backface
#

v  11.5057 88.8927 11.9132
v  4.3330 54.0812 4.4866
v  7.2511 54.3669 -0.7863
v  17.5653 90.4558 1.5988
v  0.9867 90.4558 17.6103
v  -1.0381 54.3669 7.2194
v  23.0425 113.2927 23.8586
v  29.4443 115.5864 13.8986
v  12.8657 115.5864 29.9101
v  45.1758 137.5583 30.1873
v  38.4080 134.7263 39.7684
v  28.5972 137.5583 46.1987
v  0.0847 -6.1802 0.4026
v  -1.6749 0.1358 1.0497
v  0.0000 89.7082 -11.8945
v  0.0000 54.3626 -3.5803
v  -5.7620 54.5467 -1.8013
v  -11.5240 91.0850 -8.6006
v  11.5240 91.0850 -8.6006
v  5.7621 54.5467 -1.8013
v  0.0000 115.0194 -27.0766
v  -11.5240 117.1537 -24.2328
v  11.5240 117.1537 -24.2328
v  -11.5241 140.3865 -45.5823
v  -0.0000 137.6846 -47.9311
v  11.5240 140.3865 -45.5823
v  0.1264 -6.2141 0.5056
v  1.8399 0.0000 1.0646
v  12.1719 135.2948 -5.5607
v  3.6639 94.5917 -1.6738
v  -0.5335 94.8113 -6.0913
v  4.0476 136.8438 -14.5191
v  13.5547 136.8438 6.4775
v  4.2201 94.8113 4.4071
v  27.7080 163.7719 -12.6585
v  20.0444 166.1732 -21.8273
v  29.5514 166.1732 -0.8307
v  49.0487 189.2720 -22.4080
v  41.8917 192.3118 -31.8083
v  51.3988 192.3118 -10.8117
v  0.0556 -5.8358 0.4711
v  -1.4290 0.4977 -0.9732
v  0.0781 0.4977 2.3552
v  -7.5036 49.8412 0.5199
v  -14.6203 69.0644 1.4133
v  -13.7385 69.9765 -5.7068
v  -6.9555 50.0365 -3.0542
v  -12.1308 70.1338 7.8946
v  -22.4838 83.2933 9.4824
v  -24.6747 81.8412 2.9555
v  -24.0915 83.1361 -4.1189
v  -35.7304 94.4887 11.6238
v  -37.6120 92.7613 5.0471
v  -37.3381 94.3315 -1.9776
v  0.1569 -6.0139 0.4365
v  0.6107 0.3456 1.3313
v  -6.1516 50.1151 3.7464
v  0.3579 0.2669 -0.7847
v  3.9003 50.0704 -4.6967
v  7.7170 69.5245 -9.9837
v  12.3032 70.3783 -4.4571
v  6.1357 50.2332 -1.8526
v  1.2594 70.5356 -12.5574
v  6.8963 84.0405 -20.8474
v  13.1914 82.6367 -18.0348
v  17.9401 83.8832 -12.7471
v  14.1410 95.6813 -31.6826
v  20.2669 93.9917 -28.6176
v  25.1848 95.5240 -23.5823
v  0.1079 -6.0241 0.4707
v  -0.9772 0.3027 0.0473
v  0.6138 50.3118 -5.9028
v  0.7373 0.2241 1.3020
v  3.8188 41.4743 7.3237
v  7.2149 56.6726 13.2181
v  1.6368 57.4997 14.8465
v  0.9789 41.6823 8.0506
v  11.3057 57.6273 9.3639
v  16.0839 67.7443 17.1823
v  11.8552 66.4953 20.8109
v  6.4150 67.6167 22.6649
v  22.1356 76.1186 26.8977
v  17.7654 74.6627 30.2988
v  12.4667 75.9910 32.3803
v  0.1119 -6.0464 0.4231
v  0.6779 0.3056 -0.3444
v  5.8133 41.7461 5.3093
v  -0.8216 0.2418 0.5091
v  -2.9517 27.8821 4.6273
v  -5.1345 36.8841 8.3566
v  -7.6483 37.4012 5.9479
v  -4.1765 28.0190 3.3677
v  -1.9188 37.4777 9.3539
v  -4.6507 43.3959 14.3047
v  -7.7875 42.6300 13.1645
v  -10.3802 43.3194 10.8987
v  -7.9771 48.2330 20.4584
v  -11.0358 47.3475 19.1741
v  -13.7066 48.1565 17.0524
v  0.1320 -6.1308 0.4323
v  0.6166 0.1157 0.4433
v  -1.3118 28.0573 5.0707
v  -0.2578 0.0775 -0.0753
v  -12.9878 88.8927 10.2773
v  -4.8912 54.0813 3.8704
v  0.0689 54.3670 7.2933
v  -3.3199 90.4558 17.3227
v  -17.6218 90.4559 -0.7513
v  -7.0821 54.3669 -1.7437
v  -26.0107 113.2927 20.5823
v  -16.7291 115.5864 27.9334
v  -31.0311 115.5865 9.8594
v  -34.4871 137.5583 41.9853
v  -43.3555 134.7263 34.3074
v  -48.7890 137.5583 23.9113
v  0.1731 -6.1802 0.4085
v  -0.4306 0.1359 -1.4893
v  -3.2670 135.2948 12.9770
v  -0.9834 94.5916 3.9062
v  5.0883 94.8112 3.3907
v  8.8039 136.8438 12.2344
v  -13.5284 136.8438 6.5323
v  -6.0778 94.8112 0.5397
v  -7.4369 163.7719 29.5409
v  4.5103 166.1732 29.2893
v  -17.8219 166.1732 23.5872
v  -13.1648 189.2720 52.2932
v  -1.3535 192.3118 52.5818
v  -23.6858 192.3118 46.8797
v  0.1430 -5.8358 0.3661
v  2.0730 0.4977 -0.0319
v  -1.4671 0.4977 -0.9358
v  -11.6762 135.2948 -6.5377
v  -3.5147 94.5917 -1.9679
v  -3.3314 94.8113 1.7798
v  -11.5690 136.8438 0.8124
v  -5.3164 136.8438 -10.2669
v  -0.2051 94.8113 -3.7599
v  -26.5797 163.7719 -14.8825
v  -26.9144 166.1732 -7.7798
v  -20.6618 166.1732 -18.8591
v  -47.8721 192.3118 -19.5144
v  -47.0515 189.2720 -26.3450
v  -41.6195 192.3118 -30.5937
v  0.1906 -5.8358 0.4766
v  0.3403 0.4977 1.6311
v  1.3315 0.4977 -0.1252
v  8.8970 41.7141 -0.0250
v  20.6171 49.0953 -0.4047
v  20.3413 50.3133 5.2478
v  8.4290 42.1294 2.8075
v  19.9618 50.9860 -5.6856
v  30.2359 47.8505 -6.4940
v  30.3274 46.0593 -1.1899
v  30.4664 47.1055 4.4394
v  38.1000 39.0435 -7.6260
v  37.9420 37.5676 -2.2957
v  38.2047 38.2641 3.3074
v  0.0998 -6.0540 0.4470
v  -0.2728 0.2371 -0.4620
v  8.1429 42.3708 -2.6592
v  -0.1602 0.1700 1.2245
v  0.8645 0.1358 -1.4028
v  -1.6439 -0.0000 1.0646
v  1.7601 0.1358 1.2791
# 165 vertices

vn -0.4845 0.7166 -0.5017
vn -0.5652 0.5811 -0.5856
vn -0.7361 0.5771 -0.3537
vn -0.6273 0.7103 -0.3192
vn -0.2972 0.7103 -0.6380
vn -0.3271 0.5762 -0.7490
vn -0.3864 0.8310 -0.4001
vn -0.5275 0.8164 -0.2350
vn -0.2165 0.8164 -0.5353
vn -0.4843 0.8524 -0.1970
vn -0.3447 0.8682 -0.3569
vn -0.1801 0.8524 -0.4908
vn -0.5938 0.5220 -0.6123
vn -0.3018 0.5153 -0.8021
vn 0.0000 0.6870 0.7267
vn -0.0001 0.5514 0.8342
vn 0.2706 0.5491 0.7907
vn 0.2330 0.6820 0.6933
vn -0.2330 0.6820 0.6933
vn -0.2712 0.5487 0.7908
vn 0.0000 0.8080 0.5891
vn 0.2186 0.7942 0.5670
vn -0.2186 0.7942 0.5670
vn 0.2136 0.8327 0.5108
vn -0.0000 0.8478 0.5303
vn -0.2136 0.8327 0.5108
vn 0.0013 0.4983 0.8670
vn -0.3052 0.4947 0.8137
vn -0.6631 0.6856 0.3005
vn -0.7668 0.5404 0.3464
vn -0.5968 0.5380 0.5952
vn -0.5190 0.6781 0.5204
vn -0.7339 0.6776 0.0473
vn -0.8420 0.5368 0.0537
vn -0.5366 0.8080 0.2432
vn -0.4105 0.7911 0.4535
vn -0.6124 0.7905 0.0100
vn -0.4829 0.8478 0.2192
vn -0.3623 0.8293 0.4256
vn -0.5595 0.8288 -0.0078
vn -0.7971 0.4786 0.3683
vn -0.6095 0.4774 0.6329
vn -0.8791 0.4753 0.0351
vn 0.7823 0.6149 -0.0991
vn 0.6542 0.7517 -0.0838
vn 0.6560 0.7438 0.1282
vn 0.7671 0.6100 0.1985
vn 0.5975 0.7474 -0.2906
vn 0.4609 0.8475 -0.2633
vn 0.5078 0.8588 -0.0678
vn 0.5218 0.8429 0.1314
vn 0.4029 0.8797 -0.2527
vn 0.4459 0.8926 -0.0662
vn 0.4623 0.8765 0.1341
vn 0.8303 0.5481 -0.1014
vn 0.6984 0.5330 -0.4777
vn 0.6950 0.6062 -0.3867
vn 0.7911 0.5422 0.2830
vn -0.4710 0.5970 0.6494
vn -0.3957 0.7355 0.5500
vn -0.5529 0.7282 0.4051
vn -0.6734 0.5918 0.4431
vn -0.2040 0.7320 0.6501
vn -0.1323 0.8358 0.5328
vn -0.3086 0.8466 0.4336
vn -0.4644 0.8308 0.3066
vn -0.1010 0.8695 0.4836
vn -0.2679 0.8819 0.3878
vn -0.4260 0.8660 0.2619
vn -0.4914 0.5322 0.6894
vn -0.1670 0.5244 0.8349
vn -0.2132 0.5921 0.7772
vn -0.7448 0.5251 0.4117
vn -0.3817 0.6457 -0.6614
vn -0.3140 0.7808 -0.5401
vn -0.1228 0.7720 -0.6237
vn -0.0663 0.6348 -0.7698
vn -0.4805 0.7751 -0.4102
vn -0.4015 0.8683 -0.2914
vn -0.2408 0.8805 -0.4083
vn -0.0652 0.8643 -0.4988
vn -0.3690 0.8977 -0.2410
vn -0.2147 0.9114 -0.3511
vn -0.0388 0.8951 -0.4441
vn -0.4122 0.5703 -0.7105
vn -0.7434 0.5500 -0.3805
vn -0.6331 0.6337 -0.4445
vn 0.0481 0.5536 -0.8314
vn 0.3814 0.6552 -0.6521
vn 0.3057 0.7925 -0.5278
vn 0.4723 0.7833 -0.4042
vn 0.6566 0.6418 -0.3962
vn 0.1116 0.7862 -0.6078
vn 0.0466 0.8764 -0.4793
vn 0.2269 0.8890 -0.3976
vn 0.3920 0.8727 -0.2909
vn 0.0187 0.9047 -0.4257
vn 0.1899 0.9187 -0.3462
vn 0.3576 0.9024 -0.2404
vn 0.4147 0.5665 -0.7122
vn -0.1450 0.5333 -0.8334
vn 0.0220 0.6361 -0.7713
vn 0.7898 0.5467 -0.2781
vn 0.5469 0.7166 -0.4328
vn 0.6374 0.5821 -0.5049
vn 0.4242 0.5768 -0.6981
vn 0.3794 0.7103 -0.5929
vn 0.6642 0.7103 -0.2329
vn 0.7751 0.5784 -0.2541
vn 0.4362 0.8310 -0.3452
vn 0.2858 0.8164 -0.5018
vn 0.5540 0.8164 -0.1628
vn 0.2437 0.8524 -0.4625
vn 0.3891 0.8682 -0.3079
vn 0.5062 0.8524 -0.1309
vn 0.6699 0.5243 -0.5257
vn 0.8235 0.5201 -0.2267
vn 0.1799 0.6856 -0.7054
vn 0.2075 0.5392 -0.8162
vn -0.0976 0.5361 -0.8385
vn -0.0819 0.6781 -0.7304
vn 0.4217 0.6776 -0.6025
vn 0.4857 0.5364 -0.6902
vn 0.1456 0.8080 -0.5709
vn -0.0974 0.7911 -0.6039
vn 0.3749 0.7905 -0.4843
vn 0.1307 0.8478 -0.5139
vn -0.1058 0.8293 -0.5488
vn 0.3558 0.8288 -0.4319
vn 0.2209 0.4758 -0.8513
vn -0.1261 0.4732 -0.8719
vn 0.5250 0.4742 -0.7067
vn 0.6344 0.6854 0.3574
vn 0.7333 0.5420 0.4105
vn 0.8467 0.5270 -0.0731
vn 0.7528 0.6549 -0.0656
vn 0.3347 0.6543 0.6782
vn 0.3812 0.5279 0.7589
vn 0.5134 0.8080 0.2891
vn 0.6424 0.7599 -0.0995
vn 0.2488 0.7591 0.6015
vn 0.5950 0.7952 -0.1166
vn 0.4623 0.8478 0.2597
vn 0.2096 0.7945 0.5699
vn 0.7585 0.4801 0.4406
vn 0.8752 0.4728 -0.1022
vn 0.3763 0.4752 0.7953
vn -0.5959 0.8009 0.0582
vn -0.0748 0.9961 0.0478
vn -0.0833 0.9862 -0.1434
vn -0.5452 0.7937 -0.2698
vn -0.0530 0.9706 0.2349
vn 0.3673 0.9124 0.1807
vn 0.3923 0.9192 0.0333
vn 0.3461 0.9311 -0.1149
vn 0.5405 0.8286 0.1462
vn 0.5416 0.8401 0.0291
vn 0.5301 0.8428 -0.0937
vn -0.8104 0.5827 0.0615
vn -0.6662 0.5618 0.4905
vn -0.5008 0.7868 0.3607
vn -0.7174 0.5634 -0.4097
vn -0.7892 0.5171 -0.3313
vn 0.3038 0.4956 0.8137
vn 0.4069 0.5166 -0.7533
# 165 vertex normals

vt 0.5000 0.4125 0.0000
vt 0.5000 0.0750 0.0000
vt 0.2500 0.0750 0.0000
vt 0.0000 0.4125 0.0000
vt 1.0000 0.4125 0.0000
vt 0.7500 0.0750 0.0000
vt 0.5000 0.6996 0.0000
vt 0.0000 0.6996 0.0000
vt 1.0000 0.6996 0.0000
vt 0.0000 0.9940 0.0000
vt 0.5000 0.9940 0.0000
vt 1.0000 0.9940 0.0000
vt 0.5000 0.0000 0.0000
vt 0.7500 0.0000 0.0000
vt 0.2500 0.0000 0.0000
# 15 texture coords

o PalmPlant_LOD3_backface
g PalmPlant_LOD3_backface
usemtl Material__25
s 2
f 3301/306/3278 3302/307/3279 3303/308/3280 3304/309/3281 
f 3305/310/3282 3306/311/3283 3302/307/3279 3301/306/3278 
f 3307/312/3284 3301/306/3278 3304/309/3281 3308/313/3285 
f 3309/314/3286 3305/310/3282 3301/306/3278 3307/312/3284 
f 3307/312/3284 3308/313/3285 3310/315/3287 3311/316/3288 
f 3307/312/3284 3311/316/3288 3312/317/3289 3309/314/3286 
f 3313/318/3290 3302/307/3279 3306/311/3283 3314/319/3291 
f 3315/306/3292 3316/307/3293 3317/308/3294 3318/309/3295 
f 3319/310/3296 3320/311/3297 3316/307/3293 3315/306/3292 
f 3321/312/3298 3315/306/3292 3318/309/3295 3322/313/3299 
f 3323/314/3300 3319/310/3296 3315/306/3292 3321/312/3298 
f 3321/312/3298 3322/313/3299 3324/315/3301 3325/316/3302 
f 3321/312/3298 3325/316/3302 3326/317/3303 3323/314/3300 
f 3327/318/3304 3316/307/3293 3320/311/3297 3328/319/3305 
f 3329/306/3306 3330/307/3307 3331/308/3308 3332/309/3309 
f 3333/310/3310 3334/311/3311 3330/307/3307 3329/306/3306 
f 3335/312/3312 3329/306/3306 3332/309/3309 3336/313/3313 
f 3337/314/3314 3333/310/3310 3329/306/3306 3335/312/3312 
f 3338/316/3315 3335/312/3312 3336/313/3313 3339/315/3316 
f 3335/312/3312 3338/316/3315 3340/317/3317 3337/314/3314 
f 3330/307/3307 3341/318/3318 3342/320/3319 3331/308/3308 
f 3330/307/3307 3334/311/3311 3343/319/3320 3341/318/3318 
f 3344/307/3321 3345/306/3322 3346/310/3323 3347/311/3324 
f 3348/309/3325 3349/313/3326 3350/312/3327 3345/306/3322 
f 3345/306/3322 3350/312/3327 3351/314/3328 3346/310/3323 
f 3349/313/3326 3352/315/3329 3353/316/3330 3350/312/3327 
f 3350/312/3327 3353/316/3330 3354/317/3331 3351/314/3328 
f 3344/307/3321 3355/318/3332 3356/320/3333 3357/308/3334 
f 3344/307/3321 3347/311/3324 3358/319/3335 3355/318/3332 
f 3359/307/3336 3360/306/3337 3361/310/3338 3362/311/3339 
f 3363/309/3340 3364/313/3341 3365/312/3342 3360/306/3337 
f 3360/306/3337 3365/312/3342 3366/314/3343 3361/310/3338 
f 3364/313/3341 3367/315/3344 3368/316/3345 3365/312/3342 
f 3365/312/3342 3368/316/3345 3369/317/3346 3366/314/3343 
f 3359/307/3336 3370/318/3347 3371/320/3348 3372/308/3349 
f 3359/307/3336 3362/311/3339 3373/319/3350 3370/318/3347 
f 3374/307/3351 3375/306/3352 3376/310/3353 3377/311/3354 
f 3378/309/3355 3379/313/3356 3380/312/3357 3375/306/3352 
f 3375/306/3352 3380/312/3357 3381/314/3358 3376/310/3353 
f 3379/313/3356 3382/315/3359 3383/316/3360 3380/312/3357 
f 3380/312/3357 3383/316/3360 3384/317/3361 3381/314/3358 
f 3374/307/3351 3385/318/3362 3386/320/3363 3387/308/3364 
f 3374/307/3351 3377/311/3354 3388/319/3365 3385/318/3362 
f 3389/307/3366 3390/306/3367 3391/310/3368 3392/311/3369 
f 3393/309/3370 3394/313/3371 3395/312/3372 3390/306/3367 
f 3390/306/3367 3395/312/3372 3396/314/3373 3391/310/3368 
f 3394/313/3371 3397/315/3374 3398/316/3375 3395/312/3372 
f 3395/312/3372 3398/316/3375 3399/317/3376 3396/314/3373 
f 3389/307/3366 3400/318/3377 3401/320/3378 3402/308/3379 
f 3389/307/3366 3392/311/3369 3403/319/3380 3400/318/3377 
f 3404/306/3381 3405/307/3382 3406/308/3383 3407/309/3384 
f 3408/310/3385 3409/311/3386 3405/307/3382 3404/306/3381 
f 3410/312/3387 3404/306/3381 3407/309/3384 3411/313/3388 
f 3412/314/3389 3408/310/3385 3404/306/3381 3410/312/3387 
f 3410/312/3387 3411/313/3388 3413/315/3390 3414/316/3391 
f 3410/312/3387 3414/316/3391 3415/317/3392 3412/314/3389 
f 3416/318/3393 3405/307/3382 3409/311/3386 3417/319/3394 
f 3418/306/3395 3419/307/3396 3420/308/3397 3421/309/3398 
f 3422/310/3399 3423/311/3400 3419/307/3396 3418/306/3395 
f 3424/312/3401 3418/306/3395 3421/309/3398 3425/313/3402 
f 3426/314/3403 3422/310/3399 3418/306/3395 3424/312/3401 
f 3427/316/3404 3424/312/3401 3425/313/3402 3428/315/3405 
f 3424/312/3401 3427/316/3404 3429/317/3406 3426/314/3403 
f 3419/307/3396 3430/318/3407 3431/320/3408 3420/308/3397 
f 3419/307/3396 3423/311/3400 3432/319/3409 3430/318/3407 
f 3433/306/3410 3434/307/3411 3435/308/3412 3436/309/3413 
f 3437/310/3414 3438/311/3415 3434/307/3411 3433/306/3410 
f 3439/312/3416 3433/306/3410 3436/309/3413 3440/313/3417 
f 3441/314/3418 3437/310/3414 3433/306/3410 3439/312/3416 
f 3439/312/3416 3440/313/3417 3442/315/3419 3443/316/3420 
f 3439/312/3416 3443/316/3420 3444/317/3421 3441/314/3418 
f 3434/307/3411 3445/318/3422 3446/320/3423 3435/308/3412 
f 3434/307/3411 3438/311/3415 3447/319/3424 3445/318/3422 
f 3448/307/3425 3449/306/3426 3450/310/3427 3451/311/3428 
f 3452/309/3429 3453/313/3430 3454/312/3431 3449/306/3426 
f 3449/306/3426 3454/312/3431 3455/314/3432 3450/310/3427 
f 3453/313/3430 3456/315/3433 3457/316/3434 3454/312/3431 
f 3454/312/3431 3457/316/3434 3458/317/3435 3455/314/3432 
f 3448/307/3425 3459/318/3436 3460/320/3437 3461/308/3438 
f 3448/307/3425 3451/311/3428 3462/319/3439 3459/318/3436 
f 3463/320/3440 3303/308/3280 3302/307/3279 3313/318/3290 
f 3464/320/3441 3317/308/3294 3316/307/3293 3327/318/3304 
f 3357/308/3334 3348/309/3325 3345/306/3322 3344/307/3321 
f 3372/308/3349 3363/309/3340 3360/306/3337 3359/307/3336 
f 3387/308/3364 3378/309/3355 3375/306/3352 3374/307/3351 
f 3402/308/3379 3393/309/3370 3390/306/3367 3389/307/3366 
f 3465/320/3442 3406/308/3383 3405/307/3382 3416/318/3393 
f 3461/308/3438 3452/309/3429 3449/306/3426 3448/307/3425 
# 88 polygons

#
# object PalmPlant_LOD4_backface
#

v  17.7232 90.3519 1.7624
v  1.1446 90.3519 17.7738
v  -0.8670 54.3244 7.3966
v  7.4223 54.3244 -0.6091
v  29.5773 115.4256 14.0363
v  12.9987 115.4256 30.0477
v  45.2967 137.3789 30.3125
v  28.7181 137.3789 46.3239
v  -11.5240 90.9943 -8.8335
v  11.5240 90.9942 -8.8335
v  5.7621 54.5161 -2.0494
v  -5.7620 54.5161 -2.0494
v  -11.5240 117.0041 -24.4331
v  11.5240 117.0041 -24.4331
v  -11.5241 140.2173 -45.7664
v  11.5240 140.2173 -45.7664
v  4.2601 136.7538 -14.6153
v  13.7672 136.7539 6.3813
v  4.4464 94.7840 4.3046
v  -0.3071 94.7839 -6.1938
v  20.2268 166.0235 -21.9099
v  29.7339 166.0236 -0.9133
v  42.0594 192.1427 -31.8842
v  51.5665 192.1427 -10.8876
v  0.3057 0.4899 2.2521
v  -1.2014 0.4899 -1.0763
v  -12.3480 70.0131 7.9216
v  -22.6607 83.1182 9.5053
v  -24.2692 82.9618 -4.0959
v  -13.9563 69.8568 -5.6797
v  -35.8892 94.2968 11.6448
v  -37.4969 94.1396 -1.9566
v  -6.3932 50.0578 3.7757
v  -7.1971 49.9793 -3.0250
v  0.1122 0.2322 -0.7541
v  0.3651 0.3107 1.3620
v  1.3901 70.4224 -12.7379
v  7.0037 83.8715 -20.9971
v  18.0480 83.7150 -12.8974
v  12.4343 70.2662 -4.6380
v  14.2378 95.4949 -31.8182
v  25.2816 95.3376 -23.7179
v  0.7582 50.2618 -6.1006
v  6.2801 50.1834 -2.0505
v  0.8831 0.1957 1.1010
v  -0.8314 0.2742 -0.1538
v  11.4110 57.4929 9.5465
v  16.1680 67.5582 17.3265
v  6.4996 67.4313 22.8098
v  1.7425 57.3663 15.0297
v  22.2104 75.9169 27.0250
v  12.5415 75.7893 32.5076
v  5.9324 41.6762 5.5177
v  1.0980 41.6127 8.2590
v  -0.6985 0.1977 0.7221
v  0.8010 0.2613 -0.1314
v  -2.0233 37.3377 9.5327
v  -4.7315 43.2054 14.4449
v  -10.4615 43.1297 11.0397
v  -7.7531 37.2622 6.1273
v  -8.0477 48.0274 20.5818
v  -13.7772 47.9509 17.1758
v  -1.4333 27.9844 5.2766
v  -4.2980 27.9462 3.5737
v  -0.3820 0.0339 0.1373
v  0.4924 0.0720 0.6558
v  -3.4982 90.3519 17.4637
v  -17.8001 90.3519 -0.6102
v  -7.2753 54.3240 -1.5908
v  -0.1243 54.3241 7.4462
v  -16.8792 115.4256 28.0522
v  -31.1812 115.4256 9.9782
v  -34.6236 137.3789 42.0933
v  -48.9255 137.3789 24.0193
v  8.7462 136.7538 12.4603
v  -13.5861 136.7539 6.7583
v  -6.1393 94.7843 0.7805
v  5.0268 94.7843 3.6316
v  4.4608 166.0235 29.4833
v  -17.8715 166.0235 23.7813
v  -1.3990 192.1427 52.7602
v  -23.7313 192.1427 47.0581
v  -1.5290 0.4909 -0.6937
v  2.0112 0.4909 0.2103
v  -11.7724 136.7547 0.6976
v  -5.5198 136.7547 -10.3817
v  -0.4215 94.7841 -3.8820
v  -3.5478 94.7841 1.6576
v  -27.0888 166.0235 -7.8782
v  -20.8362 166.0236 -18.9575
v  -48.0324 192.1427 -19.6049
v  -41.7798 192.1427 -30.6842
v  1.1139 0.4894 -0.2480
v  0.1227 0.4894 1.5083
v  19.9912 50.7382 -5.7019
v  30.0993 47.6415 -6.5054
v  30.3301 46.8963 4.4280
v  20.3732 50.0659 5.2315
v  37.9130 38.8779 -7.6361
v  38.0161 38.1003 3.2975
v  8.3473 42.2278 -2.6762
v  8.6347 41.9883 2.7905
v  0.0842 0.1207 1.2062
v  -0.0285 0.1874 -0.4802
v  1.0374 0.1134 -1.2237
v  -1.5020 0.1134 1.2288
v  -1.6439 -0.0131 0.8150
v  1.8399 -0.0131 0.8150
v  1.5649 0.1126 1.4336
v  -0.6258 0.1126 -1.3349
# 110 vertices

vn -0.6572 0.7089 -0.2560
vn -0.2330 0.7089 -0.6657
vn -0.3014 0.5614 -0.7707
vn -0.7597 0.5616 -0.3280
vn -0.5608 0.8080 -0.1806
vn -0.1610 0.8080 -0.5668
vn -0.4918 0.8628 -0.1172
vn -0.1001 0.8628 -0.4955
vn 0.2992 0.6816 0.6678
vn -0.2992 0.6816 0.6678
vn -0.3250 0.5259 0.7860
vn 0.3250 0.5260 0.7859
vn 0.2811 0.7864 0.5501
vn -0.2811 0.7864 0.5501
vn 0.2748 0.8452 0.4584
vn -0.2748 0.8452 0.4584
vn -0.4612 0.6779 0.5725
vn -0.7350 0.6774 -0.0301
vn -0.8607 0.5091 -0.0075
vn -0.5614 0.5092 0.6523
vn -0.3646 0.7814 0.5065
vn -0.6220 0.7808 -0.0591
vn -0.2849 0.8392 0.4632
vn -0.5371 0.8386 -0.0905
vn -0.8855 0.4643 -0.0166
vn -0.5617 0.4717 0.6797
vn 0.5666 0.7462 -0.3496
vn 0.4393 0.8393 -0.3203
vn 0.5166 0.8352 0.1886
vn 0.6413 0.7437 0.1890
vn 0.3426 0.8889 -0.3040
vn 0.4215 0.8857 0.1949
vn 0.7023 0.5981 -0.3859
vn 0.7738 0.6026 0.1951
vn 0.8166 0.5006 0.2873
vn 0.8749 0.4654 -0.1337
vn -0.1391 0.7313 0.6677
vn -0.0753 0.8280 0.5557
vn -0.5026 0.8235 0.2632
vn -0.5874 0.7286 0.3523
vn -0.0221 0.8800 0.4744
vn -0.4427 0.8762 0.1904
vn -0.2029 0.5778 0.7905
vn -0.6826 0.5810 0.4432
vn 0.4750 0.4723 -0.7425
vn 0.4639 0.4520 -0.7619
vn -0.5224 0.7730 -0.3601
vn -0.4451 0.8597 -0.2504
vn -0.0117 0.8562 -0.5164
vn -0.0623 0.7710 -0.6338
vn -0.3926 0.9046 -0.1661
vn 0.0324 0.9022 -0.4301
vn -0.6005 0.6494 -0.4665
vn -0.1085 0.6534 -0.7492
vn -0.3978 0.4667 -0.7899
vn 0.4577 0.4669 0.7567
vn 0.0491 0.7839 -0.6189
vn -0.0090 0.8680 -0.4966
vn 0.4331 0.8647 -0.2545
vn 0.5101 0.7821 -0.3579
vn -0.0567 0.9109 -0.4088
vn 0.3798 0.9088 -0.1725
vn 0.0925 0.7000 -0.7082
vn 0.5611 0.7084 -0.4281
vn 0.2963 0.4544 -0.8401
vn -0.6999 0.4840 0.5252
vn 0.3195 0.7089 -0.6288
vn 0.6854 0.7089 -0.1664
vn 0.7963 0.5619 -0.2239
vn 0.4012 0.5615 -0.7237
vn 0.2349 0.8080 -0.5403
vn 0.5799 0.8080 -0.1044
vn 0.1651 0.8628 -0.4778
vn 0.5030 0.8628 -0.0508
vn -0.1586 0.6779 -0.7179
vn 0.4829 0.6774 -0.5550
vn 0.5438 0.5091 -0.6672
vn -0.1584 0.5092 -0.8459
vn -0.1675 0.7814 -0.6011
vn 0.4349 0.7808 -0.4486
vn -0.1835 0.8392 -0.5119
vn 0.4064 0.8386 -0.3627
vn 0.5685 0.4620 -0.6807
vn -0.1838 0.4587 -0.8694
vn 0.7445 0.6457 -0.1697
vn 0.2419 0.6451 0.7248
vn 0.3102 0.5002 0.8084
vn 0.8519 0.5004 -0.1546
vn 0.6476 0.7385 -0.1876
vn 0.1766 0.7378 0.6515
vn 0.5750 0.7872 -0.2227
vn 0.1092 0.7866 0.6078
vn 0.3404 0.4725 0.8129
vn -0.8825 0.4571 0.1109
vn -0.0342 0.9570 0.2880
vn 0.3854 0.8941 0.2281
vn 0.3654 0.9167 -0.1619
vn -0.0613 0.9784 -0.1976
vn 0.6295 0.7598 0.1627
vn 0.6189 0.7767 -0.1167
vn -0.5201 0.7914 0.3213
vn -0.5514 0.8058 -0.2158
vn -0.8817 0.4558 0.1217
vn 0.8468 0.4958 0.1925
vn -0.8262 0.4804 -0.2945
vn -0.2819 0.4762 -0.8329
vn -0.2540 0.4767 -0.8416
vn -0.3502 0.4775 0.8058
vn 0.3748 0.4787 -0.7940
vn 0.8514 0.4859 -0.1977
# 110 vertex normals

vt 0.0000 0.4125 0.0000
vt 1.0000 0.4125 0.0000
vt 0.7500 0.0750 0.0000
vt 0.2500 0.0750 0.0000
vt 0.0000 0.6996 0.0000
vt 1.0000 0.6996 0.0000
vt 0.0000 0.9940 0.0000
vt 1.0000 0.9940 0.0000
vt 0.7500 0.0000 0.0000
vt 0.2500 0.0000 0.0000
# 10 texture coords

o PalmPlant_LOD4_backface
g PalmPlant_LOD4_backface
usemtl Material__25
s 2
f 3466/321/3443 3467/322/3444 3468/323/3445 3469/324/3446 
f 3470/325/3447 3471/326/3448 3467/322/3444 3466/321/3443 
f 3471/326/3448 3470/325/3447 3472/327/3449 3473/328/3450 
f 3474/321/3451 3475/322/3452 3476/323/3453 3477/324/3454 
f 3478/325/3455 3479/326/3456 3475/322/3452 3474/321/3451 
f 3479/326/3456 3478/325/3455 3480/327/3457 3481/328/3458 
f 3482/321/3459 3483/322/3460 3484/323/3461 3485/324/3462 
f 3486/325/3463 3487/326/3464 3483/322/3460 3482/321/3459 
f 3488/327/3465 3489/328/3466 3487/326/3464 3486/325/3463 
f 3485/324/3462 3484/323/3461 3490/329/3467 3491/330/3468 
f 3492/321/3469 3493/325/3470 3494/326/3471 3495/322/3472 
f 3493/325/3470 3496/327/3473 3497/328/3474 3494/326/3471 
f 3498/324/3475 3499/323/3476 3500/329/3477 3501/330/3478 
f 3502/321/3479 3503/325/3480 3504/326/3481 3505/322/3482 
f 3503/325/3480 3506/327/3483 3507/328/3484 3504/326/3481 
f 3508/324/3485 3509/323/3486 3510/329/3487 3511/330/3488 
f 3512/321/3489 3513/325/3490 3514/326/3491 3515/322/3492 
f 3513/325/3490 3516/327/3493 3517/328/3494 3514/326/3491 
f 3518/324/3495 3519/323/3496 3520/329/3497 3521/330/3498 
f 3522/321/3499 3523/325/3500 3524/326/3501 3525/322/3502 
f 3523/325/3500 3526/327/3503 3527/328/3504 3524/326/3501 
f 3528/324/3505 3529/323/3506 3530/329/3507 3531/330/3508 
f 3532/321/3509 3533/322/3510 3534/323/3511 3535/324/3512 
f 3536/325/3513 3537/326/3514 3533/322/3510 3532/321/3509 
f 3537/326/3514 3536/325/3513 3538/327/3515 3539/328/3516 
f 3540/321/3517 3541/322/3518 3542/323/3519 3543/324/3520 
f 3544/325/3521 3545/326/3522 3541/322/3518 3540/321/3517 
f 3546/327/3523 3547/328/3524 3545/326/3522 3544/325/3521 
f 3543/324/3520 3542/323/3519 3548/329/3525 3549/330/3526 
f 3550/321/3527 3551/322/3528 3552/323/3529 3553/324/3530 
f 3554/325/3531 3555/326/3532 3551/322/3528 3550/321/3527 
f 3555/326/3532 3554/325/3531 3556/327/3533 3557/328/3534 
f 3553/324/3530 3552/323/3529 3558/329/3535 3559/330/3536 
f 3560/321/3537 3561/325/3538 3562/326/3539 3563/322/3540 
f 3561/325/3538 3564/327/3541 3565/328/3542 3562/326/3539 
f 3566/324/3543 3567/323/3544 3568/329/3545 3569/330/3546 
f 3570/330/3547 3469/324/3446 3468/323/3445 3571/329/3548 
f 3572/330/3549 3477/324/3454 3476/323/3453 3573/329/3550 
f 3498/324/3475 3492/321/3469 3495/322/3472 3499/323/3476 
f 3508/324/3485 3502/321/3479 3505/322/3482 3509/323/3486 
f 3518/324/3495 3512/321/3489 3515/322/3492 3519/323/3496 
f 3528/324/3505 3522/321/3499 3525/322/3502 3529/323/3506 
f 3574/330/3551 3535/324/3512 3534/323/3511 3575/329/3552 
f 3566/324/3543 3560/321/3537 3563/322/3540 3567/323/3544 
# 44 polygons

#
# object PalmPlant_LOD5_backface
#

v  14.4923 63.3891 -4.6932
v  45.1758 137.5583 30.1873
v  28.5972 137.5583 46.1987
v  -5.1947 63.3892 14.3203
v  -13.6847 63.6813 -3.5011
v  -11.5241 140.3865 -45.5823
v  11.5240 140.3865 -45.5823
v  13.6848 63.6813 -3.5011
v  -2.0621 105.3194 -14.1036
v  41.8917 192.3118 -31.8083
v  51.3988 192.3118 -10.8117
v  9.2276 105.3194 10.8300
v  -7.1943 55.1198 8.6089
v  -35.7304 94.4887 11.6238
v  -37.3381 94.3315 -1.9776
v  -9.1034 55.0215 -7.5428
v  -2.3309 55.3678 -9.8446
v  14.1410 95.6813 -31.6826
v  25.1848 95.5240 -23.5823
v  10.7836 55.2695 -0.2255
v  9.9058 45.7164 4.7809
v  22.1356 76.1186 26.8977
v  12.4667 75.9910 32.3803
v  -1.5760 45.6366 11.2915
v  0.1479 30.4124 7.0994
v  -7.9771 48.2330 20.4584
v  -13.7066 48.1565 17.0524
v  -6.6559 30.3646 3.0548
v  3.2441 63.3892 14.8840
v  -34.4871 137.5583 41.9853
v  -48.7890 137.5583 23.9113
v  -13.7395 63.3892 -6.5789
v  12.2981 105.3194 7.2054
v  -1.3535 192.3118 52.5818
v  -23.6858 192.3118 46.8797
v  -14.2214 105.3194 0.4341
v  -7.1493 105.3194 4.6540
v  -47.8721 192.3118 -19.5144
v  -41.6195 192.3118 -30.5937
v  0.2756 105.3194 -8.5027
v  10.9367 44.5246 -6.4909
v  38.1000 39.0435 -7.6260
v  38.2047 38.2641 3.3074
v  11.5680 44.1754 6.4926
v  1.2136 0.3456 6.4318
v  -0.2450 0.2669 -5.8853
v  -5.1186 0.3027 -2.9903
v  4.8788 0.2241 4.3396
v  4.3036 0.3056 -2.4004
v  -4.4474 0.2418 2.5651
v  2.7651 0.1157 1.7205
v  -2.4064 0.0775 -1.3525
v  -0.5410 0.2371 -4.5620
v  0.1080 0.1700 5.3246
v  -7.8919 0.1358 7.0540
v  7.0814 0.1358 -7.4071
v  10.4829 0.0000 1.0646
v  -10.2869 -0.0000 1.0646
v  3.6433 0.4977 10.2289
v  -4.9942 0.4977 -8.8470
v  -5.7938 0.1359 -8.2671
v  7.1234 0.1358 8.0569
v  -9.8417 0.4977 -3.0741
v  10.4476 0.4977 2.1064
v  3.6762 0.4977 -4.2799
v  -2.0044 0.4977 5.7858
# 66 vertices

vn -0.5213 0.6610 -0.5397
vn -0.4414 0.7722 -0.4570
vn -0.5214 0.6608 -0.5399
vn 0.0000 0.6334 0.7738
vn 0.0000 0.7456 0.6664
vn 0.0000 0.6333 0.7739
vn -0.7115 0.6245 0.3222
vn -0.6087 0.7440 0.2756
vn -0.7118 0.6241 0.3223
vn 0.7166 0.6920 -0.0872
vn 0.5911 0.8032 -0.0736
vn 0.7179 0.6907 -0.0873
vn -0.4337 0.6765 0.5952
vn -0.3606 0.7888 0.4977
vn -0.4350 0.6742 0.5969
vn -0.3451 0.7191 -0.6032
vn -0.2793 0.8290 -0.4845
vn -0.3462 0.7170 -0.6050
vn 0.3496 0.7249 -0.5936
vn 0.2743 0.8393 -0.4694
vn 0.3504 0.7235 -0.5948
vn 0.5881 0.6615 -0.4654
vn 0.4982 0.7722 -0.3942
vn 0.5878 0.6619 -0.4651
vn 0.1935 0.6233 -0.7577
vn 0.1653 0.7440 -0.6474
vn 0.6801 0.6246 0.3838
vn 0.5819 0.7440 0.3284
vn 0.6801 0.6247 0.3838
vn -0.3523 0.9347 0.0467
vn 0.1408 0.9897 0.0266
vn -0.3709 0.9275 0.0472
vn 0.8275 0.5527 -0.0987
vn -0.4988 0.5358 0.6813
vn -0.4035 0.5779 -0.7094
vn 0.4165 0.5769 -0.7026
vn -0.7884 0.6133 0.0479
vn -0.5916 0.5241 -0.6126
vn 0.0000 0.4972 0.8677
vn -0.7993 0.4797 0.3619
vn 0.6670 0.5259 -0.5278
vn 0.2174 0.4773 -0.8514
vn 0.7635 0.4810 0.4309
# 43 vertex normals

vt 0.0027 0.1589 0.0000
vt 0.0000 0.9940 0.0000
vt 1.0000 0.9940 0.0000
vt 0.9985 0.1587 0.0000
vt 0.0034 -0.0001 0.0000
vt 0.9987 0.0001 0.0000
vt 0.9987 0.0000 0.0000
vt 0.9986 0.0001 0.0000
vt 0.9987 -0.0000 0.0000
vt 0.0034 -0.0000 0.0000
vt 0.0034 0.0000 0.0000
# 11 texture coords

o PalmPlant_LOD5_backface
g PalmPlant_LOD5_backface
usemtl Material__25
s 2
f 3576/331/3553 3577/332/3554 3578/333/3554 3579/334/3555 
f 3580/331/3556 3581/332/3557 3582/333/3557 3583/334/3558 
f 3584/331/3559 3585/332/3560 3586/333/3560 3587/334/3561 
f 3588/331/3562 3589/332/3563 3590/333/3563 3591/334/3564 
f 3592/331/3565 3593/332/3566 3594/333/3566 3595/334/3567 
f 3596/331/3568 3597/332/3569 3598/333/3569 3599/334/3570 
f 3600/331/3571 3601/332/3572 3602/333/3572 3603/334/3573 
f 3604/331/3574 3605/332/3575 3606/333/3575 3607/334/3576 
f 3608/331/3577 3609/332/3578 3610/333/3578 3611/334/3577 
f 3612/331/3579 3613/332/3580 3614/333/3580 3615/334/3581 
f 3616/331/3582 3617/332/3583 3618/333/3583 3619/334/3584 
f 3620/335/3585 3588/331/3562 3591/334/3564 3621/336/3585 
f 3622/335/3586 3592/331/3565 3595/334/3567 3623/336/3586 
f 3624/335/3587 3596/331/3568 3599/334/3570 3625/337/3587 
f 3626/335/3588 3600/331/3571 3603/334/3573 3627/337/3588 
f 3628/335/3589 3616/331/3582 3619/334/3584 3629/338/3589 
f 3576/331/3553 3579/334/3555 3630/339/3590 3631/340/3590 
f 3580/331/3556 3583/334/3558 3632/339/3591 3633/341/3591 
f 3584/331/3559 3587/334/3561 3634/339/3592 3635/341/3592 
f 3604/331/3574 3607/334/3576 3636/337/3593 3637/341/3593 
f 3608/331/3577 3611/334/3577 3638/339/3594 3639/341/3594 
f 3612/331/3579 3615/334/3581 3640/339/3595 3641/340/3595 
# 22 polygons

#
# object PalmPlant_LOD0_backface
#

v  6.3276 67.8115 6.5517
v  5.2970 61.2955 5.4846
v  6.9643 61.4176 3.0639
v  8.2111 67.9922 3.8364
v  8.2267 61.6617 0.2239
v  9.6467 68.3537 0.6573
v  7.2511 54.3669 -0.7863
v  5.9965 54.1765 2.0618
v  4.3330 54.0812 4.4866
v  11.5057 88.8927 11.9132
v  9.6637 83.0311 10.0060
v  13.0466 83.4931 5.2144
v  14.9071 89.4137 7.1408
v  15.6676 84.4171 -0.3660
v  17.5653 90.4558 1.5988
v  14.0646 79.3481 -0.9891
v  11.6277 78.5613 4.2637
v  8.4666 78.1678 8.7664
v  0.9867 90.4558 17.6103
v  -0.9110 84.4171 15.6454
v  4.7573 83.4931 13.2201
v  6.6178 89.4137 15.1465
v  3.8566 78.5613 11.7691
v  -1.4778 79.3481 14.0217
v  18.4190 105.4445 19.0714
v  14.5372 96.7900 15.0521
v  17.9692 97.3907 10.3113
v  21.8900 106.1324 14.3711
v  20.6884 98.5920 4.8327
v  24.6875 107.5082 8.9734
v  8.1090 107.5082 24.9848
v  4.1099 98.5920 20.8441
v  9.6799 97.3907 18.3171
v  13.6008 106.1324 22.3768
v  27.6660 121.1410 28.6459
v  22.8115 113.5773 23.6194
v  26.3268 114.3472 18.9650
v  31.2259 121.9822 24.0376
v  29.2129 115.8870 13.6590
v  34.2011 123.6647 18.8239
v  17.6225 123.6647 34.8353
v  12.6343 115.8870 29.6705
v  18.0375 114.3472 26.9707
v  22.9366 121.9822 32.0433
v  36.5335 128.9844 29.5332
v  32.9337 128.0878 34.1002
v  42.0454 135.6703 35.2404
v  38.4080 134.7263 39.7684
v  45.1758 137.5583 30.1873
v  39.5886 130.7777 24.4022
v  28.2442 128.9844 37.5389
v  23.0100 130.7777 40.4136
v  28.5972 137.5583 46.1987
v  33.7561 135.6703 43.2461
v  2.5513 38.8171 2.6635
v  1.7153 31.1017 1.8183
v  3.1801 31.1876 -0.3166
v  4.1122 38.9032 0.3881
v  4.2898 31.3596 -2.8325
v  5.2925 39.0752 -2.2899
v  3.2137 22.6345 -3.0923
v  2.2081 21.9577 -0.8433
v  0.9171 21.6193 1.0306
v  0.2619 8.6030 0.4363
v  1.1876 9.6987 -0.9094
v  2.0277 11.8900 -2.7396
v  0.8645 0.1358 -1.4028
v  0.3333 -4.0749 -0.0850
v  0.0847 -6.1802 0.4026
v  3.4022 46.5327 3.5321
v  0.9861 46.6189 5.0682
v  0.2232 38.9031 4.1441
v  -1.8315 46.7912 6.1932
v  -2.4939 39.0752 5.2302
v  -1.0381 54.3669 7.2194
v  1.8519 54.1765 6.0647
v  0.0000 68.2348 -5.6604
v  0.0000 61.6445 -4.5524
v  -2.8810 61.7330 -3.9635
v  -3.2411 68.3783 -5.0064
v  -5.7620 61.9099 -2.7856
v  -6.4822 68.6654 -3.6984
v  -5.7620 54.5467 -1.8013
v  -2.8810 54.4240 -2.9873
v  0.0000 54.3626 -3.5803
v  0.0000 89.7082 -11.8945
v  0.0000 83.7045 -9.5831
v  -5.7620 84.1029 -8.4619
v  -5.7620 90.1672 -10.7965
v  -11.5240 84.8997 -6.2193
v  -11.5240 91.0850 -8.6006
v  -10.8037 79.7497 -4.9504
v  -5.4019 79.0836 -7.0776
v  0.0000 78.7505 -8.1412
v  11.5240 91.0850 -8.6006
v  11.5240 84.8997 -6.2193
v  5.7620 84.1029 -8.4619
v  5.7620 90.1671 -10.7965
v  5.4019 79.0835 -7.0776
v  10.8038 79.7496 -4.9504
v  0.0000 106.8029 -20.8816
v  0.0000 97.8426 -15.7988
v  -5.7620 98.3835 -14.7402
v  -5.7620 107.4342 -19.8743
v  -11.5240 99.4654 -12.6230
v  -11.5240 108.6966 -17.8595
v  11.5240 108.6966 -17.8595
v  11.5240 99.4653 -12.6230
v  5.7620 98.3835 -14.7402
v  5.7620 107.4342 -19.8743
v  0.0000 123.2360 -33.2716
v  0.0000 115.2845 -26.7284
v  -5.7620 116.0013 -25.7799
v  -5.7620 124.0276 -32.3831
v  -11.5240 117.4347 -23.8830
v  -11.5240 125.6109 -30.6061
v  11.5241 125.6109 -30.6061
v  11.5240 117.4347 -23.8830
v  5.7620 116.0013 -25.7799
v  5.7620 124.0276 -32.3831
v  -5.7620 131.4559 -39.6098
v  0.0000 130.6057 -40.4441
v  -5.7621 138.5853 -47.1481
v  -0.0000 137.6846 -47.9311
v  -11.5241 140.3865 -45.5823
v  -11.5240 133.1564 -37.9412
v  5.7620 131.4559 -39.6098
v  11.5240 133.1564 -37.9412
v  11.5240 140.3865 -45.5823
v  5.7620 138.5853 -47.1481
v  0.0086 38.9899 -1.9635
v  0.0167 31.2227 -1.2129
v  -2.5222 31.2747 -0.6900
v  -2.6971 39.0419 -1.4061
v  -5.0666 31.3787 0.3575
v  -5.4064 39.1460 -0.2901
v  -4.4795 22.6020 0.9050
v  -2.1989 21.9931 -0.0199
v  0.0323 21.6887 -0.4747
v  0.0661 8.6207 0.1884
v  -1.5309 9.6824 0.5032
v  -3.3926 11.8058 1.2154
v  -1.6439 -0.0000 1.0646
v  -0.3770 -4.1428 0.6145
v  0.1264 -6.2141 0.5056
v  0.0036 46.7571 -2.7179
v  2.8106 46.8093 -2.1393
v  2.7142 39.0419 -1.4061
v  5.6194 46.9137 -0.9817
v  5.4233 39.1460 -0.2901
v  5.7621 54.5467 -1.8013
v  2.8810 54.4240 -2.9873
v  5.7924 111.1355 -2.6462
v  4.6586 103.7210 -2.1283
v  2.8675 103.8205 -4.4775
v  3.7862 111.2970 -5.2931
v  0.4738 104.0196 -6.5514
v  1.1108 111.6200 -7.6343
v  -0.5335 94.8113 -6.0913
v  1.8686 94.6649 -4.0212
v  3.6639 94.5917 -1.6738
v  12.1719 135.2948 -5.5607
v  9.8066 128.5401 -4.4801
v  6.2824 128.9884 -9.2051
v  8.6715 135.8112 -10.2966
v  1.6108 129.8849 -13.4059
v  4.0476 136.8438 -14.5191
v  0.6094 124.0907 -12.1565
v  5.0144 123.3412 -8.2299
v  8.3310 122.9665 -3.8060
v  13.5547 136.8438 6.4775
v  11.1179 129.8849 7.5907
v  11.0360 128.9884 1.2932
v  13.4251 135.8112 0.2017
v  9.4709 123.3412 1.6123
v  9.5223 124.0907 7.5278
v  21.3686 154.5276 -9.7623
v  16.1672 144.4466 -7.3860
v  12.7072 145.0552 -12.1403
v  17.9609 155.2379 -14.5405
v  8.1638 146.2724 -16.3997
v  13.5224 156.6583 -18.8478
v  23.0295 156.6583 2.1489
v  17.6709 146.2724 4.5970
v  17.4607 145.0552 -1.6420
v  22.7145 155.2379 -4.0422
v  34.0475 173.0161 -15.5547
v  27.3516 164.0701 -12.4957
v  24.0043 164.8765 -17.3015
v  30.7615 173.9068 -20.3885
v  19.6865 166.4893 -21.6638
v  26.5663 175.6881 -24.8069
v  36.0733 175.6881 -3.8103
v  29.1935 166.4893 -0.6672
v  28.7579 164.8765 -6.8031
v  35.5150 173.9068 -9.8902
v  49.0487 189.2720 -22.4080
v  41.3872 181.3076 -18.9078
v  38.1567 182.2642 -23.7669
v  45.8708 190.2853 -27.2911
v  34.0724 184.1774 -28.2360
v  41.8917 192.3118 -31.8083
v  42.9102 182.2642 -13.2687
v  43.5795 184.1774 -7.2394
v  51.3988 192.3118 -10.8117
v  50.6244 190.2853 -16.7929
v  2.8687 83.2249 -1.3105
v  1.0720 83.3003 -3.6572
v  -1.3329 83.4510 -5.7261
v  -2.0283 70.1564 -5.4084
v  0.3766 69.9811 -3.3395
v  2.1733 69.8934 -0.9928
v  4.2454 94.6649 1.2280
v  3.4488 83.3003 1.5919
v  2.7534 69.9811 1.9096
v  2.7252 70.1564 5.0900
v  3.4207 83.4510 4.7723
v  4.2201 94.8113 4.4071
v  -7.5036 49.8412 0.5199
v  -8.6160 54.2169 0.6329
v  -8.5042 54.2880 -1.1248
v  -7.3879 49.8997 -1.2382
v  -8.0796 54.4498 -2.9399
v  -6.9555 50.0365 -3.0542
v  -9.1121 58.0803 -3.2607
v  -9.5741 57.8513 -1.2206
v  -9.6921 57.7478 0.7558
v  -10.7333 60.6926 0.8840
v  -10.5858 60.8545 -1.7500
v  -9.9892 61.2077 -4.4676
v  -10.8920 64.0334 -5.6641
v  -11.6199 63.5526 -2.2694
v  -11.7955 63.3307 1.0218
v  -12.1308 70.1338 7.8946
v  -14.9155 74.4362 8.3068
v  -16.3867 73.6522 5.1114
v  -13.6565 69.4340 4.7072
v  -17.3233 73.2405 1.8135
v  -14.6203 69.0644 1.4133
v  -20.7245 77.7845 2.3309
v  -19.8222 78.2420 5.6339
v  -18.4195 79.1176 8.8398
v  -17.1905 73.5735 -1.6893
v  -14.4604 69.3553 -2.0935
v  -16.5232 74.2789 -5.2945
v  -13.7385 69.9765 -5.7068
v  -20.0273 78.9604 -4.7615
v  -20.6260 78.1634 -1.1667
v  -22.3145 83.4723 9.4487
v  -23.6409 82.5115 6.2310
v  -24.5051 82.0115 2.9220
v  -28.6249 85.8979 3.5801
v  -27.7986 86.4347 6.8952
v  -26.5480 87.4690 10.1250
v  -24.4448 82.4329 -0.5696
v  -23.9222 83.3151 -4.1525
v  -28.1557 87.3118 -3.4763
v  -28.6025 86.3561 0.0945
v  -31.0676 91.0762 10.8598
v  -32.2511 89.9856 7.6191
v  -33.0437 89.4206 4.2985
v  -37.6120 92.7613 5.0471
v  -36.8508 93.3502 8.3728
v  -35.7304 94.4887 11.6238
v  -33.0549 89.9070 0.8184
v  -32.6754 90.9190 -2.7416
v  -37.3381 94.3315 -1.9776
v  -37.6547 93.2716 1.5721
v  -6.1281 44.3620 0.4242
v  -5.6302 44.4610 2.0100
v  -6.9859 49.9390 2.1621
v  -4.8270 44.6394 3.5420
v  -6.1516 50.1151 3.7464
v  -3.5203 38.2145 3.3538
v  -4.2937 38.0241 1.8723
v  -4.7730 37.9191 0.3403
v  -6.0173 44.4217 -1.2735
v  -4.6675 37.9848 -1.2997
v  -4.2690 38.1359 -2.9972
v  -5.6020 44.5608 -3.0293
v  3.9003 50.0704 -4.6967
v  4.4890 54.4813 -5.4677
v  5.6964 54.5417 -4.1850
v  5.1056 50.1181 -3.4112
v  6.7307 54.6820 -2.6320
v  6.1357 50.2332 -1.8526
v  7.5970 58.3438 -3.0688
v  6.4250 58.1384 -4.8045
v  5.0625 58.0467 -6.2418
v  5.6202 61.0253 -7.0100
v  7.4421 61.1717 -5.1009
v  9.0152 61.4940 -2.8014
v  10.4493 64.3436 -2.5680
v  8.4733 63.9009 -5.4288
v  6.1911 63.6979 -7.8084
v  1.2594 70.5356 -12.5574
v  2.7712 74.9304 -14.7564
v  6.1264 74.1834 -13.6726
v  4.6441 69.8747 -11.5167
v  9.1844 73.7903 -12.1182
v  7.7170 69.5245 -9.9837
v  11.0351 78.4476 -14.8327
v  7.9956 78.8877 -16.4145
v  4.6778 79.7286 -17.5530
v  11.6483 74.1048 -9.6224
v  10.1660 69.7960 -7.4665
v  13.8150 74.7731 -6.6560
v  12.3032 70.3783 -4.4571
v  15.7216 79.5713 -9.4527
v  13.5175 78.8090 -12.3643
v  6.8019 84.2136 -20.6959
v  10.0782 83.2850 -19.4959
v  13.0968 82.8010 -17.8834
v  15.3477 86.8257 -21.2369
v  12.3498 87.3477 -22.8802
v  9.1148 88.3524 -24.1418
v  15.6001 83.2063 -15.4458
v  17.8457 84.0563 -12.5956
v  20.1586 88.1951 -16.0415
v  17.8717 87.2691 -18.8301
v  11.5879 92.1117 -27.8473
v  14.7860 91.0484 -26.5307
v  17.7656 90.4971 -24.8599
v  20.2669 93.9917 -28.6176
v  17.3046 94.5680 -30.3143
v  14.1410 95.6813 -31.6826
v  20.3079 90.9697 -22.4806
v  22.6317 91.9544 -19.7470
v  25.1848 95.5240 -23.5823
v  22.8265 94.4894 -26.2641
v  3.1899 44.5555 -3.7878
v  1.6872 44.6436 -4.5035
v  2.3446 50.1574 -5.4362
v  0.0137 44.8003 -4.9567
v  0.6138 50.3118 -5.9028
v  -0.5777 38.3377 -4.0455
v  1.0394 38.1691 -3.6050
v  2.4906 38.0749 -2.9124
v  4.3548 44.6043 -2.5459
v  3.6169 38.1298 -1.7133
v  4.5825 38.2591 -0.2586
v  5.3521 44.7216 -1.0395
v  3.8188 41.4743 7.3237
v  4.3646 44.9604 8.3151
v  3.0170 45.0344 8.7892
v  2.4693 41.5383 7.7944
v  1.5304 45.1982 9.0520
v  0.9789 41.6823 8.0506
v  1.7077 48.0875 10.0870
v  3.3727 47.8660 9.7782
v  4.8850 47.7642 9.2382
v  5.3833 50.0950 10.1074
v  3.3715 50.2496 10.8352
v  1.1609 50.5827 11.2629
v  0.6222 52.8322 12.4412
v  3.3771 52.3849 11.8923
v  5.8876 52.1762 10.9753
v  11.3057 57.6273 9.3639
v  12.5993 60.9664 11.5058
v  10.6525 60.2753 13.5765
v  9.3842 57.0015 11.4765
v  8.4705 59.9137 15.2972
v  7.2149 56.6726 13.2181
v  10.0427 63.4163 17.8770
v  12.2405 63.8131 16.1823
v  14.2190 64.5749 14.1637
v  5.8180 60.2115 16.3178
v  4.5498 56.9377 14.2178
v  2.9304 60.8388 16.9884
v  1.6368 57.4997 14.8465
v  4.5501 64.4473 19.6463
v  7.4061 63.7493 18.9236
v  16.0100 67.8982 17.0746
v  13.9965 67.0714 19.0364
v  11.7812 66.6421 20.7025
v  13.6677 69.5743 23.7448
v  15.9005 70.0314 22.1066
v  17.9487 70.9137 20.2010
v  9.1621 67.0076 21.7777
v  6.3412 67.7706 22.5573
v  8.2799 70.7861 25.6836
v  11.0660 69.9676 24.8479
v  20.0112 73.5988 23.5049
v  17.9322 72.6743 25.3613
v  15.6841 72.1961 26.9748
v  17.7654 74.6627 30.2988
v  20.0279 75.1586 28.7082
v  22.1356 76.1186 26.8977
v  13.0978 72.6105 28.1026
v  10.3424 73.4712 28.9875
v  12.4667 75.9910 32.3803
v  15.1934 75.0948 31.4495
v  3.0172 37.0963 5.8297
v  4.0094 37.1932 4.9982
v  4.8865 41.5702 6.4238
v  4.8747 37.3710 3.9681
v  5.8133 41.7461 5.3093
v  4.1268 32.2307 2.7802
v  3.2960 32.0432 3.7649
v  2.3453 31.9415 4.5596
v  1.7668 37.1613 6.2684
v  1.1488 32.0113 4.9808
v  -0.1746 32.1669 5.2163
v  0.3844 37.3072 6.5115
v  -2.9517 27.8821 4.6273
v  -3.3339 29.9538 5.2541
v  -3.9822 30.0022 4.6944
v  -3.5987 27.9245 4.0655
v  -4.5626 30.1084 4.0008
v  -4.1765 28.0190 3.3677
v  -5.0723 31.8247 4.4406
v  -4.4145 31.6830 5.2125
v  -3.6827 31.6176 5.8380
v  -4.0060 32.9988 6.3878
v  -4.9846 33.0972 5.5589
v  -5.8676 33.3084 4.5397
v  -6.6596 34.6447 4.6404
v  -5.5507 34.3625 5.9054
v  -4.3249 34.2303 6.9370
v  -1.9188 37.4777 9.3539
v  -2.6765 39.4394 10.7099
v  -4.3280 39.0116 10.3024
v  -3.5852 37.0883 8.9728
v  -5.8699 38.7881 9.6728
v  -5.1345 36.8841 8.3566
v  -6.7740 40.8395 11.3064
v  -5.2412 41.0836 11.9524
v  -3.6079 41.5527 12.3929
v  -7.1927 38.9733 8.5994
v  -6.4499 37.0501 7.2698
v  -8.4059 39.3629 7.3040
v  -7.6483 37.4012 5.9479
v  -9.3374 41.4762 8.9869
v  -8.1060 41.0453 10.2494
v  -4.6178 43.4903 14.2364
v  -6.2314 42.9832 13.7598
v  -7.7543 42.7201 13.0957
v  -8.8010 44.4206 15.0226
v  -7.2877 44.6998 15.7044
v  -5.6935 45.2391 16.2164
v  -9.0961 42.9450 12.0568
v  -10.3473 43.4138 10.8303
v  -11.4230 45.1626 12.8104
v  -10.1524 44.6616 14.0014
v  -6.8221 46.7865 18.3092
v  -8.3994 46.2228 17.7660
v  -9.9043 45.9315 17.0686
v  -11.0358 47.3475 19.1741
v  -9.5388 47.6490 19.8861
v  -7.9771 48.2330 20.4584
v  -11.2642 46.1846 16.0630
v  -12.5515 46.7100 14.9032
v  -13.7066 48.1565 17.0524
v  -12.4036 47.6108 18.1831
v  -2.0405 25.2771 3.3179
v  -1.3999 25.3393 3.5573
v  -2.1663 27.9437 4.9170
v  -0.7021 25.4541 3.6881
v  -1.3118 28.0573 5.0707
v  -0.2962 22.3939 2.9565
v  -0.9598 22.2733 2.8311
v  -1.5687 22.2083 2.6030
v  -2.5710 25.3202 2.8600
v  -2.0737 22.2542 2.1679
v  -2.5284 22.3556 1.6276
v  -3.0479 25.4158 2.2915
v  -7.1427 67.8115 5.6521
v  -5.9793 61.2955 4.7314
v  -3.7344 61.4176 6.6290
v  -4.6259 67.9922 7.7936
v  -1.0324 61.6617 8.1648
v  -1.6035 68.3538 9.5351
v  0.0689 54.3670 7.2933
v  -2.6419 54.1765 5.7645
v  -4.8912 54.0813 3.8704
v  -12.9878 88.8927 10.2773
v  -10.9086 83.0311 8.6320
v  -6.4732 83.4931 12.4700
v  -8.5733 89.4137 14.1319
v  -1.1778 84.4171 15.6276
v  -3.3199 90.4558 17.3227
v  -0.4000 79.3481 14.0936
v  -5.3875 78.5613 11.1517
v  -9.5572 78.1678 7.5626
v  -17.6218 90.4559 -0.7513
v  -15.4797 84.4171 -2.4464
v  -13.6241 83.4931 3.4330
v  -15.7243 89.4137 5.0949
v  -12.0915 78.5613 2.6795
v  -13.8081 79.3482 -2.8507
v  -20.7916 105.4445 16.4525
v  -16.4098 96.7900 12.9852
v  -12.0299 97.3907 16.8671
v  -16.4558 106.1324 20.3693
v  -6.8454 98.5920 20.1124
v  -11.3596 107.5082 23.6845
v  -25.6616 107.5083 5.6105
v  -21.1474 98.5921 2.0384
v  -19.1808 97.3907 7.8301
v  -23.6068 106.1324 11.3323
v  -31.2298 121.1410 24.7122
v  -25.7499 113.5773 20.3760
v  -21.4641 114.3472 24.3324
v  -26.9942 121.9822 28.7084
v  -16.4679 115.8870 27.7267
v  -22.0986 123.6647 32.1823
v  -36.4006 123.6647 14.1084
v  -30.7699 115.8870 9.6528
v  -28.6151 114.3472 15.2954
v  -34.1452 121.9822 19.6714
v  -32.9856 128.9844 33.4494
v  -37.1760 128.0878 29.4175
v  -39.2076 135.6703 38.3728
v  -43.3555 134.7263 34.3074
v  -34.4871 137.5583 41.9853
v  -28.1801 130.7777 36.9946
v  -40.1366 128.9844 24.4124
v  -42.4821 130.7777 18.9207
v  -48.7890 137.5583 23.9113
v  -46.3585 135.6703 29.3358
v  -2.8613 38.8171 2.3019
v  -1.9003 31.1017 1.5767
v  0.0795 31.1876 3.2442
v  -0.7510 38.9031 4.0790
v  2.4730 31.3596 4.5955
v  1.7972 39.0752 5.5167
v  2.9014 22.6345 3.5902
v  0.7685 21.9577 2.3719
v  -0.9662 21.6193 0.9047
v  -0.1548 8.6030 0.4084
v  1.0772 9.6987 1.4521
v  2.7856 11.8900 2.4493
v  1.7601 0.1358 1.2791
v  0.5870 -4.0749 0.6746
v  0.1731 -6.1802 0.4085
v  -3.8325 46.5327 3.0489
v  -5.1236 46.6189 0.4932
v  -4.1060 38.9031 -0.1608
v  -5.9662 46.7912 -2.4217
v  -4.9200 39.0752 -2.9720
v  -7.0821 54.3669 -1.7437
v  -6.2174 54.1765 1.2460
v  -1.5547 111.1355 6.1755
v  -1.2504 103.7210 4.9667
v  1.7029 103.8205 5.0370
v  1.7654 111.2970 6.2639
v  4.8180 104.0196 4.4646
v  5.2652 111.6200 5.6386
v  5.0883 94.8112 3.3907
v  1.9710 94.6648 3.9720
v  -0.9834 94.5916 3.9062
v  -3.2670 135.2948 12.9770
v  -2.6321 128.5401 10.4553
v  3.2589 128.9884 10.6575
v  2.6177 135.8112 13.2046
v  9.4580 129.8849 9.6364
v  8.8039 136.8438 12.2344
v  9.1086 124.0907 8.0738
v  3.2902 123.3412 9.0581
v  -2.2361 122.9665 8.8821
v  -13.5284 136.8438 6.5323
v  -12.8743 129.8849 3.9343
v  -7.9072 128.9884 7.8064
v  -8.5485 135.8111 10.3536
v  -7.1781 123.3412 6.3853
v  -11.8279 124.0907 2.7281
v  -5.7354 154.5276 22.7821
v  -4.3393 144.4466 17.2367
v  1.5345 145.0552 17.5072
v  0.1244 155.2379 23.1085
v  7.6991 146.2724 16.6229
v  6.2608 156.6583 22.3359
v  -16.0714 156.6582 16.6338
v  -14.6332 146.2723 10.9207
v  -9.6316 145.0552 14.6562
v  -11.0417 155.2378 20.2575
v  -9.1384 173.0161 36.2997
v  -7.3412 164.0701 29.1609
v  -1.4977 164.8765 29.5517
v  -3.3113 173.9068 36.7559
v  4.6064 166.4893 28.9077
v  2.7599 175.6881 36.2426
v  -19.5724 175.6881 30.5406
v  -17.7258 166.4893 23.2056
v  -12.6638 164.8765 26.7006
v  -14.4775 173.9068 33.9048
v  -13.1648 189.2720 52.2932
v  -11.1084 181.3076 44.1249
v  -5.2962 182.2642 44.6402
v  -7.3667 190.2853 52.8646
v  0.7452 184.1774 44.2453
v  -1.3535 192.3118 52.5818
v  -16.4623 182.2642 41.7892
v  -21.5871 184.1774 38.5432
v  -23.6858 192.3118 46.8797
v  -18.5328 190.2853 50.0135
v  -0.7700 83.2249 3.0584
v  2.1848 83.3003 3.1227
v  5.3028 83.4510 2.5385
v  5.4895 70.1564 1.7970
v  2.3715 69.9811 2.3813
v  -0.5833 69.8934 2.3170
v  -3.6121 94.6648 2.5464
v  -3.3983 83.3003 1.6972
v  -3.2116 69.9811 0.9557
v  -5.6766 70.1564 -1.0540
v  -5.8633 83.4510 -0.3126
v  -6.0778 94.8112 0.5397
v  -5.5565 111.1355 -3.1112
v  -4.4689 103.7210 -2.5022
v  -4.6723 103.8205 -0.7936
v  -5.7937 111.2970 -1.1937
v  -4.2976 104.0196 1.2388
v  -5.3890 111.6200 1.0833
v  -3.3314 94.8113 1.7798
v  -3.7141 94.6649 -0.2570
v  -3.5147 94.5917 -1.9679
v  -11.6762 135.2948 -6.5377
v  -9.4072 128.5401 -5.2673
v  -9.8697 128.9884 -1.8812
v  -12.1615 135.8112 -3.1644
v  -9.2315 129.8849 2.1212
v  -11.5690 136.8438 0.8124
v  -7.7904 124.0907 2.4725
v  -8.4131 123.3412 -1.2934
v  -7.9917 122.9665 -4.4747
v  -5.3164 136.8438 -10.2669
v  -2.9788 129.8849 -8.9581
v  -6.7434 128.9884 -7.4208
v  -9.0352 135.8112 -8.7040
v  -5.4822 123.3412 -6.4868
v  -1.9286 124.0907 -7.9144
v  -20.4984 154.5276 -11.4774
v  -15.5089 144.4466 -8.6837
v  -16.0328 145.0552 -5.3320
v  -21.0726 155.2379 -8.1539
v  -15.5176 146.2724 -1.3985
v  -20.6580 156.6583 -4.2767
v  -14.4054 156.6583 -15.3560
v  -9.2650 146.2724 -12.4778
v  -12.9065 145.0552 -10.8717
v  -17.9464 155.2379 -13.6936
v  -32.6611 173.0161 -18.2875
v  -26.2379 164.0701 -14.6911
v  -26.8699 164.8765 -11.3999
v  -33.3520 173.9068 -15.0293
v  -26.5710 166.4893 -7.5875
v  -33.1707 175.6881 -11.2828
v  -26.9182 175.6881 -22.3621
v  -20.3185 166.4893 -18.6668
v  -23.7437 164.8765 -16.9396
v  -30.2257 173.9068 -20.5690
v  -40.4460 182.2642 -19.0014
v  -39.7019 181.3077 -22.2298
v  -47.8461 190.2853 -23.1448
v  -47.0515 189.2720 -26.3450
v  -47.8721 192.3118 -19.5144
v  -40.3712 184.1774 -15.3145
v  -37.3197 182.2642 -24.5411
v  -34.1186 184.1774 -26.3938
v  -41.6195 192.3118 -30.5937
v  -44.7197 190.2853 -28.6845
v  -2.7519 83.2249 -1.5408
v  -2.9500 83.3003 0.1708
v  -2.5646 83.4510 2.2091
v  -1.8975 70.1564 2.5826
v  -2.2829 69.9811 0.5443
v  -2.0848 69.8934 -1.1673
v  -2.1509 94.6649 -3.0269
v  -1.3868 83.3003 -2.5990
v  -0.7197 69.9811 -2.2255
v  1.2288 70.1564 -2.9570
v  0.5617 83.4510 -3.3305
v  -0.2051 94.8113 -3.7599
v  8.8970 41.7141 -0.0250
v  11.0420 44.2591 -0.0606
v  10.9266 44.3947 1.3389
v  8.7648 41.8324 1.3747
v  10.6289 44.7328 2.7713
v  8.4290 42.1294 2.8075
v  12.6520 46.5735 3.0776
v  12.9312 46.1477 1.4669
v  13.0361 45.9754 -0.1073
v  14.8459 47.1039 -0.1605
v  14.7336 47.3477 1.9377
v  14.4225 47.9494 4.0843
v  16.1301 48.9975 5.0831
v  16.4666 48.2236 2.4011
v  16.5834 47.9101 -0.2212
v  19.9618 50.9860 -5.6856
v  23.3435 50.8661 -5.8899
v  23.6159 49.6541 -3.2764
v  20.3671 49.7816 -3.0761
v  23.7936 48.9604 -0.6030
v  20.6171 49.0953 -0.4047
v  27.2908 48.1173 -0.8647
v  27.1879 48.8047 -3.5408
v  27.0517 49.9974 -6.1596
v  23.7816 49.3035 2.1903
v  20.5568 49.4453 2.3906
v  23.6748 50.1650 5.0436
v  20.3413 50.3133 5.2478
v  27.3299 49.2695 4.7739
v  27.3270 48.4407 1.9259
v  30.4427 48.2341 -6.4740
v  30.4685 47.0928 -3.8491
v  30.5099 46.4286 -1.1700
v  33.3640 44.0013 -1.5150
v  33.3674 44.6323 -4.1973
v  33.4200 45.7037 -6.8285
v  30.5827 46.7188 1.6176
v  30.6710 47.4863 4.4594
v  33.6028 44.9415 4.1049
v  33.4588 44.2512 1.2694
v  35.8875 42.5336 -7.2184
v  35.7946 41.5371 -4.5815
v  35.7660 40.9424 -1.8963
v  37.9420 37.5676 -2.2957
v  37.9859 38.1245 -4.9836
v  38.1000 39.0435 -7.6260
v  35.8658 41.1511 0.8852
v  36.0299 41.7616 3.7150
v  38.2047 38.2641 3.3074
v  38.0383 37.7348 0.4831
v  6.2019 38.0996 0.0287
v  5.9331 38.3079 -1.2185
v  8.6218 41.9531 -1.3586
v  5.4630 38.6726 -2.4410
v  8.1429 42.3708 -2.6592
v  3.3107 33.9009 -2.3268
v  3.7965 33.5963 -1.1472
v  4.0743 33.4234 0.0554
v  6.0724 38.2042 1.3359
v  3.9409 33.5139 1.3157
v  3.6010 33.7360 2.6105
v  5.7430 38.4653 2.6781
v  0.3212 68.3537 9.6637
v  -0.0625 61.6617 8.2296
v  2.8197 61.4176 7.0667
v  3.5484 67.9922 8.3396
v  -3.0214 31.3596 4.2286
v  -0.4689 31.1876 3.2077
v  -0.9989 21.9577 2.2539
v  -3.2782 22.6345 3.1775
v  6.2441 46.7912 -1.6061
v  5.0215 46.6189 1.1708
v  -2.9485 11.8900 2.0663
v  -1.1065 9.6987 1.3062
v  -0.3859 -4.0749 0.6096
v  -1.6749 0.1358 1.0497
v  6.4823 68.6654 -3.6983
v  5.7621 61.9099 -2.7856
v  2.8810 61.7330 -3.9635
v  3.2411 68.3783 -5.0064
v  5.0997 31.3787 0.3575
v  2.5555 31.2747 -0.6900
v  2.2624 21.9931 -0.0199
v  4.5405 22.6019 0.9050
v  -5.6123 46.9137 -0.9817
v  -2.8033 46.8093 -2.1393
v  3.5054 11.8058 1.2154
v  1.6564 9.6824 0.5032
v  0.6098 -4.1428 0.6145
v  1.8399 0.0000 1.0646
v  6.4585 111.6200 4.1763
v  5.2273 104.0196 3.9469
v  5.2443 103.8205 0.7716
v  6.4601 111.2970 0.6122
v  -3.1886 38.3955 -4.4319
v  -2.7041 55.1451 -5.0525
v  -0.3155 54.9615 -2.9969
v  -0.9344 37.7071 -2.4833
v  1.4682 54.8697 -0.6667
v  0.7368 37.3629 -0.2967
v  2.0169 55.1450 5.3741
v  2.0444 54.9615 2.2150
v  1.2783 37.7071 2.4035
v  1.2572 38.3955 5.3868
v  -1.4290 0.4977 -0.9732
v  -3.0223 19.8865 -3.1845
v  -1.1695 17.6835 -1.5451
v  -0.3309 -3.7246 0.0209
v  0.1037 16.5821 0.1266
v  0.0556 -5.8358 0.4711
v  0.5111 19.8865 4.6192
v  0.5135 17.6835 2.1717
v  0.1092 -3.7246 0.9929
v  0.0781 0.4977 2.3552
v  -7.2758 54.5284 3.8608
v  -8.1023 54.3273 2.2756
v  -9.1220 57.8955 2.6048
v  -8.2077 58.1687 4.3901
v  -0.8017 22.3283 2.7285
v  -2.1321 30.9536 3.0987
v  -2.8579 30.7592 1.7049
v  -1.4308 21.6290 1.4820
v  -3.3072 30.6522 0.2659
v  -1.8154 21.2696 0.2209
v  -2.8356 30.8749 -2.8713
v  -3.2087 30.7199 -1.2746
v  -1.7386 21.5897 -1.1320
v  -1.4257 22.2496 -2.5645
v  0.6107 0.3456 1.3313
v  0.2313 11.8101 2.1539
v  -0.2353 9.5964 1.1493
v  0.2611 -3.8875 0.6915
v  -0.4901 8.4797 0.2556
v  0.1569 -6.0139 0.4365
v  -0.2489 11.7315 -1.9109
v  -0.4559 9.5571 -0.7232
v  0.1885 -3.9268 0.0833
v  0.3579 0.2669 -0.7847
v  1.2088 54.7607 -6.6822
v  2.9354 54.5810 -6.2100
v  3.3189 58.1826 -7.0827
v  1.3848 58.4322 -7.6253
v  -1.5572 22.3686 -1.9600
v  -1.1439 31.0360 -3.0350
v  0.3767 30.8634 -2.6192
v  -0.2041 21.6911 -1.5708
v  1.7399 30.7672 -1.9678
v  0.9880 21.3425 -0.9917
v  3.7070 30.9574 0.5252
v  2.7982 30.8241 -0.8418
v  1.9205 21.6517 -0.0112
v  2.7435 22.2899 1.1961
v  -0.9772 0.3027 0.0473
v  -1.5874 11.8087 -0.8771
v  -0.4972 9.6167 -0.5120
v  -0.1926 -3.9086 0.3213
v  0.3509 8.5109 -0.0768
v  0.1079 -6.0241 0.4707
v  1.7140 11.7301 1.5446
v  1.0246 9.5774 0.6050
v  0.3006 -3.9479 0.6826
v  0.7373 0.2241 1.3020
v  6.3649 45.2620 6.3106
v  5.4343 45.0663 7.4185
v  6.0921 47.9019 8.2362
v  7.1465 48.1593 7.0030
v  2.4204 19.3126 0.4497
v  3.3019 26.4189 1.5573
v  2.5249 26.2283 2.4768
v  1.7152 18.6171 1.2555
v  1.6376 26.1250 3.2180
v  0.9362 18.2614 1.8947
v  -0.7145 26.3551 3.8322
v  0.5215 26.1963 3.6113
v  -0.0332 18.5852 2.2457
v  -1.1284 19.2488 2.4603
v  0.6779 0.3056 -0.3444
v  1.5072 10.2885 -0.2888
v  0.9079 8.0785 0.3552
v  0.2830 -3.9238 0.2127
v  0.3451 6.9655 0.8032
v  0.1119 -6.0464 0.4231
v  -1.2278 10.2247 1.2622
v  -0.3402 8.0466 1.0625
v  -0.1469 -3.9557 0.4577
v  -0.8216 0.2418 0.5091
v  -1.6978 30.1467 5.7038
v  -2.5498 30.0213 5.5459
v  -2.8031 31.7046 6.1705
v  -1.8495 31.8677 6.3564
v  0.4627 14.2930 1.4633
v  0.1100 18.9332 2.2006
v  -0.5101 18.8108 2.0837
v  -0.0860 13.6657 1.3470
v  -1.0786 18.7448 1.8708
v  -0.5780 13.3473 1.1560
v  -1.9750 18.8950 0.9597
v  -1.5500 18.7916 1.4647
v  -0.9960 13.6466 0.8055
v  -1.3912 14.2548 0.3603
v  0.6166 0.1157 0.4433
v  0.6629 7.6941 0.8298
v  0.2203 5.5523 0.7249
v  0.2632 -4.0454 0.4388
v  -0.1201 4.4766 0.5869
v  0.1320 -6.1308 0.4323
v  -0.7896 7.6558 -0.0337
v  -0.4311 5.5331 0.3375
v  0.0137 -4.0646 0.2910
v  -0.2578 0.0775 -0.0753
v  -9.6484 68.3538 -0.6314
v  -8.1834 61.6617 -0.8722
v  -7.3099 61.4176 2.1105
v  -8.6483 67.9923 2.7103
v  -3.8342 31.3596 -3.3752
v  -3.0685 31.1876 -0.7340
v  -1.9981 21.9577 -1.1243
v  -2.6989 22.6345 -3.4872
v  1.0005 46.7912 6.3824
v  -1.6423 46.6189 4.8926
v  -1.5072 11.8900 -2.9757
v  -0.9018 9.6987 -1.0489
v  -0.0335 -4.0748 -0.1095
v  -0.4306 0.1359 -1.4893
v  -7.2967 111.6200 2.4312
v  -6.3481 104.0196 1.6135
v  -3.8801 103.8205 3.6114
v  -4.5155 111.2970 4.6601
v  5.4924 38.3955 0.3260
v  5.6383 55.1451 1.0518
v  2.5410 54.9615 1.6318
v  2.5650 37.7071 0.8707
v  -0.3928 54.8697 1.5678
v  -0.1851 37.3629 0.8102
v  -5.4515 55.1450 -1.7797
v  -3.0025 54.9615 0.2164
v  -2.6327 37.7071 -0.4564
v  -4.9509 38.3955 -2.3405
v  2.0730 0.4977 -0.0319
v  4.5327 19.8865 -0.1902
v  2.1167 17.6835 0.2560
v  0.6918 -3.7246 0.2958
v  0.0275 16.5821 0.2181
v  0.1430 -5.8358 0.3661
v  -3.7673 19.8865 -2.3095
v  -1.8366 17.6835 -0.7534
v  -0.3420 -3.7246 0.0318
v  -1.4671 0.4977 -0.9358
v  -1.8719 111.6200 -5.1488
v  -1.1713 104.0196 -4.3009
v  -3.1091 103.8205 -3.5634
v  -4.0352 111.2970 -4.3097
v  -0.5177 38.3955 3.1462
v  -1.2210 55.1451 2.9393
v  -1.6033 54.9615 0.9148
v  -0.8735 37.7071 1.2364
v  -1.4065 54.8697 -0.7845
v  -0.6871 37.3629 -0.3550
v  1.8839 55.1450 -2.5624
v  -0.0513 54.9615 -1.8353
v  0.5817 37.7071 -1.3422
v  2.4062 38.3955 -2.0348
v  0.3403 0.4977 1.6311
v  0.1132 19.8865 2.8799
v  -0.1584 17.6835 1.3235
v  0.1858 -3.7246 0.7814
v  -0.0140 16.5821 0.1218
v  0.1906 -5.8358 0.4766
v  2.4370 19.8865 -1.2378
v  0.9484 17.6835 -0.6377
v  0.4753 -3.7246 0.2685
v  1.3315 0.4977 -0.1252
v  10.3618 44.9999 -2.6954
v  10.7930 44.5283 -1.3944
v  12.7923 46.3103 -1.6082
v  12.3743 46.8987 -3.0725
v  0.4189 20.5814 -1.8482
v  1.6145 28.0512 -2.1500
v  2.1015 27.8219 -1.0412
v  0.8636 19.9091 -0.8496
v  2.3799 27.6931 0.0885
v  1.1138 19.5638 0.1446
v  1.9038 27.9373 2.4894
v  2.2455 27.7650 1.2725
v  0.9950 19.8724 1.1826
v  0.6858 20.5080 2.2701
v  -0.2728 0.2371 -0.4620
v  -0.1998 10.9498 -1.3059
v  0.1522 8.7824 -0.4647
v  0.0105 -3.9514 0.1768
v  0.3287 7.6908 0.2578
v  0.0998 -6.0540 0.4470
v  0.0086 10.8869 1.8652
v  0.2475 8.7509 0.9912
v  0.0428 -3.9849 0.6613
v  -0.1602 0.1700 1.2245
v  9.8907 73.5506 4.0204
v  11.8251 74.1215 -0.1975
v  7.3693 73.2651 7.6303
v  3.6738 73.5506 10.0246
v  -0.6088 74.1215 11.8111
v  -4.3215 74.0019 -5.9851
v  -8.6430 74.4751 -4.2650
v  0.0000 73.7654 -6.8451
v  4.3215 74.0019 -5.9851
v  8.6431 74.4751 -4.2650
v  4.3421 117.6240 -6.7349
v  0.7994 118.1564 -9.8677
v  7.0048 117.3578 -3.2001
v  7.9072 117.6240 1.1388
v  7.9296 118.1564 5.8798
v  -10.8663 63.6264 4.1062
v  -11.9536 66.2793 4.4653
v  -12.9344 65.9412 1.1738
v  -10.3939 66.9161 7.6478
v  -9.3848 64.1808 7.0872
v  -12.7575 66.2006 -2.3354
v  -12.0016 66.7588 -5.9536
v  3.2965 63.9746 -9.2258
v  3.7226 66.6638 -10.1931
v  6.8046 66.3457 -8.6734
v  0.3195 67.2607 -11.2075
v  0.0957 64.4910 -10.1620
v  9.2445 66.5852 -6.1430
v  11.3633 67.1034 -3.1072
v  7.9094 52.4447 9.3223
v  8.5875 54.5354 10.1399
v  6.4260 54.2311 11.8949
v  10.4930 55.1119 8.0007
v  9.6868 52.9518 7.3013
v  3.7530 54.4715 12.8812
v  0.8241 54.9843 13.4832
v  -2.8651 34.3984 7.5020
v  -3.1061 35.6349 8.1268
v  -4.6603 35.4451 7.5190
v  -1.4302 35.9952 8.4909
v  -1.2883 34.7164 7.8336
v  -5.9708 35.5966 6.4238
v  -7.1597 35.9187 5.0849
v  -4.9743 73.5506 9.4470
v  -0.9673 74.1215 11.7871
v  -8.3186 73.2651 6.5826
v  -10.3376 73.5506 2.6693
v  -11.6938 74.1215 -1.7683
v  2.5434 117.6240 7.5989
v  7.2032 118.1564 6.7915
v  -1.8801 117.3578 7.4681
v  -5.8312 117.6240 5.4606
v  -9.5460 118.1564 2.5149
v  -7.0476 117.6240 -1.2123
v  -6.5314 118.1564 1.8105
v  -6.7194 117.3578 -3.7623
v  -4.7028 117.6240 -5.3670
v  -1.8420 118.1564 -6.4990
v  16.2611 48.5176 -2.7240
v  18.0560 49.3278 -2.9603
v  18.3605 48.6596 -0.2900
v  17.5505 50.5024 -5.5675
v  15.7191 49.5856 -5.1670
v  18.2630 49.0040 2.5064
v  17.9647 49.8548 5.3660
v  -8.7834 61.3256 5.7334
v  -9.9829 60.9135 3.3505
v  0.7323 61.6119 -8.8766
v  3.3006 61.2307 -8.1385
v  8.4125 50.6784 7.1510
v  6.9973 50.2975 8.7793
v  -1.5705 33.3658 7.0942
v  -2.8361 33.1259 6.8362
v  14.0769 48.4058 -4.1158
v  14.5608 47.5759 -2.1623
# 1045 vertices

vn -0.5513 0.6085 -0.5708
vn -0.5635 0.5848 -0.5835
vn -0.7145 0.5807 -0.3903
vn -0.6967 0.6085 -0.3800
vn -0.7504 0.5786 -0.3196
vn -0.7279 0.6140 -0.3052
vn -0.7607 0.5614 -0.3258
vn -0.7244 0.5648 -0.3953
vn -0.5710 0.5695 -0.5912
vn -0.4765 0.7277 -0.4934
vn -0.5058 0.6855 -0.5237
vn -0.6522 0.6777 -0.3395
vn -0.6214 0.7167 -0.3167
vn -0.6856 0.6736 -0.2759
vn -0.6578 0.7087 -0.2551
vn -0.6993 0.6552 -0.2860
vn -0.6695 0.6543 -0.3517
vn -0.5251 0.6547 -0.5437
vn -0.2321 0.7087 -0.6663
vn -0.2519 0.6736 -0.6948
vn -0.3166 0.6777 -0.6636
vn -0.2949 0.7167 -0.6320
vn -0.3282 0.6543 -0.6813
vn -0.2615 0.6552 -0.7088
vn -0.4190 0.7977 -0.4338
vn -0.4490 0.7631 -0.4649
vn -0.5920 0.7509 -0.2927
vn -0.5607 0.7843 -0.2656
vn -0.6286 0.7421 -0.2328
vn -0.5974 0.7746 -0.2076
vn -0.1867 0.7746 -0.6042
vn -0.2108 0.7421 -0.6363
vn -0.2719 0.7509 -0.6018
vn -0.2460 0.7843 -0.5696
vn -0.3503 0.8636 -0.3627
vn -0.3847 0.8327 -0.3983
vn -0.5252 0.8181 -0.2343
vn -0.4899 0.8479 -0.2024
vn -0.5622 0.8076 -0.1781
vn -0.5274 0.8367 -0.1478
vn -0.1294 0.8367 -0.5322
vn -0.1584 0.8076 -0.5681
vn -0.2159 0.8181 -0.5330
vn -0.1852 0.8479 -0.4967
vn -0.4632 0.8682 -0.1780
vn -0.3242 0.8845 -0.3356
vn -0.4544 0.8745 -0.1695
vn -0.3154 0.8910 -0.3265
vn -0.4923 0.8626 -0.1164
vn -0.5011 0.8564 -0.1244
vn -0.1618 0.8682 -0.4691
vn -0.1069 0.8564 -0.5051
vn -0.0992 0.8626 -0.4961
vn -0.1535 0.8745 -0.4601
vn -0.5793 0.5519 -0.5998
vn -0.5848 0.5399 -0.6054
vn -0.7403 0.5389 -0.4020
vn -0.7331 0.5489 -0.4015
vn -0.7751 0.5389 -0.3298
vn -0.7691 0.5469 -0.3309
vn -0.7905 0.5209 -0.3222
vn -0.7592 0.5153 -0.3977
vn -0.5970 0.5115 -0.6180
vn -0.6131 0.4704 -0.6347
vn -0.7875 0.4864 -0.3786
vn -0.8096 0.5012 -0.3054
vn -0.8320 0.4812 -0.2762
vn -0.7666 0.4607 -0.4472
vn -0.6179 0.4581 -0.6390
vn -0.5761 0.5589 -0.5965
vn -0.3737 0.5547 -0.7434
vn -0.3760 0.5483 -0.7470
vn -0.3023 0.5520 -0.7771
vn -0.3041 0.5461 -0.7805
vn -0.2992 0.5612 -0.7717
vn -0.3700 0.5646 -0.7378
vn 0.0000 0.5736 0.8192
vn 0.0000 0.5488 0.8360
vn 0.2474 0.5462 0.8003
vn 0.2415 0.5752 0.7816
vn 0.3236 0.5452 0.7733
vn 0.3170 0.5822 0.7487
vn 0.3273 0.5259 0.7851
vn 0.2515 0.5281 0.8110
vn 0.0000 0.5314 0.8471
vn 0.0000 0.6986 0.7155
vn 0.0000 0.6542 0.7563
vn 0.2371 0.6477 0.7240
vn 0.2303 0.6886 0.6876
vn 0.3063 0.6446 0.7005
vn 0.3003 0.6814 0.6675
vn 0.3093 0.6252 0.7166
vn 0.2413 0.6232 0.7439
vn 0.0000 0.6219 0.7831
vn -0.3003 0.6814 0.6675
vn -0.3063 0.6446 0.7005
vn -0.2371 0.6477 0.7240
vn -0.2303 0.6886 0.6876
vn -0.2413 0.6232 0.7439
vn -0.3093 0.6252 0.7166
vn 0.0000 0.7725 0.6350
vn 0.0000 0.7360 0.6770
vn 0.2257 0.7247 0.6511
vn 0.2216 0.7600 0.6110
vn 0.2944 0.7165 0.6324
vn 0.2891 0.7510 0.5937
vn -0.2891 0.7510 0.5937
vn -0.2944 0.7165 0.6324
vn -0.2257 0.7247 0.6511
vn -0.2216 0.7600 0.6110
vn 0.0000 0.8428 0.5382
vn 0.0000 0.8098 0.5867
vn 0.2175 0.7960 0.5649
vn 0.2140 0.8279 0.5184
vn 0.2839 0.7860 0.5492
vn 0.2795 0.8171 0.5042
vn -0.2795 0.8171 0.5042
vn -0.2839 0.7860 0.5492
vn -0.2175 0.7960 0.5649
vn -0.2140 0.8279 0.5184
vn 0.2115 0.8497 0.4830
vn -0.0000 0.8653 0.5012
vn 0.2111 0.8565 0.4710
vn -0.0000 0.8725 0.4887
vn 0.2757 0.8450 0.4581
vn 0.2766 0.8383 0.4698
vn -0.2115 0.8497 0.4830
vn -0.2766 0.8383 0.4698
vn -0.2757 0.8450 0.4581
vn -0.2111 0.8565 0.4710
vn 0.0000 0.5140 0.8578
vn 0.0000 0.5077 0.8615
vn 0.2563 0.5076 0.8226
vn 0.2536 0.5124 0.8204
vn 0.3327 0.5081 0.7945
vn 0.3299 0.5115 0.7934
vn 0.3421 0.4990 0.7962
vn 0.2659 0.4952 0.8271
vn 0.0000 0.4921 0.8705
vn 0.0000 0.4706 0.8823
vn 0.2852 0.4807 0.8292
vn 0.3566 0.4895 0.7958
vn 0.3773 0.4805 0.7917
vn 0.2192 0.4657 0.8573
vn 0.0003 0.4643 0.8857
vn 0.0000 0.5195 0.8545
vn -0.2530 0.5170 0.8177
vn -0.2536 0.5121 0.8206
vn -0.3292 0.5155 0.7911
vn -0.3300 0.5111 0.7937
vn -0.3273 0.5258 0.7851
vn -0.2515 0.5281 0.8111
vn -0.7462 0.5735 0.3380
vn -0.7641 0.5444 0.3461
vn -0.6097 0.5412 0.5792
vn -0.5936 0.5740 0.5641
vn -0.5457 0.5398 0.6410
vn -0.5253 0.5797 0.6229
vn -0.5592 0.5091 0.6543
vn -0.6229 0.5115 0.5920
vn -0.7808 0.5150 0.3537
vn -0.6518 0.6986 0.2952
vn -0.6889 0.6542 0.3121
vn -0.5440 0.6459 0.5357
vn -0.5142 0.6864 0.5142
vn -0.4871 0.6413 0.5928
vn -0.4604 0.6776 0.5735
vn -0.5000 0.6223 0.6022
vn -0.5602 0.6214 0.5478
vn -0.7133 0.6219 0.3231
vn -0.7352 0.6771 -0.0314
vn -0.7673 0.6408 -0.0240
vn -0.7617 0.6455 0.0561
vn -0.7260 0.6860 0.0479
vn -0.7814 0.6211 0.0603
vn -0.7828 0.6219 -0.0205
vn -0.5784 0.7725 0.2620
vn -0.6167 0.7360 0.2793
vn -0.4835 0.7222 0.4946
vn -0.4492 0.7572 0.4742
vn -0.4317 0.7123 0.5534
vn -0.3995 0.7463 0.5325
vn -0.6644 0.7457 -0.0501
vn -0.7013 0.7117 -0.0397
vn -0.6911 0.7218 0.0377
vn -0.6532 0.7567 0.0255
vn -0.4902 0.8428 0.2221
vn -0.5345 0.8098 0.2421
vn -0.4096 0.7929 0.4512
vn -0.3692 0.8245 0.4287
vn -0.3620 0.7808 0.5092
vn -0.3237 0.8114 0.4866
vn -0.5803 0.8108 -0.0767
vn -0.6224 0.7802 -0.0629
vn -0.6099 0.7924 0.0108
vn -0.5665 0.8240 -0.0047
vn -0.4451 0.8724 0.2019
vn -0.4565 0.8653 0.2068
vn -0.3384 0.8462 0.4117
vn -0.3276 0.8529 0.4065
vn -0.2942 0.8324 0.4697
vn -0.2842 0.8389 0.4641
vn -0.5334 0.8457 -0.0166
vn -0.5482 0.8317 -0.0878
vn -0.5373 0.8384 -0.0917
vn -0.5224 0.8525 -0.0210
vn -0.7920 0.4940 0.3588
vn -0.6316 0.4916 0.5995
vn -0.5667 0.4900 0.6624
vn -0.5696 0.4822 0.6656
vn -0.6350 0.4835 0.6025
vn -0.7964 0.4854 0.3608
vn -0.8558 0.5114 0.0782
vn -0.8672 0.4916 0.0799
vn -0.8717 0.4834 0.0805
vn -0.8761 0.4820 -0.0100
vn -0.8717 0.4899 -0.0101
vn -0.8607 0.5089 -0.0104
vn 0.7867 0.6097 -0.0966
vn 0.7748 0.6249 -0.0957
vn 0.7736 0.6208 0.1271
vn 0.7851 0.6057 0.1292
vn 0.7606 0.6186 0.1969
vn 0.7732 0.6024 0.1983
vn 0.7300 0.6553 0.1941
vn 0.7492 0.6506 0.1239
vn 0.7531 0.6512 -0.0935
vn 0.7317 0.6755 -0.0913
vn 0.7244 0.6778 0.1259
vn 0.7023 0.6854 0.1923
vn 0.6942 0.6937 0.1918
vn 0.7089 0.6934 0.1291
vn 0.7137 0.6947 -0.0894
vn 0.5660 0.7458 -0.3513
vn 0.5277 0.7775 -0.3420
vn 0.5518 0.7857 -0.2796
vn 0.5912 0.7534 -0.2878
vn 0.6001 0.7962 -0.0771
vn 0.6410 0.7632 -0.0815
vn 0.5558 0.8282 -0.0722
vn 0.5088 0.8170 -0.2714
vn 0.4858 0.8082 -0.3329
vn 0.6086 0.7832 0.1270
vn 0.6475 0.7515 0.1265
vn 0.6036 0.7744 0.1900
vn 0.6412 0.7433 0.1905
vn 0.5627 0.8044 0.1904
vn 0.5664 0.8141 0.1286
vn 0.4381 0.8389 -0.3231
vn 0.4599 0.8483 -0.2626
vn 0.5054 0.8603 -0.0666
vn 0.4550 0.8884 -0.0609
vn 0.4108 0.8756 -0.2542
vn 0.3902 0.8655 -0.3140
vn 0.5183 0.8452 0.1307
vn 0.5162 0.8348 0.1916
vn 0.4695 0.8614 0.1936
vn 0.4701 0.8724 0.1335
vn 0.3541 0.8832 -0.3075
vn 0.3737 0.8938 -0.2480
vn 0.4169 0.9072 -0.0567
vn 0.4034 0.9131 -0.0589
vn 0.3606 0.8992 -0.2478
vn 0.3421 0.8886 -0.3054
vn 0.4336 0.8908 0.1357
vn 0.4337 0.8796 0.1955
vn 0.4215 0.8853 0.1963
vn 0.4213 0.8968 0.1353
vn 0.7964 0.5968 -0.0979
vn 0.7402 0.5896 -0.3232
vn 0.7309 0.6025 -0.3207
vn 0.7095 0.5855 -0.3922
vn 0.7007 0.5978 -0.3894
vn 0.7188 0.5720 -0.3952
vn 0.7500 0.5757 -0.3257
vn 0.8069 0.5824 -0.0989
vn 0.7939 0.5941 0.1295
vn 0.8039 0.5804 0.1301
vn 0.7909 0.5783 0.2002
vn 0.7812 0.5917 0.1991
vn -0.4757 0.5874 0.6547
vn -0.4678 0.6050 0.6443
vn -0.6313 0.6016 0.4894
vn -0.6419 0.5838 0.4972
vn -0.6737 0.5999 0.4316
vn -0.6846 0.5808 0.4405
vn -0.6511 0.6376 0.4118
vn -0.6126 0.6322 0.4744
vn -0.4550 0.6320 0.6273
vn -0.4423 0.6570 0.6106
vn -0.5973 0.6602 0.4554
vn -0.6311 0.6685 0.3935
vn -0.6253 0.6771 0.3881
vn -0.5893 0.6762 0.4422
vn -0.4315 0.6768 0.5964
vn -0.1376 0.7310 0.6684
vn -0.1187 0.7638 0.6345
vn -0.1815 0.7716 0.6096
vn -0.2019 0.7382 0.6437
vn -0.3642 0.7816 0.5065
vn -0.3885 0.7474 0.5389
vn -0.3379 0.8147 0.4713
vn -0.1586 0.8040 0.5730
vn -0.0973 0.7956 0.5979
vn -0.5200 0.7689 0.3719
vn -0.5459 0.7361 0.4002
vn -0.5626 0.7603 0.3246
vn -0.5885 0.7282 0.3512
vn -0.5353 0.7915 0.2951
vn -0.4925 0.8009 0.3406
vn -0.0724 0.8275 0.5567
vn -0.1322 0.8366 0.5316
vn -0.3079 0.8481 0.4311
vn -0.2780 0.8775 0.3908
vn -0.1052 0.8652 0.4903
vn -0.0469 0.8554 0.5158
vn -0.4615 0.8332 0.3045
vn -0.5046 0.8230 0.2608
vn -0.4744 0.8509 0.2259
vn -0.4309 0.8617 0.2679
vn -0.0273 0.8740 0.4852
vn -0.0847 0.8843 0.4591
vn -0.2552 0.8973 0.3602
vn -0.2446 0.9035 0.3520
vn -0.0760 0.8900 0.4495
vn -0.0207 0.8797 0.4751
vn -0.4077 0.8810 0.2400
vn -0.4515 0.8699 0.1988
vn -0.4437 0.8759 0.1894
vn -0.3990 0.8873 0.2315
vn -0.4818 0.5733 0.6627
vn -0.2754 0.5679 0.7757
vn -0.2709 0.5814 0.7671
vn -0.2029 0.5647 0.8000
vn -0.1992 0.5775 0.7917
vn -0.2064 0.5522 0.8077
vn -0.2794 0.5551 0.7834
vn -0.4874 0.5600 0.6700
vn -0.6487 0.5706 0.5036
vn -0.6551 0.5578 0.5095
vn -0.6980 0.5560 0.4513
vn -0.6914 0.5685 0.4459
vn -0.3731 0.6632 -0.6489
vn -0.3741 0.6611 -0.6504
vn -0.1726 0.6558 -0.7349
vn -0.1709 0.6575 -0.7338
vn -0.1047 0.6527 -0.7504
vn -0.1046 0.6531 -0.7500
vn -0.0942 0.6875 -0.7201
vn -0.1652 0.6841 -0.7104
vn -0.3631 0.6860 -0.6305
vn -0.3523 0.7090 -0.6109
vn -0.1531 0.7099 -0.6875
vn -0.0843 0.7160 -0.6930
vn -0.0814 0.7238 -0.6851
vn -0.1438 0.7245 -0.6741
vn -0.3433 0.7272 -0.5944
vn -0.5240 0.7725 -0.3587
vn -0.5004 0.8022 -0.3258
vn -0.4523 0.8111 -0.3710
vn -0.4755 0.7808 -0.4053
vn -0.2862 0.8225 -0.4916
vn -0.3067 0.7916 -0.5285
vn -0.2639 0.8522 -0.4518
vn -0.4278 0.8401 -0.3335
vn -0.4754 0.8307 -0.2896
vn -0.1044 0.8090 -0.5785
vn -0.1208 0.7792 -0.6150
vn -0.0456 0.7996 -0.5988
vn -0.0606 0.7705 -0.6345
vn -0.0285 0.8276 -0.5606
vn -0.0858 0.8377 -0.5394
vn -0.4477 0.8590 -0.2483
vn -0.4004 0.8690 -0.2907
vn -0.2387 0.8819 -0.4066
vn -0.2135 0.9076 -0.3616
vn -0.3735 0.8939 -0.2478
vn -0.4206 0.8834 -0.2067
vn -0.0644 0.8664 -0.4952
vn -0.0085 0.8557 -0.5174
vn 0.0122 0.8801 -0.4745
vn -0.0424 0.8914 -0.4512
vn -0.4005 0.8994 -0.1754
vn -0.3532 0.9104 -0.2154
vn -0.1945 0.9246 -0.3275
vn -0.1911 0.9299 -0.3142
vn -0.3479 0.9152 -0.2033
vn -0.3940 0.9042 -0.1649
vn -0.0258 0.9081 -0.4180
vn 0.0284 0.8966 -0.4419
vn 0.0341 0.9018 -0.4308
vn -0.0212 0.9135 -0.4063
vn -0.3781 0.6515 -0.6577
vn -0.5589 0.6434 -0.5232
vn -0.5529 0.6547 -0.5154
vn -0.6090 0.6388 -0.4701
vn -0.6036 0.6489 -0.4632
vn -0.6254 0.6074 -0.4897
vn -0.5744 0.6117 -0.5440
vn -0.3910 0.6187 -0.6814
vn -0.1742 0.6467 -0.7425
vn -0.1834 0.6148 -0.7671
vn -0.1152 0.6118 -0.7825
vn -0.1074 0.6435 -0.7578
vn 0.3528 0.7169 -0.6013
vn 0.3726 0.6757 -0.6361
vn 0.5448 0.6700 -0.5044
vn 0.5199 0.7127 -0.4710
vn 0.5917 0.6664 -0.4536
vn 0.5652 0.7080 -0.4233
vn 0.5704 0.7005 -0.4290
vn 0.5271 0.6976 -0.4854
vn 0.3605 0.7001 -0.6164
vn 0.3487 0.7225 -0.5970
vn 0.5130 0.7227 -0.4631
vn 0.5517 0.7283 -0.4065
vn 0.5463 0.7359 -0.3999
vn 0.5059 0.7370 -0.4482
vn 0.3387 0.7403 -0.5808
vn 0.0459 0.7832 -0.6201
vn 0.0286 0.8120 -0.5830
vn 0.0912 0.8211 -0.5634
vn 0.1098 0.7918 -0.6009
vn 0.2771 0.8329 -0.4790
vn 0.2992 0.8030 -0.5155
vn 0.2533 0.8617 -0.4396
vn 0.0704 0.8492 -0.5233
vn 0.0092 0.8396 -0.5431
vn 0.4421 0.8192 -0.3653
vn 0.4658 0.7903 -0.3981
vn 0.4888 0.8097 -0.3248
vn 0.5124 0.7814 -0.3560
vn 0.4640 0.8368 -0.2906
vn 0.4172 0.8470 -0.3294
vn -0.0133 0.8669 -0.4982
vn 0.0466 0.8771 -0.4780
vn 0.2264 0.8904 -0.3950
vn 0.1996 0.9151 -0.3504
vn 0.0224 0.9011 -0.4331
vn -0.0362 0.8903 -0.4539
vn 0.3893 0.8748 -0.2884
vn 0.4363 0.8640 -0.2514
vn 0.4093 0.8875 -0.2118
vn 0.3620 0.8988 -0.2472
vn -0.0537 0.9056 -0.4207
vn 0.0042 0.9168 -0.3992
vn 0.1794 0.9314 -0.3168
vn 0.1695 0.9364 -0.3073
vn -0.0038 0.9214 -0.3886
vn -0.0596 0.9102 -0.4098
vn 0.3414 0.9148 -0.2160
vn 0.3890 0.9032 -0.1813
vn 0.3821 0.9082 -0.1708
vn 0.3334 0.9200 -0.2062
vn 0.3591 0.7000 -0.6173
vn 0.1578 0.6886 -0.7078
vn 0.1544 0.7059 -0.6913
vn 0.0890 0.6844 -0.7236
vn 0.0851 0.6993 -0.7097
vn 0.1134 0.6047 -0.7883
vn 0.1865 0.6090 -0.7710
vn 0.3985 0.6168 -0.6788
vn 0.5302 0.6969 -0.4828
vn 0.5767 0.6138 -0.5391
vn 0.6239 0.6114 -0.4869
vn 0.5733 0.6969 -0.4309
vn 0.6223 0.6085 -0.4924
vn 0.6361 0.5848 -0.5034
vn 0.4587 0.5807 -0.6726
vn 0.4467 0.6085 -0.6559
vn 0.3919 0.5786 -0.7153
vn 0.3754 0.6140 -0.6943
vn 0.3991 0.5614 -0.7250
vn 0.4647 0.5648 -0.6819
vn 0.6445 0.5698 -0.5099
vn 0.5379 0.7277 -0.4256
vn 0.5710 0.6855 -0.4518
vn 0.4021 0.6777 -0.6156
vn 0.3764 0.7167 -0.5872
vn 0.3420 0.6736 -0.6552
vn 0.3186 0.7087 -0.6295
vn 0.3534 0.6552 -0.6677
vn 0.4159 0.6543 -0.6316
vn 0.5928 0.6547 -0.4691
vn 0.6859 0.7087 -0.1654
vn 0.7162 0.6736 -0.1823
vn 0.6916 0.6777 -0.2498
vn 0.6580 0.7167 -0.2313
vn 0.7103 0.6543 -0.2596
vn 0.7311 0.6552 -0.1905
vn 0.4730 0.7977 -0.3742
vn 0.5068 0.7631 -0.4010
vn 0.3495 0.7509 -0.5603
vn 0.3195 0.7843 -0.5318
vn 0.2935 0.7421 -0.6027
vn 0.2654 0.7746 -0.5741
vn 0.6197 0.7746 -0.1263
vn 0.6540 0.7421 -0.1471
vn 0.6257 0.7509 -0.2113
vn 0.5910 0.7843 -0.1887
vn 0.3954 0.8636 -0.3129
vn 0.4343 0.8327 -0.3436
vn 0.2849 0.8181 -0.4996
vn 0.2496 0.8479 -0.4676
vn 0.2326 0.8076 -0.5420
vn 0.1990 0.8367 -0.5103
vn 0.5424 0.8367 -0.0764
vn 0.5809 0.8076 -0.1018
vn 0.5517 0.8181 -0.1624
vn 0.5125 0.8479 -0.1354
vn 0.2228 0.8682 -0.4434
vn 0.3659 0.8845 -0.2896
vn 0.2134 0.8745 -0.4355
vn 0.3560 0.8910 -0.2817
vn 0.1643 0.8626 -0.4785
vn 0.1732 0.8564 -0.4864
vn 0.4827 0.8682 -0.1149
vn 0.5132 0.8564 -0.0567
vn 0.5034 0.8626 -0.0499
vn 0.4729 0.8745 -0.1075
vn 0.6535 0.5529 -0.5170
vn 0.6593 0.5415 -0.5216
vn 0.4729 0.5391 -0.6970
vn 0.4717 0.5490 -0.6900
vn 0.4046 0.5386 -0.7391
vn 0.4051 0.5467 -0.7328
vn 0.3985 0.5203 -0.7554
vn 0.4705 0.5154 -0.7162
vn 0.6727 0.5141 -0.5321
vn 0.6902 0.4749 -0.5460
vn 0.4544 0.4860 -0.7465
vn 0.3837 0.5001 -0.7763
vn 0.3569 0.4793 -0.8018
vn 0.5204 0.4618 -0.7183
vn 0.6956 0.4632 -0.5491
vn 0.6499 0.5596 -0.5143
vn 0.7759 0.5559 -0.2984
vn 0.7793 0.5501 -0.3002
vn 0.8023 0.5533 -0.2240
vn 0.8055 0.5481 -0.2255
vn 0.7971 0.5618 -0.2217
vn 0.7703 0.5651 -0.2954
vn 0.2025 0.5735 -0.7937
vn 0.2074 0.5444 -0.8128
vn -0.0710 0.5412 -0.8379
vn -0.0693 0.5740 -0.8159
vn -0.1593 0.5398 -0.8266
vn -0.1580 0.5797 -0.7994
vn -0.1613 0.5091 -0.8455
vn -0.0728 0.5115 -0.8562
vn 0.2119 0.5150 -0.8306
vn 0.1769 0.6986 -0.6933
vn 0.1870 0.6542 -0.7329
vn -0.0781 0.6459 -0.7595
vn -0.0800 0.6864 -0.7228
vn -0.1583 0.6413 -0.7508
vn -0.1599 0.6776 -0.7178
vn -0.1576 0.6223 -0.7667
vn -0.0775 0.6214 -0.7796
vn 0.1936 0.6219 -0.7588
vn 0.4840 0.6771 -0.5543
vn 0.4983 0.6408 -0.5839
vn 0.4323 0.6455 -0.6297
vn 0.4164 0.6860 -0.5967
vn 0.4414 0.6211 -0.6476
vn 0.5053 0.6219 -0.5982
vn 0.1570 0.7725 -0.6153
vn 0.1674 0.7360 -0.6560
vn -0.0839 0.7222 -0.6866
vn -0.0894 0.7572 -0.6470
vn -0.1622 0.7123 -0.6829
vn -0.1660 0.7463 -0.6446
vn 0.4544 0.7457 -0.4874
vn 0.4694 0.7117 -0.5226
vn 0.4025 0.7218 -0.5631
vn 0.3884 0.7567 -0.5258
vn 0.1331 0.8428 -0.5215
vn 0.1451 0.8098 -0.5685
vn -0.0962 0.7929 -0.6017
vn -0.1039 0.8245 -0.5562
vn -0.1712 0.7808 -0.6009
vn -0.1775 0.8114 -0.5568
vn 0.4226 0.8108 -0.4050
vn 0.4381 0.7802 -0.4466
vn 0.3728 0.7924 -0.4829
vn 0.3577 0.8240 -0.4393
vn 0.1206 0.8724 -0.4736
vn 0.1239 0.8653 -0.4856
vn -0.1098 0.8462 -0.5215
vn -0.1125 0.8529 -0.5098
vn -0.1828 0.8324 -0.5232
vn -0.1847 0.8389 -0.5119
vn 0.3463 0.8457 -0.4061
vn 0.4111 0.8317 -0.3730
vn 0.4074 0.8384 -0.3622
vn 0.3429 0.8525 -0.3946
vn 0.2150 0.4940 -0.8424
vn -0.0732 0.4916 -0.8677
vn -0.1629 0.4900 -0.8564
vn -0.1636 0.4820 -0.8607
vn -0.0734 0.4834 -0.8723
vn 0.2162 0.4854 -0.8472
vn 0.4738 0.5114 -0.7169
vn 0.4797 0.4916 -0.7268
vn 0.4821 0.4833 -0.7308
vn 0.5554 0.4820 -0.6776
vn 0.5527 0.4899 -0.6742
vn 0.5461 0.5089 -0.6654
vn 0.7136 0.5735 0.4023
vn 0.7307 0.5444 0.4119
vn 0.8459 0.5323 -0.0350
vn 0.8262 0.5622 -0.0356
vn 0.8348 0.5257 -0.1636
vn 0.8125 0.5593 -0.1642
vn 0.8505 0.4997 -0.1645
vn 0.8622 0.5054 -0.0351
vn 0.7467 0.5150 0.4209
vn 0.6233 0.6986 0.3514
vn 0.6589 0.6541 0.3714
vn 0.7768 0.6277 -0.0506
vn 0.7446 0.6651 -0.0576
vn 0.7718 0.6130 -0.1690
vn 0.7444 0.6447 -0.1741
vn 0.7849 0.5968 -0.1666
vn 0.7950 0.6049 -0.0464
vn 0.6822 0.6219 0.3846
vn 0.2381 0.6441 0.7269
vn 0.2567 0.6125 0.7477
vn 0.3598 0.6272 0.6908
vn 0.3372 0.6645 0.6669
vn 0.3727 0.6044 0.7041
vn 0.2654 0.5964 0.7576
vn 0.5531 0.7725 0.3118
vn 0.5897 0.7360 0.3324
vn 0.7129 0.6981 -0.0665
vn 0.6787 0.7303 -0.0782
vn 0.7155 0.6749 -0.1804
vn 0.6840 0.7046 -0.1890
vn 0.1943 0.7039 0.6832
vn 0.2178 0.6743 0.7056
vn 0.3133 0.6975 0.6445
vn 0.2856 0.7296 0.6213
vn 0.4688 0.8428 0.2643
vn 0.5111 0.8098 0.2881
vn 0.6395 0.7632 -0.0923
vn 0.6003 0.7925 -0.1077
vn 0.6481 0.7348 -0.2001
vn 0.6121 0.7617 -0.2127
vn 0.1369 0.7610 0.6342
vn 0.1662 0.7341 0.6584
vn 0.2534 0.7625 0.5952
vn 0.2200 0.7918 0.5698
vn 0.5705 0.8126 -0.1193
vn 0.4366 0.8653 0.2461
vn 0.5607 0.8186 -0.1245
vn 0.4259 0.8724 0.2396
vn 0.5755 0.7858 -0.2266
vn 0.5847 0.7800 -0.2229
vn 0.1947 0.8119 0.5503
vn 0.1140 0.7794 0.6161
vn 0.1061 0.7851 0.6102
vn 0.1854 0.8181 0.5444
vn 0.7574 0.4940 0.4269
vn 0.8725 0.4874 -0.0344
vn 0.8596 0.4834 -0.1657
vn 0.8632 0.4767 -0.1663
vn 0.8766 0.4800 -0.0342
vn 0.7616 0.4855 0.4293
vn 0.4171 0.5052 0.7555
vn 0.4230 0.4872 0.7640
vn 0.4253 0.4800 0.7673
vn 0.3062 0.4767 0.8240
vn 0.3048 0.4833 0.8207
vn 0.3011 0.4995 0.8123
vn -0.5711 0.8192 0.0516
vn -0.5071 0.8603 0.0510
vn -0.4989 0.8531 -0.1529
vn -0.5623 0.8119 -0.1567
vn -0.4856 0.8471 -0.2160
vn -0.5511 0.8050 -0.2196
vn -0.3744 0.9029 -0.2111
vn -0.4003 0.9044 -0.1476
vn -0.4115 0.9100 0.0498
vn -0.3240 0.9448 0.0486
vn -0.3086 0.9397 -0.1477
vn -0.2779 0.9381 -0.2069
vn -0.2502 0.9461 -0.2056
vn -0.2626 0.9532 -0.1497
vn -0.2731 0.9608 0.0478
vn -0.0355 0.9564 0.2898
vn 0.0983 0.9564 0.2752
vn 0.1026 0.9703 0.2189
vn -0.0354 0.9722 0.2316
vn 0.0978 0.9944 0.0405
vn -0.0451 0.9980 0.0438
vn 0.2446 0.9689 0.0368
vn 0.2451 0.9479 0.2037
vn 0.2356 0.9372 0.2573
vn 0.0845 0.9871 -0.1363
vn -0.0550 0.9883 -0.1426
vn 0.0733 0.9789 -0.1909
vn -0.0628 0.9779 -0.1993
vn 0.2120 0.9605 -0.1804
vn 0.2287 0.9650 -0.1285
vn 0.3815 0.8948 0.2319
vn 0.3930 0.9013 0.1821
vn 0.3949 0.9182 0.0317
vn 0.5235 0.8516 0.0263
vn 0.5213 0.8387 0.1574
vn 0.5100 0.8360 0.2023
vn 0.3789 0.9180 -0.1170
vn 0.3611 0.9178 -0.1651
vn 0.4930 0.8576 -0.1464
vn 0.5097 0.8541 -0.1033
vn 0.5997 0.7809 0.1749
vn 0.6055 0.7841 0.1360
vn 0.6062 0.7950 0.0227
vn 0.6304 0.7759 0.0234
vn 0.6309 0.7656 0.1257
vn 0.6295 0.7596 0.1634
vn 0.5961 0.7979 -0.0894
vn 0.5867 0.7998 -0.1271
vn 0.6188 0.7767 -0.1174
vn 0.6227 0.7784 -0.0796
vn -0.6482 0.7596 0.0530
vn -0.6109 0.7450 0.2680
vn -0.5387 0.8010 0.2610
vn -0.5857 0.7389 0.3333
vn -0.5192 0.7903 0.3254
vn -0.6705 0.6577 0.3434
vn -0.6977 0.6610 0.2763
vn -0.7396 0.6708 0.0547
vn -0.6366 0.7541 -0.1614
vn -0.7259 0.6673 -0.1665
vn -0.7089 0.6658 -0.2327
vn -0.6211 0.7506 -0.2255
vn -0.2797 0.6140 -0.7381
vn -0.2933 0.5786 -0.7610
vn -0.3652 0.5807 -0.7276
vn -0.3555 0.6085 -0.7095
vn -0.3029 0.5377 -0.7868
vn -0.3763 0.5380 -0.7543
vn -0.3714 0.5138 -0.7734
vn -0.2947 0.5190 -0.8024
vn -0.7659 0.5525 -0.3290
vn -0.7297 0.5551 -0.3992
vn -0.2772 0.4985 -0.8214
vn -0.3513 0.4836 -0.8017
vn -0.4206 0.4581 -0.7831
vn -0.2470 0.4771 -0.8434
vn -0.3170 0.5822 0.7487
vn -0.3236 0.5452 0.7733
vn -0.2474 0.5462 0.8003
vn -0.2415 0.5752 0.7816
vn -0.3328 0.5074 0.7948
vn -0.2564 0.5071 0.8229
vn -0.2660 0.4943 0.8276
vn -0.3424 0.4980 0.7968
vn 0.3292 0.5158 0.7909
vn 0.2529 0.5173 0.8176
vn -0.3571 0.4880 0.7965
vn -0.2856 0.4792 0.8299
vn -0.2196 0.4644 0.8580
vn -0.3782 0.4783 0.7926
vn -0.8149 0.5794 -0.0152
vn -0.8419 0.5396 -0.0118
vn -0.8375 0.5410 0.0767
vn -0.8156 0.5738 0.0746
vn -0.5658 0.4794 0.6709
vn -0.5694 0.4802 0.6672
vn -0.6353 0.4809 0.6043
vn -0.6325 0.4783 0.6092
vn -0.7981 0.4819 0.3616
vn -0.8007 0.4766 0.3629
vn -0.8775 0.4795 -0.0112
vn -0.8735 0.4803 0.0795
vn -0.8761 0.4764 0.0742
vn -0.8786 0.4773 -0.0167
vn -0.5481 0.4723 0.6904
vn -0.5587 0.4772 0.6784
vn -0.6251 0.4712 0.6222
vn -0.6813 0.4580 0.5710
vn -0.8081 0.4612 0.3663
vn -0.8105 0.4547 0.3693
vn -0.8807 0.4729 -0.0277
vn -0.8825 0.4665 0.0595
vn -0.8811 0.4532 0.1353
vn -0.8843 0.4648 -0.0448
vn 0.6869 0.6165 -0.3848
vn 0.7187 0.6193 -0.3161
vn 0.6948 0.6500 -0.3077
vn 0.6563 0.6546 -0.3752
vn 0.7228 0.5386 -0.4329
vn 0.7228 0.5599 -0.4050
vn 0.7565 0.5618 -0.3347
vn 0.7626 0.5337 -0.3655
vn 0.8175 0.5671 -0.1001
vn 0.8386 0.5350 -0.1023
vn 0.7969 0.5669 0.2088
vn 0.8121 0.5671 0.1374
vn 0.8252 0.5399 0.1661
vn 0.8035 0.5464 0.2361
vn 0.6833 0.4888 -0.5424
vn 0.7130 0.5152 -0.4755
vn 0.7540 0.5010 -0.4250
vn 0.7996 0.4771 -0.3647
vn 0.8650 0.4906 -0.1055
vn 0.8705 0.4814 -0.1024
vn 0.8041 0.5244 0.2801
vn 0.8303 0.5094 0.2261
vn 0.8600 0.4844 0.1608
vn 0.7906 0.5010 0.3521
vn -0.1932 0.5979 0.7779
vn -0.2660 0.6001 0.7543
vn -0.2564 0.6316 0.7316
vn -0.1800 0.6371 0.7495
vn -0.1859 0.5272 0.8291
vn -0.2026 0.5430 0.8149
vn -0.2775 0.5441 0.7918
vn -0.2621 0.5228 0.8112
vn -0.4924 0.5472 0.6768
vn -0.5022 0.5212 0.6900
vn -0.7068 0.5458 0.4500
vn -0.6642 0.5462 0.5104
vn -0.6888 0.5232 0.5018
vn -0.7273 0.5282 0.4382
vn -0.0998 0.4930 0.8643
vn -0.1553 0.5105 0.8457
vn -0.2221 0.4994 0.8374
vn -0.2967 0.4799 0.8256
vn -0.5147 0.4860 0.7063
vn -0.5161 0.4787 0.7102
vn -0.7547 0.5095 0.4133
vn -0.7292 0.4968 0.4706
vn -0.6973 0.4767 0.5353
vn -0.7930 0.4885 0.3639
vn -0.6029 0.6504 -0.4621
vn -0.5524 0.6542 -0.5165
vn -0.5351 0.6834 -0.4966
vn -0.5818 0.6865 -0.4361
vn -0.6803 0.5575 -0.4759
vn -0.6431 0.5880 -0.4906
vn -0.5926 0.5895 -0.5490
vn -0.6394 0.5483 -0.5391
vn -0.4002 0.5942 -0.6977
vn -0.4165 0.5460 -0.7269
vn -0.1068 0.5919 -0.7989
vn -0.1784 0.5923 -0.7857
vn -0.1456 0.5502 -0.8222
vn -0.0743 0.5602 -0.8250
vn -0.7936 0.4919 -0.3581
vn -0.7300 0.5246 -0.4381
vn -0.7077 0.5064 -0.4927
vn -0.6748 0.4760 -0.5639
vn -0.4339 0.4865 -0.7583
vn -0.4365 0.4766 -0.7631
vn -0.0155 0.5265 -0.8500
vn -0.0687 0.5068 -0.8593
vn -0.1431 0.4756 -0.8679
vn 0.0890 0.4921 -0.8660
vn 0.0980 0.6640 -0.7413
vn 0.1697 0.6683 -0.7243
vn 0.1606 0.6968 -0.6991
vn 0.0854 0.6994 -0.7097
vn 0.0593 0.5421 -0.8382
vn 0.0995 0.5777 -0.8102
vn 0.1775 0.5782 -0.7964
vn 0.1276 0.5280 -0.8396
vn 0.4114 0.5834 -0.7003
vn 0.4318 0.5245 -0.7338
vn 0.6502 0.5845 -0.4853
vn 0.6036 0.5834 -0.5434
vn 0.6663 0.5340 -0.5205
vn 0.6953 0.5493 -0.4635
vn -0.1501 0.4745 -0.8674
vn -0.0207 0.5041 -0.8634
vn 0.0341 0.4884 -0.8719
vn 0.1198 0.4644 -0.8775
vn 0.4469 0.4736 -0.7589
vn 0.4515 0.4691 -0.7590
vn 0.7565 0.5128 -0.4060
vn 0.7405 0.4965 -0.4529
vn 0.7062 0.4714 -0.5282
vn 0.8234 0.4860 -0.2930
vn 0.7620 0.6140 -0.2057
vn 0.7862 0.5786 -0.2170
vn 0.7600 0.5807 -0.2918
vn 0.7410 0.6085 -0.2839
vn 0.8109 0.5408 -0.2235
vn 0.7860 0.5408 -0.2995
vn 0.8035 0.5184 -0.2927
vn 0.8245 0.5239 -0.2139
vn 0.4028 0.5524 -0.7298
vn 0.4691 0.5552 -0.6868
vn 0.8405 0.5055 -0.1950
vn 0.8280 0.4914 -0.2702
vn 0.8160 0.4668 -0.3409
vn 0.8578 0.4872 -0.1636
vn 0.5212 0.5794 -0.6266
vn 0.5354 0.5396 -0.6498
vn 0.4636 0.5410 -0.7017
vn 0.4516 0.5738 -0.6833
vn -0.1710 0.4757 -0.8628
vn -0.1651 0.4791 -0.8621
vn -0.0748 0.4798 -0.8742
vn -0.0808 0.4744 -0.8766
vn 0.2168 0.4812 -0.8494
vn 0.2178 0.4738 -0.8533
vn 0.5573 0.4793 -0.6780
vn 0.4841 0.4800 -0.7316
vn 0.4903 0.4752 -0.7306
vn 0.5624 0.4767 -0.6756
vn -0.2017 0.4592 -0.8651
vn -0.1830 0.4696 -0.8637
vn -0.0975 0.4616 -0.8817
vn -0.0225 0.4455 -0.8950
vn 0.2204 0.4538 -0.8634
vn 0.2226 0.4454 -0.8672
vn 0.5726 0.4717 -0.6705
vn 0.5066 0.4640 -0.7267
vn 0.4475 0.4480 -0.7740
vn 0.5887 0.4630 -0.6627
vn 0.2818 0.5590 0.7799
vn 0.2938 0.5254 0.7985
vn 0.4088 0.5320 0.7415
vn 0.3981 0.5619 0.7251
vn 0.8634 0.4734 -0.1744
vn 0.8639 0.4748 -0.1679
vn 0.8779 0.4774 -0.0357
vn 0.8792 0.4745 -0.0432
vn 0.7631 0.4823 0.4302
vn 0.7651 0.4780 0.4315
vn 0.3051 0.4753 0.8252
vn 0.4246 0.4779 0.7690
vn 0.4187 0.4765 0.7731
vn 0.2994 0.4754 0.8272
vn 0.8607 0.4642 -0.2091
vn 0.8623 0.4706 -0.1869
vn 0.8820 0.4671 -0.0630
vn 0.8884 0.4564 0.0494
vn 0.7717 0.4641 0.4348
vn 0.7708 0.4598 0.4409
vn 0.2888 0.4749 0.8313
vn 0.4037 0.4722 0.7836
vn 0.5022 0.4620 0.7310
vn 0.2705 0.4721 0.8390
vn -0.4548 0.8309 0.3206
vn -0.4766 0.8410 0.2561
vn -0.3791 0.8915 0.2482
vn -0.3449 0.8851 0.3125
vn -0.7448 0.5356 0.3980
vn -0.7209 0.5894 0.3646
vn -0.7526 0.5888 0.2948
vn -0.7853 0.5242 0.3295
vn -0.8031 0.5932 0.0568
vn -0.8522 0.5199 0.0589
vn -0.7646 0.5934 -0.2517
vn -0.7851 0.5920 -0.1819
vn -0.8243 0.5238 -0.2149
vn -0.7948 0.5359 -0.2849
vn -0.7391 0.4768 0.4758
vn -0.7502 0.4987 0.4342
vn -0.7923 0.4850 0.3701
vn -0.8336 0.4644 0.2989
vn -0.8812 0.4689 0.0600
vn -0.8846 0.4622 0.0626
vn -0.8064 0.4958 -0.3225
vn -0.8382 0.4806 -0.2577
vn -0.8686 0.4598 -0.1848
vn -0.8018 0.4697 -0.3694
vn -0.6792 0.6377 -0.3635
vn -0.7058 0.6461 -0.2905
vn -0.5371 0.6342 -0.5561
vn -0.3397 0.6377 -0.6914
vn -0.2657 0.6461 -0.7155
vn 0.2401 0.6057 0.7586
vn 0.3110 0.6157 0.7240
vn 0.0000 0.6005 0.7997
vn -0.2401 0.6057 0.7586
vn -0.3110 0.6157 0.7240
vn -0.5737 0.6042 0.5530
vn -0.5060 0.6127 0.6071
vn -0.7284 0.6004 0.3300
vn -0.7943 0.6039 0.0670
vn -0.7904 0.6123 -0.0192
vn 0.6526 0.6941 -0.3040
vn 0.6308 0.7164 -0.2980
vn 0.6847 0.7237 -0.0862
vn 0.6024 0.7122 -0.3603
vn 0.6204 0.6942 -0.3648
vn 0.6871 0.7152 0.1279
vn 0.6769 0.7108 0.1913
vn -0.2309 0.6770 0.6988
vn -0.2209 0.7000 0.6791
vn -0.4144 0.7066 0.5735
vn -0.1552 0.6963 0.7007
vn -0.1639 0.6778 0.7167
vn -0.5737 0.6987 0.4275
vn -0.6132 0.6947 0.3760
vn -0.5148 0.7249 -0.4576
vn -0.5006 0.7460 -0.4391
vn -0.3286 0.7545 -0.5681
vn -0.5467 0.7409 -0.3900
vn -0.5580 0.7240 -0.4055
vn -0.1358 0.7451 -0.6530
vn -0.0746 0.7400 -0.6685
vn 0.1364 0.7373 -0.6616
vn 0.1271 0.7579 -0.6399
vn 0.3230 0.7669 -0.5546
vn 0.0621 0.7525 -0.6557
vn 0.0702 0.7359 -0.6734
vn 0.4914 0.7571 -0.4305
vn 0.5352 0.7516 -0.3855
vn 0.4286 0.6377 -0.6401
vn 0.3585 0.6461 -0.6738
vn 0.6063 0.6342 -0.4798
vn 0.7215 0.6377 -0.2700
vn 0.7382 0.6461 -0.1940
vn -0.0731 0.6042 -0.7935
vn -0.1576 0.6127 -0.7744
vn 0.1977 0.6004 -0.7748
vn 0.4442 0.6039 -0.6619
vn 0.5090 0.6123 -0.6050
vn 0.8069 0.5893 -0.0412
vn 0.7919 0.5877 -0.1659
vn 0.6966 0.6004 0.3927
vn 0.3833 0.5889 0.7115
vn 0.2697 0.5873 0.7632
vn -0.2416 0.9387 0.2461
vn -0.1739 0.9544 0.2427
vn -0.1929 0.9801 0.0467
vn -0.1616 0.9400 0.3004
vn -0.2228 0.9264 0.3034
vn -0.1947 0.9696 -0.1480
vn -0.1898 0.9603 -0.2044
vn 0.6285 0.6857 -0.3671
vn 0.6691 0.6781 -0.3042
vn -0.1675 0.6690 0.7241
vn -0.2418 0.6605 0.7108
vn -0.5633 0.7159 -0.4124
vn -0.5216 0.7099 -0.4733
vn 0.0736 0.7281 -0.6815
vn 0.1467 0.7227 -0.6754
vn -0.2497 0.9190 0.3050
vn -0.2876 0.9258 0.2453
# 1045 vertex normals

vt 0.5000 0.1950 0.0000
vt 0.5000 0.1300 0.0000
vt 0.3750 0.1300 0.0000
vt 0.3594 0.1950 0.0000
vt 0.2500 0.1300 0.0000
vt 0.2188 0.1950 0.0000
vt 0.2500 0.0750 0.0000
vt 0.3750 0.0750 0.0000
vt 0.5000 0.0750 0.0000
vt 0.5000 0.4125 0.0000
vt 0.5000 0.3500 0.0000
vt 0.2500 0.3500 0.0000
vt 0.2500 0.4125 0.0000
vt 0.0000 0.3500 0.0000
vt 0.0000 0.4125 0.0000
vt 0.0313 0.3000 0.0000
vt 0.2656 0.3000 0.0000
vt 0.5000 0.3000 0.0000
vt 1.0000 0.4125 0.0000
vt 1.0000 0.3500 0.0000
vt 0.7500 0.3500 0.0000
vt 0.7500 0.4125 0.0000
vt 0.7344 0.3000 0.0000
vt 0.9688 0.3000 0.0000
vt 0.5000 0.6000 0.0000
vt 0.5000 0.5000 0.0000
vt 0.2500 0.5000 0.0000
vt 0.2500 0.6000 0.0000
vt 0.0000 0.5000 0.0000
vt 0.0000 0.6000 0.0000
vt 1.0000 0.6000 0.0000
vt 1.0000 0.5000 0.0000
vt 0.7500 0.5000 0.0000
vt 0.7500 0.6000 0.0000
vt 0.5000 0.7992 0.0000
vt 0.5000 0.7000 0.0000
vt 0.2500 0.7000 0.0000
vt 0.2500 0.7992 0.0000
vt 0.0000 0.7000 0.0000
vt 0.0000 0.7992 0.0000
vt 1.0000 0.7992 0.0000
vt 1.0000 0.7000 0.0000
vt 0.7500 0.7000 0.0000
vt 0.7500 0.7992 0.0000
vt 0.2500 0.8970 0.0000
vt 0.5000 0.8970 0.0000
vt 0.2500 0.9940 0.0000
vt 0.5000 0.9940 0.0000
vt 0.0000 0.9940 0.0000
vt 0.0000 0.8970 0.0000
vt 0.7500 0.8970 0.0000
vt 1.0000 0.8970 0.0000
vt 1.0000 0.9940 0.0000
vt 0.7500 0.9940 0.0000
vt 0.5000 0.0400 0.0000
vt 0.5000 0.0300 0.0000
vt 0.3750 0.0300 0.0000
vt 0.3750 0.0400 0.0000
vt 0.2500 0.0300 0.0000
vt 0.2500 0.0400 0.0000
vt 0.2500 0.0200 0.0000
vt 0.3750 0.0200 0.0000
vt 0.5000 0.0200 0.0000
vt 0.5000 0.0100 0.0000
vt 0.3750 0.0100 0.0000
vt 0.2500 0.0100 0.0000
vt 0.2500 0.0000 0.0000
vt 0.3750 0.0000 0.0000
vt 0.5000 0.0000 0.0000
vt 0.5000 0.0500 0.0000
vt 0.6250 0.0500 0.0000
vt 0.6250 0.0400 0.0000
vt 0.7500 0.0500 0.0000
vt 0.7500 0.0400 0.0000
vt 0.7500 0.0750 0.0000
vt 0.6250 0.0750 0.0000
vt 0.3750 0.0500 0.0000
vt 0.2500 0.0500 0.0000
vt 0.6250 0.1300 0.0000
vt 0.7500 0.1300 0.0000
vt 0.7813 0.1950 0.0000
vt 0.6406 0.1950 0.0000
vt 0.5000 0.2500 0.0000
vt 0.6875 0.2500 0.0000
vt 0.8750 0.2500 0.0000
vt 0.7500 0.0300 0.0000
vt 0.6250 0.0300 0.0000
vt 0.6250 0.0200 0.0000
vt 0.7500 0.0200 0.0000
vt 0.7500 0.0100 0.0000
vt 0.6250 0.0100 0.0000
vt 0.6250 0.0000 0.0000
vt 0.7500 0.0000 0.0000
vt 0.3125 0.2500 0.0000
vt 0.1250 0.2500 0.0000
# 95 texture coords

o PalmPlant_LOD0_backface
g PalmPlant_LOD0_backface
usemtl Material__25
s 2
f 3642/342/3596 3643/343/3597 3644/344/3598 3645/345/3599 
f 3645/345/3599 3644/344/3598 3646/346/3600 3647/347/3601 
f 3648/348/3602 3646/346/3600 3644/344/3598 3649/349/3603 
f 3649/349/3603 3644/344/3598 3643/343/3597 3650/350/3604 
f 3651/351/3605 3652/352/3606 3653/353/3607 3654/354/3608 
f 3654/354/3608 3653/353/3607 3655/355/3609 3656/356/3610 
f 3657/357/3611 3655/355/3609 3653/353/3607 3658/358/3612 
f 3658/358/3612 3653/353/3607 3652/352/3606 3659/359/3613 
f 3660/360/3614 3661/361/3615 3662/362/3616 3663/363/3617 
f 3663/363/3617 3662/362/3616 3652/352/3606 3651/351/3605 
f 3659/359/3613 3652/352/3606 3662/362/3616 3664/364/3618 
f 3664/364/3618 3662/362/3616 3661/361/3615 3665/365/3619 
f 3666/366/3620 3667/367/3621 3668/368/3622 3669/369/3623 
f 3669/369/3623 3668/368/3622 3670/370/3624 3671/371/3625 
f 3656/356/3610 3670/370/3624 3668/368/3622 3654/354/3608 
f 3654/354/3608 3668/368/3622 3667/367/3621 3651/351/3605 
f 3672/372/3626 3673/373/3627 3674/374/3628 3675/375/3629 
f 3675/375/3629 3674/374/3628 3667/367/3621 3666/366/3620 
f 3651/351/3605 3667/367/3621 3674/374/3628 3663/363/3617 
f 3663/363/3617 3674/374/3628 3673/373/3627 3660/360/3614 
f 3676/376/3630 3677/377/3631 3678/378/3632 3679/379/3633 
f 3679/379/3633 3678/378/3632 3680/380/3634 3681/381/3635 
f 3671/371/3625 3680/380/3634 3678/378/3632 3669/369/3623 
f 3669/369/3623 3678/378/3632 3677/377/3631 3666/366/3620 
f 3682/382/3636 3683/383/3637 3684/384/3638 3685/385/3639 
f 3685/385/3639 3684/384/3638 3677/377/3631 3676/376/3630 
f 3666/366/3620 3677/377/3631 3684/384/3638 3675/375/3629 
f 3675/375/3629 3684/384/3638 3683/383/3637 3672/372/3626 
f 3676/376/3630 3679/379/3633 3686/386/3640 3687/387/3641 
f 3687/387/3641 3686/386/3640 3688/388/3642 3689/389/3643 
f 3690/390/3644 3688/388/3642 3686/386/3640 3691/391/3645 
f 3691/391/3645 3686/386/3640 3679/379/3633 3681/381/3635 
f 3676/376/3630 3687/387/3641 3692/392/3646 3685/385/3639 
f 3685/385/3639 3692/392/3646 3693/393/3647 3682/382/3636 
f 3694/394/3648 3693/393/3647 3692/392/3646 3695/395/3649 
f 3695/395/3649 3692/392/3646 3687/387/3641 3689/389/3643 
f 3696/396/3650 3697/397/3651 3698/398/3652 3699/399/3653 
f 3699/399/3653 3698/398/3652 3700/400/3654 3701/401/3655 
f 3702/402/3656 3700/400/3654 3698/398/3652 3703/403/3657 
f 3703/403/3657 3698/398/3652 3697/397/3651 3704/404/3658 
f 3704/404/3658 3705/405/3659 3706/406/3660 3703/403/3657 
f 3703/403/3657 3706/406/3660 3707/407/3661 3702/402/3656 
f 3708/408/3662 3707/407/3661 3706/406/3660 3709/409/3663 
f 3709/409/3663 3706/406/3660 3705/405/3659 3710/410/3664 
f 3696/396/3650 3711/411/3665 3712/412/3666 3713/413/3667 
f 3713/413/3667 3712/412/3666 3714/414/3668 3715/415/3669 
f 3716/416/3670 3714/414/3668 3712/412/3666 3717/417/3671 
f 3717/417/3671 3712/412/3666 3711/411/3665 3650/350/3604 
f 3718/342/3672 3719/343/3673 3720/344/3674 3721/345/3675 
f 3721/345/3675 3720/344/3674 3722/346/3676 3723/347/3677 
f 3724/348/3678 3722/346/3676 3720/344/3674 3725/349/3679 
f 3725/349/3679 3720/344/3674 3719/343/3673 3726/350/3680 
f 3727/351/3681 3728/352/3682 3729/353/3683 3730/354/3684 
f 3730/354/3684 3729/353/3683 3731/355/3685 3732/356/3686 
f 3733/357/3687 3731/355/3685 3729/353/3683 3734/358/3688 
f 3734/358/3688 3729/353/3683 3728/352/3682 3735/359/3689 
f 3736/360/3690 3737/361/3691 3738/362/3692 3739/363/3693 
f 3739/363/3693 3738/362/3692 3728/352/3682 3727/351/3681 
f 3735/359/3689 3728/352/3682 3738/362/3692 3740/364/3694 
f 3740/364/3694 3738/362/3692 3737/361/3691 3741/365/3695 
f 3742/366/3696 3743/367/3697 3744/368/3698 3745/369/3699 
f 3745/369/3699 3744/368/3698 3746/370/3700 3747/371/3701 
f 3732/356/3686 3746/370/3700 3744/368/3698 3730/354/3684 
f 3730/354/3684 3744/368/3698 3743/367/3697 3727/351/3681 
f 3748/372/3702 3749/373/3703 3750/374/3704 3751/375/3705 
f 3751/375/3705 3750/374/3704 3743/367/3697 3742/366/3696 
f 3727/351/3681 3743/367/3697 3750/374/3704 3739/363/3693 
f 3739/363/3693 3750/374/3704 3749/373/3703 3736/360/3690 
f 3752/376/3706 3753/377/3707 3754/378/3708 3755/379/3709 
f 3755/379/3709 3754/378/3708 3756/380/3710 3757/381/3711 
f 3747/371/3701 3756/380/3710 3754/378/3708 3745/369/3699 
f 3745/369/3699 3754/378/3708 3753/377/3707 3742/366/3696 
f 3758/382/3712 3759/383/3713 3760/384/3714 3761/385/3715 
f 3761/385/3715 3760/384/3714 3753/377/3707 3752/376/3706 
f 3742/366/3696 3753/377/3707 3760/384/3714 3751/375/3705 
f 3751/375/3705 3760/384/3714 3759/383/3713 3748/372/3702 
f 3752/376/3706 3755/379/3709 3762/386/3716 3763/387/3717 
f 3763/387/3717 3762/386/3716 3764/388/3718 3765/389/3719 
f 3766/390/3720 3764/388/3718 3762/386/3716 3767/391/3721 
f 3767/391/3721 3762/386/3716 3755/379/3709 3757/381/3711 
f 3752/376/3706 3763/387/3717 3768/392/3722 3761/385/3715 
f 3761/385/3715 3768/392/3722 3769/393/3723 3758/382/3712 
f 3770/394/3724 3769/393/3723 3768/392/3722 3771/395/3725 
f 3771/395/3725 3768/392/3722 3763/387/3717 3765/389/3719 
f 3772/396/3726 3773/397/3727 3774/398/3728 3775/399/3729 
f 3775/399/3729 3774/398/3728 3776/400/3730 3777/401/3731 
f 3778/402/3732 3776/400/3730 3774/398/3728 3779/403/3733 
f 3779/403/3733 3774/398/3728 3773/397/3727 3780/404/3734 
f 3780/404/3734 3781/405/3735 3782/406/3736 3779/403/3733 
f 3779/403/3733 3782/406/3736 3783/407/3737 3778/402/3732 
f 3784/408/3738 3783/407/3737 3782/406/3736 3785/409/3739 
f 3785/409/3739 3782/406/3736 3781/405/3735 3786/410/3740 
f 3772/396/3726 3787/411/3741 3788/412/3742 3789/413/3743 
f 3789/413/3743 3788/412/3742 3790/414/3744 3791/415/3745 
f 3792/416/3746 3790/414/3744 3788/412/3742 3793/417/3747 
f 3793/417/3747 3788/412/3742 3787/411/3741 3726/350/3680 
f 3794/342/3748 3795/343/3749 3796/344/3750 3797/345/3751 
f 3797/345/3751 3796/344/3750 3798/346/3752 3799/347/3753 
f 3800/348/3754 3798/346/3752 3796/344/3750 3801/349/3755 
f 3801/349/3755 3796/344/3750 3795/343/3749 3802/350/3756 
f 3803/351/3757 3804/352/3758 3805/353/3759 3806/354/3760 
f 3806/354/3760 3805/353/3759 3807/355/3761 3808/356/3762 
f 3809/357/3763 3807/355/3761 3805/353/3759 3810/358/3764 
f 3810/358/3764 3805/353/3759 3804/352/3758 3811/359/3765 
f 3812/360/3766 3813/361/3767 3814/362/3768 3815/363/3769 
f 3815/363/3769 3814/362/3768 3804/352/3758 3803/351/3757 
f 3811/359/3765 3804/352/3758 3814/362/3768 3816/364/3770 
f 3816/364/3770 3814/362/3768 3813/361/3767 3817/365/3771 
f 3818/366/3772 3819/367/3773 3820/368/3774 3821/369/3775 
f 3821/369/3775 3820/368/3774 3822/370/3776 3823/371/3777 
f 3808/356/3762 3822/370/3776 3820/368/3774 3806/354/3760 
f 3806/354/3760 3820/368/3774 3819/367/3773 3803/351/3757 
f 3824/372/3778 3825/373/3779 3826/374/3780 3827/375/3781 
f 3827/375/3781 3826/374/3780 3819/367/3773 3818/366/3772 
f 3803/351/3757 3819/367/3773 3826/374/3780 3815/363/3769 
f 3815/363/3769 3826/374/3780 3825/373/3779 3812/360/3766 
f 3828/376/3782 3829/377/3783 3830/378/3784 3831/379/3785 
f 3831/379/3785 3830/378/3784 3832/380/3786 3833/381/3787 
f 3823/371/3777 3832/380/3786 3830/378/3784 3821/369/3775 
f 3821/369/3775 3830/378/3784 3829/377/3783 3818/366/3772 
f 3834/382/3788 3835/383/3789 3836/384/3790 3837/385/3791 
f 3837/385/3791 3836/384/3790 3829/377/3783 3828/376/3782 
f 3818/366/3772 3829/377/3783 3836/384/3790 3827/375/3781 
f 3827/375/3781 3836/384/3790 3835/383/3789 3824/372/3778 
f 3838/389/3792 3839/387/3793 3840/386/3794 3841/388/3795 
f 3841/388/3795 3840/386/3794 3842/391/3796 3843/390/3797 
f 3833/381/3787 3842/391/3796 3840/386/3794 3831/379/3785 
f 3831/379/3785 3840/386/3794 3839/387/3793 3828/376/3782 
f 3828/376/3782 3839/387/3793 3844/392/3798 3837/385/3791 
f 3837/385/3791 3844/392/3798 3845/393/3799 3834/382/3788 
f 3846/394/3800 3845/393/3799 3844/392/3798 3847/395/3801 
f 3847/395/3801 3844/392/3798 3839/387/3793 3838/389/3792 
f 3802/350/3756 3848/411/3802 3849/418/3803 3801/349/3755 
f 3801/349/3755 3849/418/3803 3850/419/3804 3800/348/3754 
f 3851/401/3805 3850/419/3804 3849/418/3803 3852/399/3806 
f 3852/399/3806 3849/418/3803 3848/411/3802 3853/396/3807 
f 3802/350/3756 3854/417/3808 3855/412/3809 3848/411/3802 
f 3848/411/3802 3855/412/3809 3856/413/3810 3853/396/3807 
f 3857/415/3811 3856/413/3810 3855/412/3809 3858/414/3812 
f 3858/414/3812 3855/412/3809 3854/417/3808 3859/416/3813 
f 3860/350/3814 3861/343/3815 3862/420/3816 3863/417/3817 
f 3863/417/3817 3862/420/3816 3864/421/3818 3865/416/3819 
f 3866/422/3820 3864/421/3818 3862/420/3816 3867/423/3821 
f 3867/423/3821 3862/420/3816 3861/343/3815 3868/342/3822 
f 3868/342/3822 3869/424/3823 3870/425/3824 3867/423/3821 
f 3867/423/3821 3870/425/3824 3871/426/3825 3866/422/3820 
f 3872/365/3826 3871/426/3825 3870/425/3824 3873/364/3827 
f 3873/364/3827 3870/425/3824 3869/424/3823 3874/359/3828 
f 3875/356/3829 3876/370/3830 3877/368/3831 3878/354/3832 
f 3878/354/3832 3877/368/3831 3879/367/3833 3880/351/3834 
f 3881/366/3835 3879/367/3833 3877/368/3831 3882/369/3836 
f 3882/369/3836 3877/368/3831 3876/370/3830 3883/371/3837 
f 3880/351/3834 3879/367/3833 3884/374/3838 3885/363/3839 
f 3885/363/3839 3884/374/3838 3886/373/3840 3887/360/3841 
f 3888/372/3842 3886/373/3840 3884/374/3838 3889/375/3843 
f 3889/375/3843 3884/374/3838 3879/367/3833 3881/366/3835 
f 3883/371/3837 3890/380/3844 3891/378/3845 3882/369/3836 
f 3882/369/3836 3891/378/3845 3892/377/3846 3881/366/3835 
f 3893/376/3847 3892/377/3846 3891/378/3845 3894/379/3848 
f 3894/379/3848 3891/378/3845 3890/380/3844 3895/381/3849 
f 3881/366/3835 3892/377/3846 3896/384/3850 3889/375/3843 
f 3889/375/3843 3896/384/3850 3897/383/3851 3888/372/3842 
f 3898/382/3852 3897/383/3851 3896/384/3850 3899/385/3853 
f 3899/385/3853 3896/384/3850 3892/377/3846 3893/376/3847 
f 3895/381/3849 3900/391/3854 3901/386/3855 3894/379/3848 
f 3894/379/3848 3901/386/3855 3902/387/3856 3893/376/3847 
f 3903/389/3857 3902/387/3856 3901/386/3855 3904/388/3858 
f 3904/388/3858 3901/386/3855 3900/391/3854 3905/390/3859 
f 3893/376/3847 3902/387/3856 3906/392/3860 3899/385/3853 
f 3899/385/3853 3906/392/3860 3907/393/3861 3898/382/3852 
f 3908/394/3862 3907/393/3861 3906/392/3860 3909/395/3863 
f 3909/395/3863 3906/392/3860 3902/387/3856 3903/389/3857 
f 3860/350/3814 3910/411/3864 3911/418/3865 3912/349/3866 
f 3912/349/3866 3911/418/3865 3913/419/3867 3914/348/3868 
f 3915/401/3869 3913/419/3867 3911/418/3865 3916/399/3870 
f 3916/399/3870 3911/418/3865 3910/411/3864 3917/396/3871 
f 3860/350/3814 3863/417/3817 3918/412/3872 3910/411/3864 
f 3910/411/3864 3918/412/3872 3919/413/3873 3917/396/3871 
f 3920/415/3874 3919/413/3873 3918/412/3872 3921/414/3875 
f 3921/414/3875 3918/412/3872 3863/417/3817 3865/416/3819 
f 3922/350/3876 3923/343/3877 3924/420/3878 3925/417/3879 
f 3925/417/3879 3924/420/3878 3926/421/3880 3927/416/3881 
f 3928/422/3882 3926/421/3880 3924/420/3878 3929/423/3883 
f 3929/423/3883 3924/420/3878 3923/343/3877 3930/342/3884 
f 3930/342/3884 3931/424/3885 3932/425/3886 3929/423/3883 
f 3929/423/3883 3932/425/3886 3933/426/3887 3928/422/3882 
f 3934/365/3888 3933/426/3887 3932/425/3886 3935/364/3889 
f 3935/364/3889 3932/425/3886 3931/424/3885 3936/359/3890 
f 3937/356/3891 3938/370/3892 3939/368/3893 3940/354/3894 
f 3940/354/3894 3939/368/3893 3941/367/3895 3942/351/3896 
f 3943/366/3897 3941/367/3895 3939/368/3893 3944/369/3898 
f 3944/369/3898 3939/368/3893 3938/370/3892 3945/371/3899 
f 3942/351/3896 3941/367/3895 3946/374/3900 3947/363/3901 
f 3947/363/3901 3946/374/3900 3948/373/3902 3949/360/3903 
f 3950/372/3904 3948/373/3902 3946/374/3900 3951/375/3905 
f 3951/375/3905 3946/374/3900 3941/367/3895 3943/366/3897 
f 3945/371/3899 3952/380/3906 3953/378/3907 3944/369/3898 
f 3944/369/3898 3953/378/3907 3954/377/3908 3943/366/3897 
f 3955/376/3909 3954/377/3908 3953/378/3907 3956/379/3910 
f 3956/379/3910 3953/378/3907 3952/380/3906 3957/381/3911 
f 3943/366/3897 3954/377/3908 3958/384/3912 3951/375/3905 
f 3951/375/3905 3958/384/3912 3959/383/3913 3950/372/3904 
f 3960/382/3914 3959/383/3913 3958/384/3912 3961/385/3915 
f 3961/385/3915 3958/384/3912 3954/377/3908 3955/376/3909 
f 3957/381/3911 3962/391/3916 3963/386/3917 3956/379/3910 
f 3956/379/3910 3963/386/3917 3964/387/3918 3955/376/3909 
f 3965/389/3919 3964/387/3918 3963/386/3917 3966/388/3920 
f 3966/388/3920 3963/386/3917 3962/391/3916 3967/390/3921 
f 3955/376/3909 3964/387/3918 3968/392/3922 3961/385/3915 
f 3961/385/3915 3968/392/3922 3969/393/3923 3960/382/3914 
f 3970/394/3924 3969/393/3923 3968/392/3922 3971/395/3925 
f 3971/395/3925 3968/392/3922 3964/387/3918 3965/389/3919 
f 3922/350/3876 3972/411/3926 3973/418/3927 3974/349/3928 
f 3974/349/3928 3973/418/3927 3975/419/3929 3976/348/3930 
f 3977/401/3931 3975/419/3929 3973/418/3927 3978/399/3932 
f 3978/399/3932 3973/418/3927 3972/411/3926 3979/396/3933 
f 3922/350/3876 3925/417/3879 3980/412/3934 3972/411/3926 
f 3972/411/3926 3980/412/3934 3981/413/3935 3979/396/3933 
f 3982/415/3936 3981/413/3935 3980/412/3934 3983/414/3937 
f 3983/414/3937 3980/412/3934 3925/417/3879 3927/416/3881 
f 3984/350/3938 3985/343/3939 3986/420/3940 3987/417/3941 
f 3987/417/3941 3986/420/3940 3988/421/3942 3989/416/3943 
f 3990/422/3944 3988/421/3942 3986/420/3940 3991/423/3945 
f 3991/423/3945 3986/420/3940 3985/343/3939 3992/342/3946 
f 3992/342/3946 3993/424/3947 3994/425/3948 3991/423/3945 
f 3991/423/3945 3994/425/3948 3995/426/3949 3990/422/3944 
f 3996/365/3950 3995/426/3949 3994/425/3948 3997/364/3951 
f 3997/364/3951 3994/425/3948 3993/424/3947 3998/359/3952 
f 3999/356/3953 4000/370/3954 4001/368/3955 4002/354/3956 
f 4002/354/3956 4001/368/3955 4003/367/3957 4004/351/3958 
f 4005/366/3959 4003/367/3957 4001/368/3955 4006/369/3960 
f 4006/369/3960 4001/368/3955 4000/370/3954 4007/371/3961 
f 4004/351/3958 4003/367/3957 4008/374/3962 4009/363/3963 
f 4009/363/3963 4008/374/3962 4010/373/3964 4011/360/3965 
f 4012/372/3966 4010/373/3964 4008/374/3962 4013/375/3967 
f 4013/375/3967 4008/374/3962 4003/367/3957 4005/366/3959 
f 4007/371/3961 4014/380/3968 4015/378/3969 4006/369/3960 
f 4006/369/3960 4015/378/3969 4016/377/3970 4005/366/3959 
f 4017/376/3971 4016/377/3970 4015/378/3969 4018/379/3972 
f 4018/379/3972 4015/378/3969 4014/380/3968 4019/381/3973 
f 4005/366/3959 4016/377/3970 4020/384/3974 4013/375/3967 
f 4013/375/3967 4020/384/3974 4021/383/3975 4012/372/3966 
f 4022/382/3976 4021/383/3975 4020/384/3974 4023/385/3977 
f 4023/385/3977 4020/384/3974 4016/377/3970 4017/376/3971 
f 4019/381/3973 4024/391/3978 4025/386/3979 4018/379/3972 
f 4018/379/3972 4025/386/3979 4026/387/3980 4017/376/3971 
f 4027/389/3981 4026/387/3980 4025/386/3979 4028/388/3982 
f 4028/388/3982 4025/386/3979 4024/391/3978 4029/390/3983 
f 4017/376/3971 4026/387/3980 4030/392/3984 4023/385/3977 
f 4023/385/3977 4030/392/3984 4031/393/3985 4022/382/3976 
f 4032/394/3986 4031/393/3985 4030/392/3984 4033/395/3987 
f 4033/395/3987 4030/392/3984 4026/387/3980 4027/389/3981 
f 3984/350/3938 4034/411/3988 4035/418/3989 4036/349/3990 
f 4036/349/3990 4035/418/3989 4037/419/3991 4038/348/3992 
f 4039/401/3993 4037/419/3991 4035/418/3989 4040/399/3994 
f 4040/399/3994 4035/418/3989 4034/411/3988 4041/396/3995 
f 3984/350/3938 3987/417/3941 4042/412/3996 4034/411/3988 
f 4034/411/3988 4042/412/3996 4043/413/3997 4041/396/3995 
f 4044/415/3998 4043/413/3997 4042/412/3996 4045/414/3999 
f 4045/414/3999 4042/412/3996 3987/417/3941 3989/416/3943 
f 4046/350/4000 4047/343/4001 4048/420/4002 4049/417/4003 
f 4049/417/4003 4048/420/4002 4050/421/4004 4051/416/4005 
f 4052/422/4006 4050/421/4004 4048/420/4002 4053/423/4007 
f 4053/423/4007 4048/420/4002 4047/343/4001 4054/342/4008 
f 4054/342/4008 4055/424/4009 4056/425/4010 4053/423/4007 
f 4053/423/4007 4056/425/4010 4057/426/4011 4052/422/4006 
f 4058/365/4012 4057/426/4011 4056/425/4010 4059/364/4013 
f 4059/364/4013 4056/425/4010 4055/424/4009 4060/359/4014 
f 4061/356/4015 4062/370/4016 4063/368/4017 4064/354/4018 
f 4064/354/4018 4063/368/4017 4065/367/4019 4066/351/4020 
f 4067/366/4021 4065/367/4019 4063/368/4017 4068/369/4022 
f 4068/369/4022 4063/368/4017 4062/370/4016 4069/371/4023 
f 4066/351/4020 4065/367/4019 4070/374/4024 4071/363/4025 
f 4071/363/4025 4070/374/4024 4072/373/4026 4073/360/4027 
f 4074/372/4028 4072/373/4026 4070/374/4024 4075/375/4029 
f 4075/375/4029 4070/374/4024 4065/367/4019 4067/366/4021 
f 4069/371/4023 4076/380/4030 4077/378/4031 4068/369/4022 
f 4068/369/4022 4077/378/4031 4078/377/4032 4067/366/4021 
f 4079/376/4033 4078/377/4032 4077/378/4031 4080/379/4034 
f 4080/379/4034 4077/378/4031 4076/380/4030 4081/381/4035 
f 4067/366/4021 4078/377/4032 4082/384/4036 4075/375/4029 
f 4075/375/4029 4082/384/4036 4083/383/4037 4074/372/4028 
f 4084/382/4038 4083/383/4037 4082/384/4036 4085/385/4039 
f 4085/385/4039 4082/384/4036 4078/377/4032 4079/376/4033 
f 4081/381/4035 4086/391/4040 4087/386/4041 4080/379/4034 
f 4080/379/4034 4087/386/4041 4088/387/4042 4079/376/4033 
f 4089/389/4043 4088/387/4042 4087/386/4041 4090/388/4044 
f 4090/388/4044 4087/386/4041 4086/391/4040 4091/390/4045 
f 4079/376/4033 4088/387/4042 4092/392/4046 4085/385/4039 
f 4085/385/4039 4092/392/4046 4093/393/4047 4084/382/4038 
f 4094/394/4048 4093/393/4047 4092/392/4046 4095/395/4049 
f 4095/395/4049 4092/392/4046 4088/387/4042 4089/389/4043 
f 4046/350/4000 4096/411/4050 4097/418/4051 4098/349/4052 
f 4098/349/4052 4097/418/4051 4099/419/4053 4100/348/4054 
f 4101/401/4055 4099/419/4053 4097/418/4051 4102/399/4056 
f 4102/399/4056 4097/418/4051 4096/411/4050 4103/396/4057 
f 4046/350/4000 4049/417/4003 4104/412/4058 4096/411/4050 
f 4096/411/4050 4104/412/4058 4105/413/4059 4103/396/4057 
f 4106/415/4060 4105/413/4059 4104/412/4058 4107/414/4061 
f 4107/414/4061 4104/412/4058 4049/417/4003 4051/416/4005 
f 4108/342/4062 4109/343/4063 4110/344/4064 4111/345/4065 
f 4111/345/4065 4110/344/4064 4112/346/4066 4113/347/4067 
f 4114/348/4068 4112/346/4066 4110/344/4064 4115/349/4069 
f 4115/349/4069 4110/344/4064 4109/343/4063 4116/350/4070 
f 4117/351/4071 4118/352/4072 4119/353/4073 4120/354/4074 
f 4120/354/4074 4119/353/4073 4121/355/4075 4122/356/4076 
f 4123/357/4077 4121/355/4075 4119/353/4073 4124/358/4078 
f 4124/358/4078 4119/353/4073 4118/352/4072 4125/359/4079 
f 4126/360/4080 4127/361/4081 4128/362/4082 4129/363/4083 
f 4129/363/4083 4128/362/4082 4118/352/4072 4117/351/4071 
f 4125/359/4079 4118/352/4072 4128/362/4082 4130/364/4084 
f 4130/364/4084 4128/362/4082 4127/361/4081 4131/365/4085 
f 4132/366/4086 4133/367/4087 4134/368/4088 4135/369/4089 
f 4135/369/4089 4134/368/4088 4136/370/4090 4137/371/4091 
f 4122/356/4076 4136/370/4090 4134/368/4088 4120/354/4074 
f 4120/354/4074 4134/368/4088 4133/367/4087 4117/351/4071 
f 4138/372/4092 4139/373/4093 4140/374/4094 4141/375/4095 
f 4141/375/4095 4140/374/4094 4133/367/4087 4132/366/4086 
f 4117/351/4071 4133/367/4087 4140/374/4094 4129/363/4083 
f 4129/363/4083 4140/374/4094 4139/373/4093 4126/360/4080 
f 4142/376/4096 4143/377/4097 4144/378/4098 4145/379/4099 
f 4145/379/4099 4144/378/4098 4146/380/4100 4147/381/4101 
f 4137/371/4091 4146/380/4100 4144/378/4098 4135/369/4089 
f 4135/369/4089 4144/378/4098 4143/377/4097 4132/366/4086 
f 4148/382/4102 4149/383/4103 4150/384/4104 4151/385/4105 
f 4151/385/4105 4150/384/4104 4143/377/4097 4142/376/4096 
f 4132/366/4086 4143/377/4097 4150/384/4104 4141/375/4095 
f 4141/375/4095 4150/384/4104 4149/383/4103 4138/372/4092 
f 4142/376/4096 4145/379/4099 4152/386/4106 4153/387/4107 
f 4153/387/4107 4152/386/4106 4154/388/4108 4155/389/4109 
f 4156/390/4110 4154/388/4108 4152/386/4106 4157/391/4111 
f 4157/391/4111 4152/386/4106 4145/379/4099 4147/381/4101 
f 4142/376/4096 4153/387/4107 4158/392/4112 4151/385/4105 
f 4151/385/4105 4158/392/4112 4159/393/4113 4148/382/4102 
f 4160/394/4114 4159/393/4113 4158/392/4112 4161/395/4115 
f 4161/395/4115 4158/392/4112 4153/387/4107 4155/389/4109 
f 4162/396/4116 4163/397/4117 4164/398/4118 4165/399/4119 
f 4165/399/4119 4164/398/4118 4166/400/4120 4167/401/4121 
f 4168/402/4122 4166/400/4120 4164/398/4118 4169/403/4123 
f 4169/403/4123 4164/398/4118 4163/397/4117 4170/404/4124 
f 4170/404/4124 4171/405/4125 4172/406/4126 4169/403/4123 
f 4169/403/4123 4172/406/4126 4173/407/4127 4168/402/4122 
f 4174/408/4128 4173/407/4127 4172/406/4126 4175/409/4129 
f 4175/409/4129 4172/406/4126 4171/405/4125 4176/410/4130 
f 4162/396/4116 4177/411/4131 4178/412/4132 4179/413/4133 
f 4179/413/4133 4178/412/4132 4180/414/4134 4181/415/4135 
f 4182/416/4136 4180/414/4134 4178/412/4132 4183/417/4137 
f 4183/417/4137 4178/412/4132 4177/411/4131 4116/350/4070 
f 4184/342/4138 4185/343/4139 4186/344/4140 4187/345/4141 
f 4187/345/4141 4186/344/4140 4188/346/4142 4189/347/4143 
f 4190/348/4144 4188/346/4142 4186/344/4140 4191/349/4145 
f 4191/349/4145 4186/344/4140 4185/343/4139 4192/350/4146 
f 4193/351/4147 4194/352/4148 4195/353/4149 4196/354/4150 
f 4196/354/4150 4195/353/4149 4197/355/4151 4198/356/4152 
f 4199/357/4153 4197/355/4151 4195/353/4149 4200/358/4154 
f 4200/358/4154 4195/353/4149 4194/352/4148 4201/359/4155 
f 4202/360/4156 4203/361/4157 4204/362/4158 4205/363/4159 
f 4205/363/4159 4204/362/4158 4194/352/4148 4193/351/4147 
f 4201/359/4155 4194/352/4148 4204/362/4158 4206/364/4160 
f 4206/364/4160 4204/362/4158 4203/361/4157 4207/365/4161 
f 4208/366/4162 4209/367/4163 4210/368/4164 4211/369/4165 
f 4211/369/4165 4210/368/4164 4212/370/4166 4213/371/4167 
f 4198/356/4152 4212/370/4166 4210/368/4164 4196/354/4150 
f 4196/354/4150 4210/368/4164 4209/367/4163 4193/351/4147 
f 4214/372/4168 4215/373/4169 4216/374/4170 4217/375/4171 
f 4217/375/4171 4216/374/4170 4209/367/4163 4208/366/4162 
f 4193/351/4147 4209/367/4163 4216/374/4170 4205/363/4159 
f 4205/363/4159 4216/374/4170 4215/373/4169 4202/360/4156 
f 4218/376/4172 4219/377/4173 4220/378/4174 4221/379/4175 
f 4221/379/4175 4220/378/4174 4222/380/4176 4223/381/4177 
f 4213/371/4167 4222/380/4176 4220/378/4174 4211/369/4165 
f 4211/369/4165 4220/378/4174 4219/377/4173 4208/366/4162 
f 4224/382/4178 4225/383/4179 4226/384/4180 4227/385/4181 
f 4227/385/4181 4226/384/4180 4219/377/4173 4218/376/4172 
f 4208/366/4162 4219/377/4173 4226/384/4180 4217/375/4171 
f 4217/375/4171 4226/384/4180 4225/383/4179 4214/372/4168 
f 4228/389/4182 4229/387/4183 4230/386/4184 4231/388/4185 
f 4231/388/4185 4230/386/4184 4232/391/4186 4233/390/4187 
f 4223/381/4177 4232/391/4186 4230/386/4184 4221/379/4175 
f 4221/379/4175 4230/386/4184 4229/387/4183 4218/376/4172 
f 4218/376/4172 4229/387/4183 4234/392/4188 4227/385/4181 
f 4227/385/4181 4234/392/4188 4235/393/4189 4224/382/4178 
f 4236/394/4190 4235/393/4189 4234/392/4188 4237/395/4191 
f 4237/395/4191 4234/392/4188 4229/387/4183 4228/389/4182 
f 4192/350/4146 4238/411/4192 4239/418/4193 4191/349/4145 
f 4191/349/4145 4239/418/4193 4240/419/4194 4190/348/4144 
f 4241/401/4195 4240/419/4194 4239/418/4193 4242/399/4196 
f 4242/399/4196 4239/418/4193 4238/411/4192 4243/396/4197 
f 4192/350/4146 4244/417/4198 4245/412/4199 4238/411/4192 
f 4238/411/4192 4245/412/4199 4246/413/4200 4243/396/4197 
f 4247/415/4201 4246/413/4200 4245/412/4199 4248/414/4202 
f 4248/414/4202 4245/412/4199 4244/417/4198 4249/416/4203 
f 4250/342/4204 4251/343/4205 4252/344/4206 4253/345/4207 
f 4253/345/4207 4252/344/4206 4254/346/4208 4255/347/4209 
f 4256/348/4210 4254/346/4208 4252/344/4206 4257/349/4211 
f 4257/349/4211 4252/344/4206 4251/343/4205 4258/350/4212 
f 4259/351/4213 4260/352/4214 4261/353/4215 4262/354/4216 
f 4262/354/4216 4261/353/4215 4263/355/4217 4264/356/4218 
f 4265/357/4219 4263/355/4217 4261/353/4215 4266/358/4220 
f 4266/358/4220 4261/353/4215 4260/352/4214 4267/359/4221 
f 4268/360/4222 4269/361/4223 4270/362/4224 4271/363/4225 
f 4271/363/4225 4270/362/4224 4260/352/4214 4259/351/4213 
f 4267/359/4221 4260/352/4214 4270/362/4224 4272/364/4226 
f 4272/364/4226 4270/362/4224 4269/361/4223 4273/365/4227 
f 4274/366/4228 4275/367/4229 4276/368/4230 4277/369/4231 
f 4277/369/4231 4276/368/4230 4278/370/4232 4279/371/4233 
f 4264/356/4218 4278/370/4232 4276/368/4230 4262/354/4216 
f 4262/354/4216 4276/368/4230 4275/367/4229 4259/351/4213 
f 4280/372/4234 4281/373/4235 4282/374/4236 4283/375/4237 
f 4283/375/4237 4282/374/4236 4275/367/4229 4274/366/4228 
f 4259/351/4213 4275/367/4229 4282/374/4236 4271/363/4225 
f 4271/363/4225 4282/374/4236 4281/373/4235 4268/360/4222 
f 4284/376/4238 4285/377/4239 4286/378/4240 4287/379/4241 
f 4287/379/4241 4286/378/4240 4288/380/4242 4289/381/4243 
f 4279/371/4233 4288/380/4242 4286/378/4240 4277/369/4231 
f 4277/369/4231 4286/378/4240 4285/377/4239 4274/366/4228 
f 4290/382/4244 4291/383/4245 4292/384/4246 4293/385/4247 
f 4293/385/4247 4292/384/4246 4285/377/4239 4284/376/4238 
f 4274/366/4228 4285/377/4239 4292/384/4246 4283/375/4237 
f 4283/375/4237 4292/384/4246 4291/383/4245 4280/372/4234 
f 4284/376/4238 4287/379/4241 4294/386/4248 4295/387/4249 
f 4295/387/4249 4294/386/4248 4296/388/4250 4297/389/4251 
f 4298/390/4252 4296/388/4250 4294/386/4248 4299/391/4253 
f 4299/391/4253 4294/386/4248 4287/379/4241 4289/381/4243 
f 4284/376/4238 4295/387/4249 4300/392/4254 4293/385/4247 
f 4293/385/4247 4300/392/4254 4301/393/4255 4290/382/4244 
f 4302/394/4256 4301/393/4255 4300/392/4254 4303/395/4257 
f 4303/395/4257 4300/392/4254 4295/387/4249 4297/389/4251 
f 4258/350/4212 4304/411/4258 4305/418/4259 4257/349/4211 
f 4257/349/4211 4305/418/4259 4306/419/4260 4256/348/4210 
f 4307/401/4261 4306/419/4260 4305/418/4259 4308/399/4262 
f 4308/399/4262 4305/418/4259 4304/411/4258 4309/396/4263 
f 4258/350/4212 4310/417/4264 4311/412/4265 4304/411/4258 
f 4304/411/4258 4311/412/4265 4312/413/4266 4309/396/4263 
f 4313/415/4267 4312/413/4266 4311/412/4265 4314/414/4268 
f 4314/414/4268 4311/412/4265 4310/417/4264 4315/416/4269 
f 4316/350/4270 4317/343/4271 4318/420/4272 4319/417/4273 
f 4319/417/4273 4318/420/4272 4320/421/4274 4321/416/4275 
f 4322/422/4276 4320/421/4274 4318/420/4272 4323/423/4277 
f 4323/423/4277 4318/420/4272 4317/343/4271 4324/342/4278 
f 4324/342/4278 4325/424/4279 4326/425/4280 4323/423/4277 
f 4323/423/4277 4326/425/4280 4327/426/4281 4322/422/4276 
f 4328/365/4282 4327/426/4281 4326/425/4280 4329/364/4283 
f 4329/364/4283 4326/425/4280 4325/424/4279 4330/359/4284 
f 4331/356/4285 4332/370/4286 4333/368/4287 4334/354/4288 
f 4334/354/4288 4333/368/4287 4335/367/4289 4336/351/4290 
f 4337/366/4291 4335/367/4289 4333/368/4287 4338/369/4292 
f 4338/369/4292 4333/368/4287 4332/370/4286 4339/371/4293 
f 4336/351/4290 4335/367/4289 4340/374/4294 4341/363/4295 
f 4341/363/4295 4340/374/4294 4342/373/4296 4343/360/4297 
f 4344/372/4298 4342/373/4296 4340/374/4294 4345/375/4299 
f 4345/375/4299 4340/374/4294 4335/367/4289 4337/366/4291 
f 4339/371/4293 4346/380/4300 4347/378/4301 4338/369/4292 
f 4338/369/4292 4347/378/4301 4348/377/4302 4337/366/4291 
f 4349/376/4303 4348/377/4302 4347/378/4301 4350/379/4304 
f 4350/379/4304 4347/378/4301 4346/380/4300 4351/381/4305 
f 4337/366/4291 4348/377/4302 4352/384/4306 4345/375/4299 
f 4345/375/4299 4352/384/4306 4353/383/4307 4344/372/4298 
f 4354/382/4308 4353/383/4307 4352/384/4306 4355/385/4309 
f 4355/385/4309 4352/384/4306 4348/377/4302 4349/376/4303 
f 4351/381/4305 4356/391/4310 4357/386/4311 4350/379/4304 
f 4350/379/4304 4357/386/4311 4358/387/4312 4349/376/4303 
f 4359/389/4313 4358/387/4312 4357/386/4311 4360/388/4314 
f 4360/388/4314 4357/386/4311 4356/391/4310 4361/390/4315 
f 4349/376/4303 4358/387/4312 4362/392/4316 4355/385/4309 
f 4355/385/4309 4362/392/4316 4363/393/4317 4354/382/4308 
f 4364/394/4318 4363/393/4317 4362/392/4316 4365/395/4319 
f 4365/395/4319 4362/392/4316 4358/387/4312 4359/389/4313 
f 4316/350/4270 4366/411/4320 4367/418/4321 4368/349/4322 
f 4368/349/4322 4367/418/4321 4369/419/4323 4370/348/4324 
f 4371/401/4325 4369/419/4323 4367/418/4321 4372/399/4326 
f 4372/399/4326 4367/418/4321 4366/411/4320 4373/396/4327 
f 4316/350/4270 4319/417/4273 4374/412/4328 4366/411/4320 
f 4366/411/4320 4374/412/4328 4375/413/4329 4373/396/4327 
f 4376/415/4330 4375/413/4329 4374/412/4328 4377/414/4331 
f 4377/414/4331 4374/412/4328 4319/417/4273 4321/416/4275 
f 4378/422/4332 4379/421/4333 4380/420/4334 4381/423/4335 
f 4381/423/4335 4380/420/4334 3643/343/3597 3642/342/3596 
f 3650/350/3604 3643/343/3597 4380/420/4334 3717/417/3671 
f 3717/417/3671 4380/420/4334 4379/421/4333 3716/416/3670 
f 3715/415/3669 4382/427/4336 4383/428/4337 3713/413/3667 
f 3713/413/3667 4383/428/4337 3697/397/3651 3696/396/3650 
f 3704/404/3658 3697/397/3651 4383/428/4337 4384/429/4338 
f 4384/429/4338 4383/428/4337 4382/427/4336 4385/430/4339 
f 3701/401/3655 4386/419/4340 4387/418/4341 3699/399/3653 
f 3699/399/3653 4387/418/4341 3711/411/3665 3696/396/3650 
f 3650/350/3604 3711/411/3665 4387/418/4341 3649/349/3603 
f 3649/349/3603 4387/418/4341 4386/419/4340 3648/348/3602 
f 4385/430/4339 4388/431/4342 4389/432/4343 4384/429/4338 
f 4384/429/4338 4389/432/4343 3705/405/3659 3704/404/3658 
f 3710/410/3664 3705/405/3659 4389/432/4343 4390/433/4344 
f 4390/433/4344 4389/432/4343 4388/431/4342 4391/434/4345 
f 4392/422/4346 4393/421/4347 4394/420/4348 4395/423/4349 
f 4395/423/4349 4394/420/4348 3719/343/3673 3718/342/3672 
f 3726/350/3680 3719/343/3673 4394/420/4348 3793/417/3747 
f 3793/417/3747 4394/420/4348 4393/421/4347 3792/416/3746 
f 3791/415/3745 4396/427/4350 4397/428/4351 3789/413/3743 
f 3789/413/3743 4397/428/4351 3773/397/3727 3772/396/3726 
f 3780/404/3734 3773/397/3727 4397/428/4351 4398/429/4352 
f 4398/429/4352 4397/428/4351 4396/427/4350 4399/430/4353 
f 3777/401/3731 4400/419/4354 4401/418/4355 3775/399/3729 
f 3775/399/3729 4401/418/4355 3787/411/3741 3772/396/3726 
f 3726/350/3680 3787/411/3741 4401/418/4355 3725/349/3679 
f 3725/349/3679 4401/418/4355 4400/419/4354 3724/348/3678 
f 4399/430/4353 4402/431/4356 4403/432/4357 4398/429/4352 
f 4398/429/4352 4403/432/4357 3781/405/3735 3780/404/3734 
f 3786/410/3740 3781/405/3735 4403/432/4357 4404/433/4358 
f 4404/433/4358 4403/432/4357 4402/431/4356 4405/434/4359 
f 4406/422/4360 4407/421/4361 4408/420/4362 4409/423/4363 
f 4409/423/4363 4408/420/4362 3795/343/3749 3794/342/3748 
f 3802/350/3756 3795/343/3749 4408/420/4362 3854/417/3808 
f 3854/417/3808 4408/420/4362 4407/421/4361 3859/416/3813 
f 4410/402/4364 4411/400/4365 4412/398/4366 4413/403/4367 
f 4413/403/4367 4412/398/4366 4414/397/4368 4415/404/4369 
f 3853/396/3807 4414/397/4368 4412/398/4366 3852/399/3806 
f 3852/399/3806 4412/398/4366 4411/400/4365 3851/401/3805 
f 3857/415/3811 4416/427/4370 4417/428/4371 3856/413/3810 
f 3856/413/3810 4417/428/4371 4414/397/4368 3853/396/3807 
f 4415/404/4369 4414/397/4368 4417/428/4371 4418/429/4372 
f 4418/429/4372 4417/428/4371 4416/427/4370 4419/430/4373 
f 4420/408/4374 4421/407/4375 4422/406/4376 4423/409/4377 
f 4423/409/4377 4422/406/4376 4424/405/4378 4425/410/4379 
f 4415/404/4369 4424/405/4378 4422/406/4376 4413/403/4367 
f 4413/403/4367 4422/406/4376 4421/407/4375 4410/402/4364 
f 4419/430/4373 4426/431/4380 4427/432/4381 4418/429/4372 
f 4418/429/4372 4427/432/4381 4424/405/4378 4415/404/4369 
f 4425/410/4379 4424/405/4378 4427/432/4381 4428/433/4382 
f 4428/433/4382 4427/432/4381 4426/431/4380 4429/434/4383 
f 3914/348/3868 4430/346/4384 4431/344/4385 3912/349/3866 
f 3912/349/3866 4431/344/4385 3861/343/3815 3860/350/3814 
f 3868/342/3822 3861/343/3815 4431/344/4385 4432/345/4386 
f 4432/345/4386 4431/344/4385 4430/346/4384 4433/347/4387 
f 4434/402/4388 4435/400/4389 4436/398/4390 4437/403/4391 
f 4437/403/4391 4436/398/4390 4438/397/4392 4439/404/4393 
f 3917/396/3871 4438/397/4392 4436/398/4390 3916/399/3870 
f 3916/399/3870 4436/398/4390 4435/400/4389 3915/401/3869 
f 3920/415/3874 4440/427/4394 4441/428/4395 3919/413/3873 
f 3919/413/3873 4441/428/4395 4438/397/4392 3917/396/3871 
f 4439/404/4393 4438/397/4392 4441/428/4395 4442/429/4396 
f 4442/429/4396 4441/428/4395 4440/427/4394 4443/430/4397 
f 4444/408/4398 4445/407/4399 4446/406/4400 4447/409/4401 
f 4447/409/4401 4446/406/4400 4448/405/4402 4449/410/4403 
f 4439/404/4393 4448/405/4402 4446/406/4400 4437/403/4391 
f 4437/403/4391 4446/406/4400 4445/407/4399 4434/402/4388 
f 4443/430/4397 4450/431/4404 4451/432/4405 4442/429/4396 
f 4442/429/4396 4451/432/4405 4448/405/4402 4439/404/4393 
f 4449/410/4403 4448/405/4402 4451/432/4405 4452/433/4406 
f 4452/433/4406 4451/432/4405 4450/431/4404 4453/434/4407 
f 3976/348/3930 4454/346/4408 4455/344/4409 3974/349/3928 
f 3974/349/3928 4455/344/4409 3923/343/3877 3922/350/3876 
f 3930/342/3884 3923/343/3877 4455/344/4409 4456/345/4410 
f 4456/345/4410 4455/344/4409 4454/346/4408 4457/347/4411 
f 4458/402/4412 4459/400/4413 4460/398/4414 4461/403/4415 
f 4461/403/4415 4460/398/4414 4462/397/4416 4463/404/4417 
f 3979/396/3933 4462/397/4416 4460/398/4414 3978/399/3932 
f 3978/399/3932 4460/398/4414 4459/400/4413 3977/401/3931 
f 3982/415/3936 4464/427/4418 4465/428/4419 3981/413/3935 
f 3981/413/3935 4465/428/4419 4462/397/4416 3979/396/3933 
f 4463/404/4417 4462/397/4416 4465/428/4419 4466/429/4420 
f 4466/429/4420 4465/428/4419 4464/427/4418 4467/430/4421 
f 4468/408/4422 4469/407/4423 4470/406/4424 4471/409/4425 
f 4471/409/4425 4470/406/4424 4472/405/4426 4473/410/4427 
f 4463/404/4417 4472/405/4426 4470/406/4424 4461/403/4415 
f 4461/403/4415 4470/406/4424 4469/407/4423 4458/402/4412 
f 4467/430/4421 4474/431/4428 4475/432/4429 4466/429/4420 
f 4466/429/4420 4475/432/4429 4472/405/4426 4463/404/4417 
f 4473/410/4427 4472/405/4426 4475/432/4429 4476/433/4430 
f 4476/433/4430 4475/432/4429 4474/431/4428 4477/434/4431 
f 4038/348/3992 4478/346/4432 4479/344/4433 4036/349/3990 
f 4036/349/3990 4479/344/4433 3985/343/3939 3984/350/3938 
f 3992/342/3946 3985/343/3939 4479/344/4433 4480/345/4434 
f 4480/345/4434 4479/344/4433 4478/346/4432 4481/347/4435 
f 4482/402/4436 4483/400/4437 4484/398/4438 4485/403/4439 
f 4485/403/4439 4484/398/4438 4486/397/4440 4487/404/4441 
f 4041/396/3995 4486/397/4440 4484/398/4438 4040/399/3994 
f 4040/399/3994 4484/398/4438 4483/400/4437 4039/401/3993 
f 4044/415/3998 4488/427/4442 4489/428/4443 4043/413/3997 
f 4043/413/3997 4489/428/4443 4486/397/4440 4041/396/3995 
f 4487/404/4441 4486/397/4440 4489/428/4443 4490/429/4444 
f 4490/429/4444 4489/428/4443 4488/427/4442 4491/430/4445 
f 4492/408/4446 4493/407/4447 4494/406/4448 4495/409/4449 
f 4495/409/4449 4494/406/4448 4496/405/4450 4497/410/4451 
f 4487/404/4441 4496/405/4450 4494/406/4448 4485/403/4439 
f 4485/403/4439 4494/406/4448 4493/407/4447 4482/402/4436 
f 4491/430/4445 4498/431/4452 4499/432/4453 4490/429/4444 
f 4490/429/4444 4499/432/4453 4496/405/4450 4487/404/4441 
f 4497/410/4451 4496/405/4450 4499/432/4453 4500/433/4454 
f 4500/433/4454 4499/432/4453 4498/431/4452 4501/434/4455 
f 4100/348/4054 4502/346/4456 4503/344/4457 4098/349/4052 
f 4098/349/4052 4503/344/4457 4047/343/4001 4046/350/4000 
f 4054/342/4008 4047/343/4001 4503/344/4457 4504/345/4458 
f 4504/345/4458 4503/344/4457 4502/346/4456 4505/347/4459 
f 4506/402/4460 4507/400/4461 4508/398/4462 4509/403/4463 
f 4509/403/4463 4508/398/4462 4510/397/4464 4511/404/4465 
f 4103/396/4057 4510/397/4464 4508/398/4462 4102/399/4056 
f 4102/399/4056 4508/398/4462 4507/400/4461 4101/401/4055 
f 4106/415/4060 4512/427/4466 4513/428/4467 4105/413/4059 
f 4105/413/4059 4513/428/4467 4510/397/4464 4103/396/4057 
f 4511/404/4465 4510/397/4464 4513/428/4467 4514/429/4468 
f 4514/429/4468 4513/428/4467 4512/427/4466 4515/430/4469 
f 4516/408/4470 4517/407/4471 4518/406/4472 4519/409/4473 
f 4519/409/4473 4518/406/4472 4520/405/4474 4521/410/4475 
f 4511/404/4465 4520/405/4474 4518/406/4472 4509/403/4463 
f 4509/403/4463 4518/406/4472 4517/407/4471 4506/402/4460 
f 4515/430/4469 4522/431/4476 4523/432/4477 4514/429/4468 
f 4514/429/4468 4523/432/4477 4520/405/4474 4511/404/4465 
f 4521/410/4475 4520/405/4474 4523/432/4477 4524/433/4478 
f 4524/433/4478 4523/432/4477 4522/431/4476 4525/434/4479 
f 4526/422/4480 4527/421/4481 4528/420/4482 4529/423/4483 
f 4529/423/4483 4528/420/4482 4109/343/4063 4108/342/4062 
f 4116/350/4070 4109/343/4063 4528/420/4482 4183/417/4137 
f 4183/417/4137 4528/420/4482 4527/421/4481 4182/416/4136 
f 4181/415/4135 4530/427/4484 4531/428/4485 4179/413/4133 
f 4179/413/4133 4531/428/4485 4163/397/4117 4162/396/4116 
f 4170/404/4124 4163/397/4117 4531/428/4485 4532/429/4486 
f 4532/429/4486 4531/428/4485 4530/427/4484 4533/430/4487 
f 4167/401/4121 4534/419/4488 4535/418/4489 4165/399/4119 
f 4165/399/4119 4535/418/4489 4177/411/4131 4162/396/4116 
f 4116/350/4070 4177/411/4131 4535/418/4489 4115/349/4069 
f 4115/349/4069 4535/418/4489 4534/419/4488 4114/348/4068 
f 4533/430/4487 4536/431/4490 4537/432/4491 4532/429/4486 
f 4532/429/4486 4537/432/4491 4171/405/4125 4170/404/4124 
f 4176/410/4130 4171/405/4125 4537/432/4491 4538/433/4492 
f 4538/433/4492 4537/432/4491 4536/431/4490 4539/434/4493 
f 4540/422/4494 4541/421/4495 4542/420/4496 4543/423/4497 
f 4543/423/4497 4542/420/4496 4185/343/4139 4184/342/4138 
f 4192/350/4146 4185/343/4139 4542/420/4496 4244/417/4198 
f 4244/417/4198 4542/420/4496 4541/421/4495 4249/416/4203 
f 4544/402/4498 4545/400/4499 4546/398/4500 4547/403/4501 
f 4547/403/4501 4546/398/4500 4548/397/4502 4549/404/4503 
f 4243/396/4197 4548/397/4502 4546/398/4500 4242/399/4196 
f 4242/399/4196 4546/398/4500 4545/400/4499 4241/401/4195 
f 4247/415/4201 4550/427/4504 4551/428/4505 4246/413/4200 
f 4246/413/4200 4551/428/4505 4548/397/4502 4243/396/4197 
f 4549/404/4503 4548/397/4502 4551/428/4505 4552/429/4506 
f 4552/429/4506 4551/428/4505 4550/427/4504 4553/430/4507 
f 4554/408/4508 4555/407/4509 4556/406/4510 4557/409/4511 
f 4557/409/4511 4556/406/4510 4558/405/4512 4559/410/4513 
f 4549/404/4503 4558/405/4512 4556/406/4510 4547/403/4501 
f 4547/403/4501 4556/406/4510 4555/407/4509 4544/402/4498 
f 4553/430/4507 4560/431/4514 4561/432/4515 4552/429/4506 
f 4552/429/4506 4561/432/4515 4558/405/4512 4549/404/4503 
f 4559/410/4513 4558/405/4512 4561/432/4515 4562/433/4516 
f 4562/433/4516 4561/432/4515 4560/431/4514 4563/434/4517 
f 4564/422/4518 4565/421/4519 4566/420/4520 4567/423/4521 
f 4567/423/4521 4566/420/4520 4251/343/4205 4250/342/4204 
f 4258/350/4212 4251/343/4205 4566/420/4520 4310/417/4264 
f 4310/417/4264 4566/420/4520 4565/421/4519 4315/416/4269 
f 4568/402/4522 4569/400/4523 4570/398/4524 4571/403/4525 
f 4571/403/4525 4570/398/4524 4572/397/4526 4573/404/4527 
f 4309/396/4263 4572/397/4526 4570/398/4524 4308/399/4262 
f 4308/399/4262 4570/398/4524 4569/400/4523 4307/401/4261 
f 4313/415/4267 4574/427/4528 4575/428/4529 4312/413/4266 
f 4312/413/4266 4575/428/4529 4572/397/4526 4309/396/4263 
f 4573/404/4527 4572/397/4526 4575/428/4529 4576/429/4530 
f 4576/429/4530 4575/428/4529 4574/427/4528 4577/430/4531 
f 4578/408/4532 4579/407/4533 4580/406/4534 4581/409/4535 
f 4581/409/4535 4580/406/4534 4582/405/4536 4583/410/4537 
f 4573/404/4527 4582/405/4536 4580/406/4534 4571/403/4525 
f 4571/403/4525 4580/406/4534 4579/407/4533 4568/402/4522 
f 4577/430/4531 4584/431/4538 4585/432/4539 4576/429/4530 
f 4576/429/4530 4585/432/4539 4582/405/4536 4573/404/4527 
f 4583/410/4537 4582/405/4536 4585/432/4539 4586/433/4540 
f 4586/433/4540 4585/432/4539 4584/431/4538 4587/434/4541 
f 4370/348/4324 4588/346/4542 4589/344/4543 4368/349/4322 
f 4368/349/4322 4589/344/4543 4317/343/4271 4316/350/4270 
f 4324/342/4278 4317/343/4271 4589/344/4543 4590/345/4544 
f 4590/345/4544 4589/344/4543 4588/346/4542 4591/347/4545 
f 4592/402/4546 4593/400/4547 4594/398/4548 4595/403/4549 
f 4595/403/4549 4594/398/4548 4596/397/4550 4597/404/4551 
f 4373/396/4327 4596/397/4550 4594/398/4548 4372/399/4326 
f 4372/399/4326 4594/398/4548 4593/400/4547 4371/401/4325 
f 4376/415/4330 4598/427/4552 4599/428/4553 4375/413/4329 
f 4375/413/4329 4599/428/4553 4596/397/4550 4373/396/4327 
f 4597/404/4551 4596/397/4550 4599/428/4553 4600/429/4554 
f 4600/429/4554 4599/428/4553 4598/427/4552 4601/430/4555 
f 4602/408/4556 4603/407/4557 4604/406/4558 4605/409/4559 
f 4605/409/4559 4604/406/4558 4606/405/4560 4607/410/4561 
f 4597/404/4551 4606/405/4560 4604/406/4558 4595/403/4549 
f 4595/403/4549 4604/406/4558 4603/407/4557 4592/402/4546 
f 4601/430/4555 4608/431/4562 4609/432/4563 4600/429/4554 
f 4600/429/4554 4609/432/4563 4606/405/4560 4597/404/4551 
f 4607/410/4561 4606/405/4560 4609/432/4563 4610/433/4564 
f 4610/433/4564 4609/432/4563 4608/431/4562 4611/434/4565 
f 3657/357/3611 3658/358/3612 4612/435/4566 4613/436/4567 
f 4613/436/4567 4612/435/4566 3645/345/3599 3647/347/3601 
f 3642/342/3596 3645/345/3599 4612/435/4566 4614/424/4568 
f 4614/424/4568 4612/435/4566 3658/358/3612 3659/359/3613 
f 3659/359/3613 3664/364/3618 4615/425/4569 4614/424/4568 
f 4614/424/4568 4615/425/4569 4381/423/4335 3642/342/3596 
f 4378/422/4332 4381/423/4335 4615/425/4569 4616/426/4570 
f 4616/426/4570 4615/425/4569 3664/364/3618 3665/365/3619 
f 3733/357/3687 3734/358/3688 4617/435/4571 4618/436/4572 
f 4618/436/4572 4617/435/4571 3721/345/3675 3723/347/3677 
f 3718/342/3672 3721/345/3675 4617/435/4571 4619/424/4573 
f 4619/424/4573 4617/435/4571 3734/358/3688 3735/359/3689 
f 3735/359/3689 3740/364/3694 4620/425/4574 4619/424/4573 
f 4619/424/4573 4620/425/4574 4395/423/4349 3718/342/3672 
f 4392/422/4346 4395/423/4349 4620/425/4574 4621/426/4575 
f 4621/426/4575 4620/425/4574 3740/364/3694 3741/365/3695 
f 3809/357/3763 3810/358/3764 4622/435/4576 4623/436/4577 
f 4623/436/4577 4622/435/4576 3797/345/3751 3799/347/3753 
f 3794/342/3748 3797/345/3751 4622/435/4576 4624/424/4578 
f 4624/424/4578 4622/435/4576 3810/358/3764 3811/359/3765 
f 3811/359/3765 3816/364/3770 4625/425/4579 4624/424/4578 
f 4624/424/4578 4625/425/4579 4409/423/4363 3794/342/3748 
f 4406/422/4360 4409/423/4363 4625/425/4579 4626/426/4580 
f 4626/426/4580 4625/425/4579 3816/364/3770 3817/365/3771 
f 3874/359/3828 4627/358/4581 4628/353/4582 4629/352/4583 
f 4629/352/4583 4628/353/4582 3878/354/3832 3880/351/3834 
f 3875/356/3829 3878/354/3832 4628/353/4582 4630/355/4584 
f 4630/355/4584 4628/353/4582 4627/358/4581 4631/357/4585 
f 3872/365/3826 3873/364/3827 4632/362/4586 4633/361/4587 
f 4633/361/4587 4632/362/4586 3885/363/3839 3887/360/3841 
f 3880/351/3834 3885/363/3839 4632/362/4586 4629/352/4583 
f 4629/352/4583 4632/362/4586 3873/364/3827 3874/359/3828 
f 3936/359/3890 4634/358/4588 4635/353/4589 4636/352/4590 
f 4636/352/4590 4635/353/4589 3940/354/3894 3942/351/3896 
f 3937/356/3891 3940/354/3894 4635/353/4589 4637/355/4591 
f 4637/355/4591 4635/353/4589 4634/358/4588 4638/357/4592 
f 3934/365/3888 3935/364/3889 4639/362/4593 4640/361/4594 
f 4640/361/4594 4639/362/4593 3947/363/3901 3949/360/3903 
f 3942/351/3896 3947/363/3901 4639/362/4593 4636/352/4590 
f 4636/352/4590 4639/362/4593 3935/364/3889 3936/359/3890 
f 3998/359/3952 4641/358/4595 4642/353/4596 4643/352/4597 
f 4643/352/4597 4642/353/4596 4002/354/3956 4004/351/3958 
f 3999/356/3953 4002/354/3956 4642/353/4596 4644/355/4598 
f 4644/355/4598 4642/353/4596 4641/358/4595 4645/357/4599 
f 3996/365/3950 3997/364/3951 4646/362/4600 4647/361/4601 
f 4647/361/4601 4646/362/4600 4009/363/3963 4011/360/3965 
f 4004/351/3958 4009/363/3963 4646/362/4600 4643/352/4597 
f 4643/352/4597 4646/362/4600 3997/364/3951 3998/359/3952 
f 4060/359/4014 4648/358/4602 4649/353/4603 4650/352/4604 
f 4650/352/4604 4649/353/4603 4064/354/4018 4066/351/4020 
f 4061/356/4015 4064/354/4018 4649/353/4603 4651/355/4605 
f 4651/355/4605 4649/353/4603 4648/358/4602 4652/357/4606 
f 4058/365/4012 4059/364/4013 4653/362/4607 4654/361/4608 
f 4654/361/4608 4653/362/4607 4071/363/4025 4073/360/4027 
f 4066/351/4020 4071/363/4025 4653/362/4607 4650/352/4604 
f 4650/352/4604 4653/362/4607 4059/364/4013 4060/359/4014 
f 4123/357/4077 4124/358/4078 4655/435/4609 4656/436/4610 
f 4656/436/4610 4655/435/4609 4111/345/4065 4113/347/4067 
f 4108/342/4062 4111/345/4065 4655/435/4609 4657/424/4611 
f 4657/424/4611 4655/435/4609 4124/358/4078 4125/359/4079 
f 4125/359/4079 4130/364/4084 4658/425/4612 4657/424/4611 
f 4657/424/4611 4658/425/4612 4529/423/4483 4108/342/4062 
f 4526/422/4480 4529/423/4483 4658/425/4612 4659/426/4613 
f 4659/426/4613 4658/425/4612 4130/364/4084 4131/365/4085 
f 4199/357/4153 4200/358/4154 4660/435/4614 4661/436/4615 
f 4661/436/4615 4660/435/4614 4187/345/4141 4189/347/4143 
f 4184/342/4138 4187/345/4141 4660/435/4614 4662/424/4616 
f 4662/424/4616 4660/435/4614 4200/358/4154 4201/359/4155 
f 4201/359/4155 4206/364/4160 4663/425/4617 4662/424/4616 
f 4662/424/4616 4663/425/4617 4543/423/4497 4184/342/4138 
f 4540/422/4494 4543/423/4497 4663/425/4617 4664/426/4618 
f 4664/426/4618 4663/425/4617 4206/364/4160 4207/365/4161 
f 4265/357/4219 4266/358/4220 4665/435/4619 4666/436/4620 
f 4666/436/4620 4665/435/4619 4253/345/4207 4255/347/4209 
f 4250/342/4204 4253/345/4207 4665/435/4619 4667/424/4621 
f 4667/424/4621 4665/435/4619 4266/358/4220 4267/359/4221 
f 4267/359/4221 4272/364/4226 4668/425/4622 4667/424/4621 
f 4667/424/4621 4668/425/4622 4567/423/4521 4250/342/4204 
f 4564/422/4518 4567/423/4521 4668/425/4622 4669/426/4623 
f 4669/426/4623 4668/425/4622 4272/364/4226 4273/365/4227 
f 4330/359/4284 4670/358/4624 4671/353/4625 4672/352/4626 
f 4672/352/4626 4671/353/4625 4334/354/4288 4336/351/4290 
f 4331/356/4285 4334/354/4288 4671/353/4625 4673/355/4627 
f 4673/355/4627 4671/353/4625 4670/358/4624 4674/357/4628 
f 4328/365/4282 4329/364/4283 4675/362/4629 4676/361/4630 
f 4676/361/4630 4675/362/4629 4341/363/4295 4343/360/4297 
f 4336/351/4290 4341/363/4295 4675/362/4629 4672/352/4626 
f 4672/352/4626 4675/362/4629 4329/364/4283 4330/359/4284 
f 4433/347/4387 4677/436/4631 4678/435/4632 4432/345/4386 
f 4432/345/4386 4678/435/4632 3869/424/3823 3868/342/3822 
f 3874/359/3828 3869/424/3823 4678/435/4632 4627/358/4581 
f 4627/358/4581 4678/435/4632 4677/436/4631 4631/357/4585 
f 4457/347/4411 4679/436/4633 4680/435/4634 4456/345/4410 
f 4456/345/4410 4680/435/4634 3931/424/3885 3930/342/3884 
f 3936/359/3890 3931/424/3885 4680/435/4634 4634/358/4588 
f 4634/358/4588 4680/435/4634 4679/436/4633 4638/357/4592 
f 4481/347/4435 4681/436/4635 4682/435/4636 4480/345/4434 
f 4480/345/4434 4682/435/4636 3993/424/3947 3992/342/3946 
f 3998/359/3952 3993/424/3947 4682/435/4636 4641/358/4595 
f 4641/358/4595 4682/435/4636 4681/436/4635 4645/357/4599 
f 4505/347/4459 4683/436/4637 4684/435/4638 4504/345/4458 
f 4504/345/4458 4684/435/4638 4055/424/4009 4054/342/4008 
f 4060/359/4014 4055/424/4009 4684/435/4638 4648/358/4602 
f 4648/358/4602 4684/435/4638 4683/436/4637 4652/357/4606 
f 4591/347/4545 4685/436/4639 4686/435/4640 4590/345/4544 
f 4590/345/4544 4686/435/4640 4325/424/4279 4324/342/4278 
f 4330/359/4284 4325/424/4279 4686/435/4640 4670/358/4624 
f 4670/358/4624 4686/435/4640 4685/436/4639 4674/357/4628 
# 792 polygons

#
# object PalmPalntTrunck_LOD0
#

v  3.2483 -0.0000 -0.0000
v  2.8131 -0.0000 -1.6242
v  2.7665 17.6000 -1.5973
v  3.1945 17.6000 -0.0000
v  1.6242 -0.0000 -2.8131
v  1.5973 17.6000 -2.7665
v  0.0000 -0.0000 -3.2483
v  0.0000 17.6000 -3.1945
v  -1.6242 -0.0000 -2.8131
v  -1.5973 17.6000 -2.7665
v  -2.8131 -0.0000 -1.6242
v  -2.7665 17.6000 -1.5973
v  -3.2483 -0.0000 -0.0000
v  -3.1945 17.6000 -0.0000
v  -2.8131 -0.0000 1.6242
v  -2.7665 17.6000 1.5973
v  -1.6242 -0.0000 2.8131
v  -1.5973 17.6000 2.7665
v  -0.0000 -0.0000 3.2483
v  -0.0000 17.6000 3.1945
v  1.6242 -0.0000 2.8131
v  1.5973 17.6000 2.7665
v  2.8131 -0.0000 1.6242
v  2.7665 17.6000 1.5973
v  2.5838 35.2000 -1.4917
v  2.9835 35.2000 -0.0000
v  1.4917 35.2000 -2.5838
v  0.0000 35.2000 -2.9835
v  -1.4917 35.2000 -2.5837
v  -2.5838 35.2000 -1.4917
v  -2.9835 35.2000 -0.0000
v  -2.5838 35.2000 1.4917
v  -1.4917 35.2000 2.5838
v  -0.0000 35.2000 2.9835
v  1.4917 35.2000 2.5838
v  2.5837 35.2000 1.4917
v  2.1711 52.8000 -1.2535
v  2.5069 52.8000 -0.0000
v  1.2535 52.8000 -2.1711
v  -0.0000 52.8000 -2.5069
v  -1.2535 52.8000 -2.1711
v  -2.1711 52.8000 -1.2535
v  -2.5069 52.8000 -0.0000
v  -2.1711 52.8000 1.2535
v  -1.2535 52.8000 2.1711
v  -0.0000 52.8000 2.5069
v  1.2535 52.8000 2.1711
v  2.1711 52.8000 1.2535
v  1.4349 70.4000 -0.8284
v  1.6568 70.4000 0.0000
v  0.8284 70.4000 -1.4349
v  -0.0000 70.4000 -1.6568
v  -0.8284 70.4000 -1.4349
v  -1.4349 70.4000 -0.8284
v  -1.6568 70.4000 -0.0000
v  -1.4349 70.4000 0.8284
v  -0.8284 70.4000 1.4349
v  0.0000 70.4000 1.6568
v  0.8284 70.4000 1.4349
v  1.4349 70.4000 0.8284
v  0.2815 88.0000 -0.1625
v  0.3250 88.0000 -0.0000
v  0.1625 88.0000 -0.2815
v  -0.0000 88.0000 -0.3250
v  -0.1625 88.0000 -0.2815
v  -0.2815 88.0000 -0.1625
v  -0.3250 88.0000 -0.0000
v  -0.2815 88.0000 0.1625
v  -0.1625 88.0000 0.2815
v  0.0000 88.0000 0.3250
v  0.1625 88.0000 0.2815
v  0.2815 88.0000 0.1625
v  0.3250 -8.0000 -0.0000
v  0.2815 -8.0000 -0.1625
v  0.1625 -8.0000 -0.2815
v  0.0000 -8.0000 -0.3250
v  -0.1625 -8.0000 -0.2815
v  -0.2815 -8.0000 -0.1625
v  -0.3250 -8.0000 -0.0000
v  -0.2815 -8.0000 0.1625
v  -0.1625 -8.0000 0.2815
v  0.0000 -8.0000 0.3250
v  0.1625 -8.0000 0.2815
v  0.2815 -8.0000 0.1625
# 84 vertices

vn 0.9858 -0.1680 -0.0000
vn 0.8537 -0.1680 -0.4929
vn 0.8660 0.0075 -0.5000
vn 1.0000 0.0075 -0.0000
vn 0.4929 -0.1680 -0.8537
vn 0.5000 0.0075 -0.8660
vn -0.0000 -0.1680 -0.9858
vn 0.0000 0.0075 -1.0000
vn -0.4929 -0.1680 -0.8537
vn -0.5000 0.0075 -0.8660
vn -0.8537 -0.1680 -0.4929
vn -0.8660 0.0075 -0.5000
vn -0.9858 -0.1680 -0.0000
vn -1.0000 0.0075 -0.0000
vn -0.8537 -0.1680 0.4929
vn -0.8660 0.0075 0.5000
vn -0.4929 -0.1680 0.8537
vn -0.5000 0.0075 0.8660
vn -0.0000 -0.1680 0.9858
vn -0.0000 0.0075 1.0000
vn 0.4929 -0.1680 0.8537
vn 0.5000 0.0075 0.8660
vn 0.8537 -0.1680 0.4929
vn 0.8660 0.0075 0.5000
vn 0.8659 0.0195 -0.4999
vn 0.9998 0.0195 0.0000
vn 0.4999 0.0195 -0.8659
vn -0.0000 0.0195 -0.9998
vn -0.4999 0.0195 -0.8659
vn -0.8659 0.0195 -0.4999
vn -0.9998 0.0195 -0.0000
vn -0.8659 0.0195 0.4999
vn -0.4999 0.0195 0.8659
vn -0.0000 0.0195 0.9998
vn 0.4999 0.0195 0.8659
vn 0.8659 0.0195 0.4999
vn 0.8654 0.0376 -0.4996
vn 0.9993 0.0376 0.0000
vn 0.4996 0.0376 -0.8654
vn -0.0000 0.0376 -0.9993
vn -0.4996 0.0376 -0.8654
vn -0.8654 0.0376 -0.4996
vn -0.9993 0.0376 0.0000
vn -0.8654 0.0376 0.4996
vn -0.4996 0.0376 0.8654
vn -0.0000 0.0376 0.9993
vn 0.4996 0.0376 0.8654
vn 0.8654 0.0376 0.4996
vn 0.8644 0.0617 -0.4990
vn 0.9981 0.0617 0.0000
vn 0.4990 0.0617 -0.8644
vn -0.0000 0.0617 -0.9981
vn -0.4990 0.0617 -0.8644
vn -0.8644 0.0617 -0.4990
vn -0.9981 0.0617 0.0000
vn -0.8644 0.0617 0.4990
vn -0.4990 0.0617 0.8644
vn -0.0000 0.0617 0.9981
vn 0.4990 0.0617 0.8644
vn 0.8644 0.0617 0.4990
vn 0.8636 0.0755 -0.4986
vn 0.9971 0.0755 0.0000
vn 0.4986 0.0755 -0.8636
vn 0.0000 0.0755 -0.9971
vn -0.4986 0.0755 -0.8636
vn -0.8636 0.0755 -0.4986
vn -0.9971 0.0755 -0.0000
vn -0.8636 0.0755 0.4986
vn -0.4986 0.0755 0.8636
vn 0.0000 0.0755 0.9971
vn 0.4986 0.0755 0.8636
vn 0.8636 0.0755 0.4986
vn 0.9393 -0.3432 0.0000
vn 0.8134 -0.3432 -0.4696
vn 0.4696 -0.3432 -0.8134
vn 0.0000 -0.3432 -0.9393
vn -0.4696 -0.3432 -0.8134
vn -0.8134 -0.3432 -0.4696
vn -0.9393 -0.3432 0.0000
vn -0.8134 -0.3432 0.4696
vn -0.4696 -0.3432 0.8134
vn -0.0000 -0.3432 0.9393
vn 0.4696 -0.3432 0.8134
vn 0.8134 -0.3432 0.4696
# 84 vertex normals

vt 0.4347 0.0160 -28.0000
vt 0.4451 0.0160 -28.0000
vt 0.4451 0.0251 -28.0000
vt 0.4347 0.0251 -28.0000
vt 0.4556 0.0160 -28.0000
vt 0.4556 0.0251 -28.0000
vt 0.4660 0.0160 -28.0000
vt 0.4660 0.0251 -28.0000
vt 0.4764 0.0160 -28.0000
vt 0.4764 0.0251 -28.0000
vt 0.4867 0.0160 -28.0000
vt 0.4867 0.0251 -28.0000
vt 0.4970 0.0160 -28.0000
vt 0.4970 0.0251 -28.0000
vt 0.5073 0.0160 -28.0000
vt 0.5073 0.0251 -28.0000
vt 0.5175 0.0160 -28.0000
vt 0.5175 0.0251 -28.0000
vt 0.5277 0.0160 -28.0000
vt 0.5277 0.0251 -28.0000
vt 0.5380 0.0160 -28.0000
vt 0.5380 0.0251 -28.0000
vt 0.5483 0.0160 -28.0000
vt 0.5483 0.0251 -28.0000
vt 0.5587 0.0160 -28.0000
vt 0.5587 0.0251 -28.0000
vt 0.4451 0.0342 -28.0000
vt 0.4347 0.0342 -28.0000
vt 0.4556 0.0342 -28.0000
vt 0.4660 0.0342 -28.0000
vt 0.4764 0.0342 -28.0000
vt 0.4867 0.0342 -28.0000
vt 0.4970 0.0342 -28.0000
vt 0.5073 0.0342 -28.0000
vt 0.5175 0.0342 -28.0000
vt 0.5277 0.0342 -28.0000
vt 0.5380 0.0342 -28.0000
vt 0.5483 0.0342 -28.0000
vt 0.5587 0.0342 -28.0000
vt 0.4451 0.0433 -28.0000
vt 0.4347 0.0433 -28.0000
vt 0.4556 0.0433 -28.0000
vt 0.4660 0.0433 -28.0000
vt 0.4764 0.0433 -28.0000
vt 0.4867 0.0433 -28.0000
vt 0.4970 0.0433 -28.0000
vt 0.5073 0.0433 -28.0000
vt 0.5175 0.0433 -28.0000
vt 0.5277 0.0433 -28.0000
vt 0.5380 0.0433 -28.0000
vt 0.5483 0.0433 -28.0000
vt 0.5587 0.0433 -28.0000
vt 0.4451 0.0524 -28.0000
vt 0.4347 0.0524 -28.0000
vt 0.4556 0.0524 -28.0000
vt 0.4660 0.0524 -28.0000
vt 0.4764 0.0524 -28.0000
vt 0.4867 0.0524 -28.0000
vt 0.4970 0.0524 -28.0000
vt 0.5073 0.0524 -28.0000
vt 0.5175 0.0524 -28.0000
vt 0.5277 0.0524 -28.0000
vt 0.5380 0.0524 -28.0000
vt 0.5483 0.0524 -28.0000
vt 0.5587 0.0524 -28.0000
vt 0.4451 0.0615 36.0000
vt 0.4347 0.0615 -28.0000
vt 0.4556 0.0615 -28.0000
vt 0.4660 0.0615 -28.0000
vt 0.4764 0.0615 -28.0000
vt 0.4867 0.0615 -28.0000
vt 0.4970 0.0615 -28.0000
vt 0.5073 0.0615 -28.0000
vt 0.5175 0.0615 -28.0000
vt 0.5277 0.0615 -28.0000
vt 0.5380 0.0615 -28.0000
vt 0.5483 0.0615 -28.0000
vt 0.5587 0.0615 -28.0000
vt 0.4347 0.0103 -36.0000
vt 0.4451 0.0103 -28.0000
vt 0.4556 0.0103 -28.0000
vt 0.4660 0.0103 -28.0000
vt 0.4764 0.0103 -28.0000
vt 0.4867 0.0103 -28.0000
vt 0.4970 0.0103 -28.0000
vt 0.5073 0.0103 -28.0000
vt 0.5175 0.0103 -28.0000
vt 0.5277 0.0103 -28.0000
vt 0.5380 0.0103 -28.0000
vt 0.5483 0.0103 -28.0000
vt 0.5587 0.0103 -36.0000
# 91 texture coords

o PalmPalntTrunck_LOD0
g PalmPalntTrunck_LOD0
usemtl Material__25
s 1
f 4687/437/4641 4688/438/4642 4689/439/4643 4690/440/4644 
f 4688/438/4642 4691/441/4645 4692/442/4646 4689/439/4643 
f 4691/441/4645 4693/443/4647 4694/444/4648 4692/442/4646 
f 4693/443/4647 4695/445/4649 4696/446/4650 4694/444/4648 
f 4695/445/4649 4697/447/4651 4698/448/4652 4696/446/4650 
f 4697/447/4651 4699/449/4653 4700/450/4654 4698/448/4652 
f 4699/449/4653 4701/451/4655 4702/452/4656 4700/450/4654 
f 4701/451/4655 4703/453/4657 4704/454/4658 4702/452/4656 
f 4703/453/4657 4705/455/4659 4706/456/4660 4704/454/4658 
f 4705/455/4659 4707/457/4661 4708/458/4662 4706/456/4660 
f 4707/457/4661 4709/459/4663 4710/460/4664 4708/458/4662 
f 4709/459/4663 4687/461/4641 4690/462/4644 4710/460/4664 
f 4690/440/4644 4689/439/4643 4711/463/4665 4712/464/4666 
f 4689/439/4643 4692/442/4646 4713/465/4667 4711/463/4665 
f 4692/442/4646 4694/444/4648 4714/466/4668 4713/465/4667 
f 4694/444/4648 4696/446/4650 4715/467/4669 4714/466/4668 
f 4696/446/4650 4698/448/4652 4716/468/4670 4715/467/4669 
f 4698/448/4652 4700/450/4654 4717/469/4671 4716/468/4670 
f 4700/450/4654 4702/452/4656 4718/470/4672 4717/469/4671 
f 4702/452/4656 4704/454/4658 4719/471/4673 4718/470/4672 
f 4704/454/4658 4706/456/4660 4720/472/4674 4719/471/4673 
f 4706/456/4660 4708/458/4662 4721/473/4675 4720/472/4674 
f 4708/458/4662 4710/460/4664 4722/474/4676 4721/473/4675 
f 4710/460/4664 4690/462/4644 4712/475/4666 4722/474/4676 
f 4712/464/4666 4711/463/4665 4723/476/4677 4724/477/4678 
f 4711/463/4665 4713/465/4667 4725/478/4679 4723/476/4677 
f 4713/465/4667 4714/466/4668 4726/479/4680 4725/478/4679 
f 4714/466/4668 4715/467/4669 4727/480/4681 4726/479/4680 
f 4715/467/4669 4716/468/4670 4728/481/4682 4727/480/4681 
f 4716/468/4670 4717/469/4671 4729/482/4683 4728/481/4682 
f 4717/469/4671 4718/470/4672 4730/483/4684 4729/482/4683 
f 4718/470/4672 4719/471/4673 4731/484/4685 4730/483/4684 
f 4719/471/4673 4720/472/4674 4732/485/4686 4731/484/4685 
f 4720/472/4674 4721/473/4675 4733/486/4687 4732/485/4686 
f 4721/473/4675 4722/474/4676 4734/487/4688 4733/486/4687 
f 4722/474/4676 4712/475/4666 4724/488/4678 4734/487/4688 
f 4724/477/4678 4723/476/4677 4735/489/4689 4736/490/4690 
f 4723/476/4677 4725/478/4679 4737/491/4691 4735/489/4689 
f 4725/478/4679 4726/479/4680 4738/492/4692 4737/491/4691 
f 4726/479/4680 4727/480/4681 4739/493/4693 4738/492/4692 
f 4727/480/4681 4728/481/4682 4740/494/4694 4739/493/4693 
f 4728/481/4682 4729/482/4683 4741/495/4695 4740/494/4694 
f 4729/482/4683 4730/483/4684 4742/496/4696 4741/495/4695 
f 4730/483/4684 4731/484/4685 4743/497/4697 4742/496/4696 
f 4731/484/4685 4732/485/4686 4744/498/4698 4743/497/4697 
f 4732/485/4686 4733/486/4687 4745/499/4699 4744/498/4698 
f 4733/486/4687 4734/487/4688 4746/500/4700 4745/499/4699 
f 4734/487/4688 4724/488/4678 4736/501/4690 4746/500/4700 
f 4736/490/4690 4735/489/4689 4747/502/4701 4748/503/4702 
f 4735/489/4689 4737/491/4691 4749/504/4703 4747/502/4701 
f 4737/491/4691 4738/492/4692 4750/505/4704 4749/504/4703 
f 4738/492/4692 4739/493/4693 4751/506/4705 4750/505/4704 
f 4739/493/4693 4740/494/4694 4752/507/4706 4751/506/4705 
f 4740/494/4694 4741/495/4695 4753/508/4707 4752/507/4706 
f 4741/495/4695 4742/496/4696 4754/509/4708 4753/508/4707 
f 4742/496/4696 4743/497/4697 4755/510/4709 4754/509/4708 
f 4743/497/4697 4744/498/4698 4756/511/4710 4755/510/4709 
f 4744/498/4698 4745/499/4699 4757/512/4711 4756/511/4710 
f 4745/499/4699 4746/500/4700 4758/513/4712 4757/512/4711 
f 4746/500/4700 4736/501/4690 4748/514/4702 4758/513/4712 
f 4688/438/4642 4687/437/4641 4759/515/4713 4760/516/4714 
f 4691/441/4645 4688/438/4642 4760/516/4714 4761/517/4715 
f 4693/443/4647 4691/441/4645 4761/517/4715 4762/518/4716 
f 4695/445/4649 4693/443/4647 4762/518/4716 4763/519/4717 
f 4697/447/4651 4695/445/4649 4763/519/4717 4764/520/4718 
f 4699/449/4653 4697/447/4651 4764/520/4718 4765/521/4719 
f 4701/451/4655 4699/449/4653 4765/521/4719 4766/522/4720 
f 4703/453/4657 4701/451/4655 4766/522/4720 4767/523/4721 
f 4705/455/4659 4703/453/4657 4767/523/4721 4768/524/4722 
f 4707/457/4661 4705/455/4659 4768/524/4722 4769/525/4723 
f 4709/459/4663 4707/457/4661 4769/525/4723 4770/526/4724 
f 4687/461/4641 4709/459/4663 4770/526/4724 4759/527/4713 
# 72 polygons

#
# object PalmPalntTrunck_LOD1
#

v  3.2483 -0.0000 -0.0000
v  2.2186 -0.0000 -2.2186
v  2.1098 26.4000 -2.1098
v  3.0890 26.4000 -0.0000
v  0.0000 -0.0000 -3.2483
v  0.0000 26.4000 -3.0890
v  -2.2186 -0.0000 -2.2186
v  -2.1098 26.4000 -2.1098
v  -3.2483 -0.0000 -0.0000
v  -3.0890 26.4000 -0.0000
v  -2.2186 -0.0000 2.2186
v  -2.1098 26.4000 2.1098
v  -0.0000 -0.0000 3.2483
v  -0.0000 26.4000 3.0890
v  2.2186 -0.0000 2.2186
v  2.1098 26.4000 2.1098
v  1.4220 61.6000 -1.4220
v  2.0819 61.6000 0.0000
v  -0.0000 61.6000 -2.0819
v  -1.4220 61.6000 -1.4220
v  -2.0819 61.6000 -0.0000
v  -1.4220 61.6000 1.4220
v  -0.0000 61.6000 2.0819
v  1.4220 61.6000 1.4220
v  0.2220 88.0000 -0.2220
v  0.3250 88.0000 -0.0000
v  -0.0000 88.0000 -0.3250
v  -0.2220 88.0000 -0.2220
v  -0.3250 88.0000 -0.0000
v  -0.2220 88.0000 0.2220
v  0.0000 88.0000 0.3250
v  0.2220 88.0000 0.2220
v  0.3250 -8.0000 -0.0000
v  0.2220 -8.0000 -0.2220
v  0.0000 -8.0000 -0.3250
v  -0.2220 -8.0000 -0.2220
v  -0.3250 -8.0000 -0.0000
v  -0.2220 -8.0000 0.2220
v  0.0000 -8.0000 0.3250
v  0.2220 -8.0000 0.2220
# 40 vertices

vn 0.9865 -0.1638 -0.0000
vn 0.6980 -0.1601 -0.6980
vn 0.7070 0.0167 -0.7070
vn 0.9999 0.0173 0.0000
vn -0.0000 -0.1638 -0.9865
vn -0.0000 0.0173 -0.9999
vn -0.6980 -0.1601 -0.6980
vn -0.7070 0.0167 -0.7070
vn -0.9865 -0.1638 -0.0000
vn -0.9999 0.0173 -0.0000
vn -0.6980 -0.1601 0.6980
vn -0.7070 0.0167 0.7070
vn -0.0000 -0.1638 0.9865
vn -0.0000 0.0173 0.9999
vn 0.6980 -0.1601 0.6980
vn 0.7070 0.0167 0.7070
vn 0.7064 0.0457 -0.7064
vn 0.9989 0.0473 0.0000
vn -0.0000 0.0473 -0.9989
vn -0.7064 0.0457 -0.7064
vn -0.9989 0.0473 0.0000
vn -0.7064 0.0457 0.7064
vn -0.0000 0.0473 0.9989
vn 0.7064 0.0457 0.7064
vn 0.7057 0.0641 -0.7056
vn 0.9978 0.0664 -0.0000
vn -0.0000 0.0664 -0.9978
vn -0.7057 0.0641 -0.7056
vn -0.9978 0.0664 -0.0000
vn -0.7057 0.0641 0.7056
vn 0.0000 0.0664 0.9978
vn 0.7056 0.0641 0.7057
vn 0.9393 -0.3432 0.0000
vn 0.6668 -0.3328 -0.6668
vn 0.0000 -0.3432 -0.9393
vn -0.6668 -0.3328 -0.6668
vn -0.9393 -0.3432 0.0000
vn -0.6668 -0.3328 0.6668
vn -0.0000 -0.3432 0.9393
vn 0.6668 -0.3328 0.6668
# 40 vertex normals

vt 0.4347 0.0160 -28.0000
vt 0.4504 0.0160 -28.0000
vt 0.4504 0.0296 -28.0000
vt 0.4347 0.0296 -28.0000
vt 0.4660 0.0160 -28.0000
vt 0.4660 0.0296 -28.0000
vt 0.4816 0.0160 -28.0000
vt 0.4816 0.0296 -28.0000
vt 0.4970 0.0160 -28.0000
vt 0.4970 0.0296 -28.0000
vt 0.5124 0.0160 -28.0000
vt 0.5124 0.0296 -28.0000
vt 0.5277 0.0160 -28.0000
vt 0.5277 0.0296 -28.0000
vt 0.5431 0.0160 -28.0000
vt 0.5431 0.0296 -28.0000
vt 0.5587 0.0160 -28.0000
vt 0.5587 0.0296 -28.0000
vt 0.4504 0.0479 -28.0000
vt 0.4347 0.0479 -28.0000
vt 0.4660 0.0479 -28.0000
vt 0.4816 0.0479 -28.0000
vt 0.4970 0.0479 -28.0000
vt 0.5124 0.0479 -28.0000
vt 0.5277 0.0479 -28.0000
vt 0.5431 0.0479 -28.0000
vt 0.5587 0.0479 -28.0000
vt 0.4504 0.0615 4.0000
vt 0.4347 0.0615 -28.0000
vt 0.4660 0.0615 -28.0000
vt 0.4816 0.0615 -28.0000
vt 0.4970 0.0615 -28.0000
vt 0.5124 0.0615 -28.0000
vt 0.5277 0.0615 -28.0000
vt 0.5431 0.0615 -28.0000
vt 0.5587 0.0615 -28.0000
vt 0.4347 0.0103 -36.0000
vt 0.4504 0.0103 -28.0000
vt 0.4660 0.0103 -28.0000
vt 0.4816 0.0103 -28.0000
vt 0.4970 0.0103 -28.0000
vt 0.5124 0.0103 -28.0000
vt 0.5277 0.0103 -28.0000
vt 0.5431 0.0103 -28.0000
vt 0.5587 0.0103 -36.0000
# 45 texture coords

o PalmPalntTrunck_LOD1
g PalmPalntTrunck_LOD1
usemtl Material__25
s 1
f 4771/528/4725 4772/529/4726 4773/530/4727 4774/531/4728 
f 4772/529/4726 4775/532/4729 4776/533/4730 4773/530/4727 
f 4775/532/4729 4777/534/4731 4778/535/4732 4776/533/4730 
f 4777/534/4731 4779/536/4733 4780/537/4734 4778/535/4732 
f 4779/536/4733 4781/538/4735 4782/539/4736 4780/537/4734 
f 4781/538/4735 4783/540/4737 4784/541/4738 4782/539/4736 
f 4783/540/4737 4785/542/4739 4786/543/4740 4784/541/4738 
f 4785/542/4739 4771/544/4725 4774/545/4728 4786/543/4740 
f 4774/531/4728 4773/530/4727 4787/546/4741 4788/547/4742 
f 4773/530/4727 4776/533/4730 4789/548/4743 4787/546/4741 
f 4776/533/4730 4778/535/4732 4790/549/4744 4789/548/4743 
f 4778/535/4732 4780/537/4734 4791/550/4745 4790/549/4744 
f 4780/537/4734 4782/539/4736 4792/551/4746 4791/550/4745 
f 4782/539/4736 4784/541/4738 4793/552/4747 4792/551/4746 
f 4784/541/4738 4786/543/4740 4794/553/4748 4793/552/4747 
f 4786/543/4740 4774/545/4728 4788/554/4742 4794/553/4748 
f 4788/547/4742 4787/546/4741 4795/555/4749 4796/556/4750 
f 4787/546/4741 4789/548/4743 4797/557/4751 4795/555/4749 
f 4789/548/4743 4790/549/4744 4798/558/4752 4797/557/4751 
f 4790/549/4744 4791/550/4745 4799/559/4753 4798/558/4752 
f 4791/550/4745 4792/551/4746 4800/560/4754 4799/559/4753 
f 4792/551/4746 4793/552/4747 4801/561/4755 4800/560/4754 
f 4793/552/4747 4794/553/4748 4802/562/4756 4801/561/4755 
f 4794/553/4748 4788/554/4742 4796/563/4750 4802/562/4756 
f 4772/529/4726 4771/528/4725 4803/564/4757 4804/565/4758 
f 4775/532/4729 4772/529/4726 4804/565/4758 4805/566/4759 
f 4777/534/4731 4775/532/4729 4805/566/4759 4806/567/4760 
f 4779/536/4733 4777/534/4731 4806/567/4760 4807/568/4761 
f 4781/538/4735 4779/536/4733 4807/568/4761 4808/569/4762 
f 4783/540/4737 4781/538/4735 4808/569/4762 4809/570/4763 
f 4785/542/4739 4783/540/4737 4809/570/4763 4810/571/4764 
f 4771/544/4725 4785/542/4739 4810/571/4764 4803/572/4757 
# 32 polygons

#
# object PalmPalntTrunck_LOD2
#

v  3.2483 -0.0000 -0.0000
v  2.2186 -0.0000 -2.2186
v  1.7659 44.0000 -1.7659
v  2.5854 44.0000 -0.0000
v  0.0000 -0.0000 -3.2483
v  -0.0000 44.0000 -2.5854
v  -2.2186 -0.0000 -2.2186
v  -1.7659 44.0000 -1.7659
v  -3.2483 -0.0000 -0.0000
v  -2.5854 44.0000 -0.0000
v  -2.2186 -0.0000 2.2186
v  -1.7659 44.0000 1.7659
v  -0.0000 -0.0000 3.2483
v  -0.0000 44.0000 2.5854
v  2.2186 -0.0000 2.2186
v  1.7659 44.0000 1.7659
v  0.0000 88.0000 -0.0000
v  0.0000 -8.0000 -0.0000
# 18 vertices

vn 0.9845 -0.1753 0.0000
vn 0.6966 -0.1716 -0.6966
vn 0.7067 0.0355 -0.7067
vn 0.9993 0.0367 -0.0000
vn -0.0000 -0.1753 -0.9845
vn -0.0000 0.0367 -0.9993
vn -0.6966 -0.1716 -0.6966
vn -0.7067 0.0355 -0.7067
vn -0.9845 -0.1753 -0.0000
vn -0.9993 0.0367 -0.0000
vn -0.6966 -0.1716 0.6966
vn -0.7067 0.0355 0.7067
vn -0.0000 -0.1753 0.9845
vn -0.0000 0.0367 0.9993
vn 0.6966 -0.1716 0.6966
vn 0.7067 0.0355 0.7067
vn 0.9058 0.0532 -0.4204
vn 0.4204 0.0532 -0.9058
vn -0.4204 0.0532 -0.9058
vn -0.9058 0.0532 -0.4204
vn -0.9058 0.0532 0.4204
vn -0.4204 0.0532 0.9058
vn 0.4204 0.0532 0.9058
vn 0.9058 0.0532 0.4204
vn 0.8512 -0.3456 -0.3950
vn 0.3950 -0.3456 -0.8512
vn -0.3950 -0.3456 -0.8512
vn -0.8512 -0.3456 -0.3950
vn -0.8512 -0.3456 0.3950
vn -0.3950 -0.3456 0.8512
vn 0.3950 -0.3456 0.8512
vn 0.8512 -0.3456 0.3950
# 32 vertex normals

vt 0.4347 0.0160 -28.0000
vt 0.4504 0.0160 -28.0000
vt 0.4504 0.0387 -28.0000
vt 0.4347 0.0387 -28.0000
vt 0.4660 0.0160 -28.0000
vt 0.4660 0.0387 -28.0000
vt 0.4816 0.0160 -28.0000
vt 0.4816 0.0387 -28.0000
vt 0.4970 0.0160 -28.0000
vt 0.4970 0.0387 -28.0000
vt 0.5124 0.0160 -28.0000
vt 0.5124 0.0387 -28.0000
vt 0.5277 0.0160 -28.0000
vt 0.5277 0.0387 -28.0000
vt 0.5431 0.0160 -28.0000
vt 0.5431 0.0387 -28.0000
vt 0.5587 0.0160 -28.0000
vt 0.5587 0.0387 -28.0000
vt 0.4968 0.0615 -24.4444
vt 0.4968 0.0103 -29.7778
# 20 texture coords

o PalmPalntTrunck_LOD2
g PalmPalntTrunck_LOD2
usemtl Material__25
s 1
f 4811/573/4765 4812/574/4766 4813/575/4767 4814/576/4768 
f 4812/574/4766 4815/577/4769 4816/578/4770 4813/575/4767 
f 4815/577/4769 4817/579/4771 4818/580/4772 4816/578/4770 
f 4817/579/4771 4819/581/4773 4820/582/4774 4818/580/4772 
f 4819/581/4773 4821/583/4775 4822/584/4776 4820/582/4774 
f 4821/583/4775 4823/585/4777 4824/586/4778 4822/584/4776 
f 4823/585/4777 4825/587/4779 4826/588/4780 4824/586/4778 
f 4825/587/4779 4811/589/4765 4814/590/4768 4826/588/4780 
f 4814/576/4768 4813/575/4767 4827/591/4781 
f 4813/575/4767 4816/578/4770 4827/591/4782 
f 4816/578/4770 4818/580/4772 4827/591/4783 
f 4818/580/4772 4820/582/4774 4827/591/4784 
f 4820/582/4774 4822/584/4776 4827/591/4785 
f 4822/584/4776 4824/586/4778 4827/591/4786 
f 4824/586/4778 4826/588/4780 4827/591/4787 
f 4826/588/4780 4814/590/4768 4827/591/4788 
f 4812/574/4766 4811/573/4765 4828/592/4789 
f 4815/577/4769 4812/574/4766 4828/592/4790 
f 4817/579/4771 4815/577/4769 4828/592/4791 
f 4819/581/4773 4817/579/4771 4828/592/4792 
f 4821/583/4775 4819/581/4773 4828/592/4793 
f 4823/585/4777 4821/583/4775 4828/592/4794 
f 4825/587/4779 4823/585/4777 4828/592/4795 
f 4811/589/4765 4825/587/4779 4828/592/4796 
# 8 polygons - 16 triangles

#
# object PalmPalntTrunck_LOD3
#

v  3.2483 -0.0000 -0.0000
v  0.0000 -0.0000 -3.2483
v  -0.0000 44.0000 -2.5854
v  2.5854 44.0000 -0.0000
v  -3.2483 -0.0000 -0.0000
v  -2.5854 44.0000 -0.0000
v  -0.0000 -0.0000 3.2483
v  -0.0000 44.0000 2.5854
v  0.0000 88.0000 -0.0000
v  0.0000 -8.0000 -0.0000
# 10 vertices

vn 0.9855 -0.1698 0.0000
vn -0.0000 -0.1698 -0.9855
vn -0.0000 0.0365 -0.9993
vn 0.9993 0.0365 0.0000
vn -0.9855 -0.1698 -0.0000
vn -0.9993 0.0365 0.0000
vn -0.0000 -0.1698 0.9855
vn -0.0000 0.0365 0.9993
vn 0.7065 0.0415 -0.7065
vn -0.7065 0.0415 -0.7065
vn -0.7065 0.0415 0.7065
vn 0.7065 0.0415 0.7065
vn 0.6796 -0.2760 -0.6796
vn -0.6796 -0.2760 -0.6796
vn -0.6796 -0.2760 0.6796
vn 0.6796 -0.2760 0.6796
# 16 vertex normals

vt 0.4347 0.0160 -28.0000
vt 0.4660 0.0160 -28.0000
vt 0.4660 0.0387 -28.0000
vt 0.4347 0.0387 -28.0000
vt 0.4970 0.0160 -28.0000
vt 0.4970 0.0387 -28.0000
vt 0.5277 0.0160 -28.0000
vt 0.5277 0.0387 -28.0000
vt 0.5587 0.0160 -28.0000
vt 0.5587 0.0387 -28.0000
vt 0.4968 0.0615 -24.4444
vt 0.4968 0.0103 -29.7778
# 12 texture coords

o PalmPalntTrunck_LOD3
g PalmPalntTrunck_LOD3
usemtl Material__25
s 1
f 4829/593/4797 4830/594/4798 4831/595/4799 4832/596/4800 
f 4830/594/4798 4833/597/4801 4834/598/4802 4831/595/4799 
f 4833/597/4801 4835/599/4803 4836/600/4804 4834/598/4802 
f 4835/599/4803 4829/601/4797 4832/602/4800 4836/600/4804 
f 4831/595/4799 4837/603/4805 4832/596/4800 
f 4831/595/4799 4834/598/4802 4837/603/4806 
f 4834/598/4802 4836/600/4804 4837/603/4807 
f 4836/600/4804 4832/602/4800 4837/603/4808 
f 4830/594/4798 4829/593/4797 4838/604/4809 
f 4833/597/4801 4830/594/4798 4838/604/4810 
f 4835/599/4803 4833/597/4801 4838/604/4811 
f 4835/599/4803 4838/604/4812 4829/601/4797 
# 4 polygons - 8 triangles

#
# object PalmPalntTrunck_LOD4
#

v  3.2483 -0.0000 -0.0000
v  0.0000 -0.0000 -3.2483
v  0.0000 88.0000 -0.0000
v  -3.2483 -0.0000 -0.0000
v  -0.0000 -0.0000 3.2483
v  0.0000 -8.0000 -0.0000
# 6 vertices

vn 0.9872 -0.1593 0.0000
vn -0.0000 -0.1593 -0.9872
vn 0.7069 0.0261 -0.7069
vn -0.9872 -0.1593 -0.0000
vn -0.7069 0.0261 -0.7069
vn -0.0000 -0.1593 0.9872
vn -0.7069 0.0261 0.7069
vn 0.7069 0.0261 0.7069
vn 0.6796 -0.2760 -0.6796
vn -0.6796 -0.2760 -0.6796
vn -0.6796 -0.2760 0.6796
vn 0.6796 -0.2760 0.6796
# 12 vertex normals

vt 0.4347 0.0160 -28.0000
vt 0.4660 0.0160 -28.0000
vt 0.4968 0.0615 -24.4444
vt 0.4970 0.0160 -28.0000
vt 0.5277 0.0160 -28.0000
vt 0.5587 0.0160 -28.0000
vt 0.4968 0.0103 -29.7778
# 7 texture coords

o PalmPalntTrunck_LOD4
g PalmPalntTrunck_LOD4
usemtl Material__25
s 1
f 4839/605/4813 4840/606/4814 4841/607/4815 
f 4840/606/4814 4842/608/4816 4841/607/4817 
f 4842/608/4816 4843/609/4818 4841/607/4819 
f 4843/609/4818 4839/610/4813 4841/607/4820 
f 4840/606/4814 4839/605/4813 4844/611/4821 
f 4842/608/4816 4840/606/4814 4844/611/4822 
f 4843/609/4818 4842/608/4816 4844/611/4823 
f 4843/609/4818 4844/611/4824 4839/610/4813 
# 0 polygons - 8 triangles

#
# object PalmPalntTrunck_LOD5
#

v  3.2483 -0.0000 -0.0000
v  0.0000 -0.0000 -3.2483
v  0.0000 88.0000 -0.0000
v  -3.2483 -0.0000 -0.0000
v  -0.0000 -0.0000 3.2483
v  0.0000 -8.0000 -0.0000
# 6 vertices

vn 0.9872 -0.1593 0.0000
vn -0.0000 -0.1593 -0.9872
vn 0.7069 0.0261 -0.7069
vn -0.9872 -0.1593 -0.0000
vn -0.7069 0.0261 -0.7069
vn -0.0000 -0.1593 0.9872
vn -0.7069 0.0261 0.7069
vn 0.7069 0.0261 0.7069
vn 0.6796 -0.2760 -0.6796
vn -0.6796 -0.2760 -0.6796
vn -0.6796 -0.2760 0.6796
vn 0.6796 -0.2760 0.6796
# 12 vertex normals

vt 0.4347 0.0160 -28.0000
vt 0.4660 0.0160 -28.0000
vt 0.4968 0.0615 -24.4444
vt 0.4970 0.0160 -28.0000
vt 0.5277 0.0160 -28.0000
vt 0.5587 0.0160 -28.0000
vt 0.4968 0.0103 -29.7778
# 7 texture coords

o PalmPalntTrunck_LOD5
g PalmPalntTrunck_LOD5
usemtl Material__25
s 1
f 4845/612/4825 4846/613/4826 4847/614/4827 
f 4846/613/4826 4848/615/4828 4847/614/4829 
f 4848/615/4828 4849/616/4830 4847/614/4831 
f 4849/616/4830 4845/617/4825 4847/614/4832 
f 4846/613/4826 4845/612/4825 4850/618/4833 
f 4848/615/4828 4846/613/4826 4850/618/4834 
f 4849/616/4830 4848/615/4828 4850/618/4835 
f 4849/616/4830 4850/618/4836 4845/617/4825 
# 0 polygons - 8 triangles

