# 3ds Max Wavefront OBJ Exporter v0.97b - (c)2007 guruware
# File Created: 09.01.2023 15:20:07

mtllib PalmPlant_Single.mtl

#
# object PalmPlant_LOD0
#

v  6.3276 67.8115 6.5517
v  8.2111 67.9922 3.8364
v  6.9643 61.4176 3.0639
v  5.2970 61.2955 5.4846
v  9.6467 68.3537 0.6573
v  8.2267 61.6617 0.2239
v  7.2511 54.3669 -0.7863
v  5.9965 54.1765 2.0618
v  4.3330 54.0812 4.4866
v  11.5057 88.8927 11.9132
v  14.9071 89.4137 7.1408
v  13.0466 83.4931 5.2144
v  9.6637 83.0311 10.0060
v  17.5653 90.4558 1.5988
v  15.6676 84.4171 -0.3660
v  14.0646 79.3481 -0.9891
v  11.6277 78.5613 4.2637
v  8.4666 78.1678 8.7664
v  0.9867 90.4558 17.6103
v  6.6178 89.4137 15.1465
v  4.7573 83.4931 13.2201
v  -0.9110 84.4171 15.6454
v  3.8566 78.5613 11.7691
v  -1.4778 79.3481 14.0217
v  18.4190 105.4445 19.0714
v  21.8900 106.1324 14.3711
v  17.9692 97.3907 10.3113
v  14.5372 96.7900 15.0521
v  24.6875 107.5082 8.9734
v  20.6884 98.5920 4.8327
v  8.1090 107.5082 24.9848
v  13.6008 106.1324 22.3768
v  9.6799 97.3907 18.3171
v  4.1099 98.5920 20.8441
v  27.6660 121.1410 28.6459
v  31.2259 121.9822 24.0376
v  26.3268 114.3472 18.9650
v  22.8115 113.5773 23.6194
v  34.2011 123.6647 18.8239
v  29.2129 115.8870 13.6590
v  17.6225 123.6647 34.8353
v  22.9366 121.9822 32.0433
v  18.0375 114.3472 26.9707
v  12.6343 115.8870 29.6705
v  32.9337 128.0878 34.1002
v  36.5335 128.9844 29.5332
v  38.4080 134.7263 39.7684
v  42.0454 135.6703 35.2404
v  45.1758 137.5583 30.1873
v  39.5886 130.7777 24.4022
v  28.2442 128.9844 37.5389
v  23.0100 130.7777 40.4136
v  28.5972 137.5583 46.1987
v  33.7561 135.6703 43.2461
v  2.5513 38.8171 2.6635
v  4.1122 38.9032 0.3881
v  3.1801 31.1876 -0.3166
v  1.7153 31.1017 1.8183
v  5.2925 39.0752 -2.2899
v  4.2898 31.3596 -2.8325
v  3.2137 22.6345 -3.0923
v  2.2081 21.9577 -0.8433
v  0.9171 21.6193 1.0306
v  1.1876 9.6987 -0.9094
v  0.2619 8.6030 0.4363
v  2.0277 11.8900 -2.7396
v  0.8645 0.1358 -1.4028
v  0.3333 -4.0749 -0.0850
v  0.0847 -6.1802 0.4026
v  0.2232 38.9031 4.1441
v  0.9861 46.6189 5.0682
v  3.4022 46.5327 3.5321
v  -2.4939 39.0752 5.2302
v  -1.8315 46.7912 6.1932
v  -1.0381 54.3669 7.2194
v  1.8519 54.1765 6.0647
v  0.0000 68.2348 -5.6604
v  -3.2411 68.3783 -5.0064
v  -2.8810 61.7330 -3.9635
v  0.0000 61.6445 -4.5524
v  -6.4822 68.6654 -3.6984
v  -5.7620 61.9099 -2.7856
v  -5.7620 54.5467 -1.8013
v  -2.8810 54.4240 -2.9873
v  0.0000 54.3626 -3.5803
v  0.0000 89.7082 -11.8945
v  -5.7620 90.1672 -10.7965
v  -5.7620 84.1029 -8.4619
v  0.0000 83.7045 -9.5831
v  -11.5240 91.0850 -8.6006
v  -11.5240 84.8997 -6.2193
v  -10.8037 79.7497 -4.9504
v  -5.4019 79.0836 -7.0776
v  0.0000 78.7505 -8.1412
v  11.5240 91.0850 -8.6006
v  5.7620 90.1671 -10.7965
v  5.7620 84.1029 -8.4619
v  11.5240 84.8997 -6.2193
v  5.4019 79.0835 -7.0776
v  10.8038 79.7496 -4.9504
v  0.0000 106.8029 -20.8816
v  -5.7620 107.4342 -19.8743
v  -5.7620 98.3835 -14.7402
v  0.0000 97.8426 -15.7988
v  -11.5240 108.6966 -17.8595
v  -11.5240 99.4654 -12.6230
v  11.5240 108.6966 -17.8595
v  5.7620 107.4342 -19.8743
v  5.7620 98.3835 -14.7402
v  11.5240 99.4653 -12.6230
v  0.0000 123.2360 -33.2716
v  -5.7620 124.0276 -32.3831
v  -5.7620 116.0013 -25.7799
v  0.0000 115.2845 -26.7284
v  -11.5240 125.6109 -30.6061
v  -11.5240 117.4347 -23.8830
v  11.5241 125.6109 -30.6061
v  5.7620 124.0276 -32.3831
v  5.7620 116.0013 -25.7799
v  11.5240 117.4347 -23.8830
v  0.0000 130.6057 -40.4441
v  -5.7620 131.4559 -39.6098
v  -0.0000 137.6846 -47.9311
v  -5.7621 138.5853 -47.1481
v  -11.5241 140.3865 -45.5823
v  -11.5240 133.1564 -37.9412
v  5.7620 131.4559 -39.6098
v  11.5240 133.1564 -37.9412
v  11.5240 140.3865 -45.5823
v  5.7620 138.5853 -47.1481
v  0.0086 38.9899 -1.9635
v  -2.6971 39.0419 -1.4061
v  -2.5222 31.2747 -0.6900
v  0.0167 31.2227 -1.2129
v  -5.4064 39.1460 -0.2901
v  -5.0666 31.3787 0.3575
v  -4.4795 22.6020 0.9050
v  -2.1989 21.9931 -0.0199
v  0.0323 21.6887 -0.4747
v  -1.5309 9.6824 0.5032
v  0.0661 8.6207 0.1884
v  -3.3926 11.8058 1.2154
v  -1.6439 -0.0000 1.0646
v  -0.3770 -4.1428 0.6145
v  0.1264 -6.2141 0.5056
v  2.7142 39.0419 -1.4061
v  2.8106 46.8093 -2.1393
v  0.0036 46.7571 -2.7179
v  5.4233 39.1460 -0.2901
v  5.6194 46.9137 -0.9817
v  5.7621 54.5467 -1.8013
v  2.8810 54.4240 -2.9873
v  5.7924 111.1355 -2.6462
v  3.7862 111.2970 -5.2931
v  2.8675 103.8205 -4.4775
v  4.6586 103.7210 -2.1283
v  1.1108 111.6200 -7.6343
v  0.4738 104.0196 -6.5514
v  -0.5335 94.8113 -6.0913
v  1.8686 94.6649 -4.0212
v  3.6639 94.5917 -1.6738
v  12.1719 135.2948 -5.5607
v  8.6715 135.8112 -10.2966
v  6.2824 128.9884 -9.2051
v  9.8066 128.5401 -4.4801
v  4.0476 136.8438 -14.5191
v  1.6108 129.8849 -13.4059
v  0.6094 124.0907 -12.1565
v  5.0144 123.3412 -8.2299
v  8.3310 122.9665 -3.8060
v  13.5547 136.8438 6.4775
v  13.4251 135.8112 0.2017
v  11.0360 128.9884 1.2932
v  11.1179 129.8849 7.5907
v  9.4709 123.3412 1.6123
v  9.5223 124.0907 7.5278
v  21.3686 154.5276 -9.7623
v  17.9609 155.2379 -14.5405
v  12.7072 145.0552 -12.1403
v  16.1672 144.4466 -7.3860
v  13.5224 156.6583 -18.8478
v  8.1638 146.2724 -16.3997
v  23.0295 156.6583 2.1489
v  22.7145 155.2379 -4.0422
v  17.4607 145.0552 -1.6420
v  17.6709 146.2724 4.5970
v  34.0475 173.0161 -15.5547
v  30.7615 173.9068 -20.3885
v  24.0043 164.8765 -17.3015
v  27.3516 164.0701 -12.4957
v  26.5663 175.6881 -24.8069
v  19.6865 166.4893 -21.6638
v  36.0733 175.6881 -3.8103
v  35.5150 173.9068 -9.8902
v  28.7579 164.8765 -6.8031
v  29.1935 166.4893 -0.6672
v  49.0487 189.2720 -22.4080
v  45.8708 190.2853 -27.2911
v  38.1567 182.2642 -23.7669
v  41.3872 181.3076 -18.9078
v  41.8917 192.3118 -31.8083
v  34.0724 184.1774 -28.2360
v  42.9102 182.2642 -13.2687
v  43.5795 184.1774 -7.2394
v  51.3988 192.3118 -10.8117
v  50.6244 190.2853 -16.7929
v  1.0720 83.3003 -3.6572
v  2.8687 83.2249 -1.3105
v  -1.3329 83.4510 -5.7261
v  -2.0283 70.1564 -5.4084
v  0.3766 69.9811 -3.3395
v  2.1733 69.8934 -0.9928
v  3.4488 83.3003 1.5919
v  4.2454 94.6649 1.2280
v  2.7534 69.9811 1.9096
v  2.7252 70.1564 5.0900
v  3.4207 83.4510 4.7723
v  4.2201 94.8113 4.4071
v  -7.5036 49.8412 0.5199
v  -7.3879 49.8997 -1.2382
v  -8.5042 54.2880 -1.1248
v  -8.6160 54.2169 0.6329
v  -6.9555 50.0365 -3.0542
v  -8.0796 54.4498 -2.9399
v  -9.1121 58.0803 -3.2607
v  -9.5741 57.8513 -1.2206
v  -9.6921 57.7478 0.7558
v  -10.5858 60.8545 -1.7500
v  -10.7333 60.6926 0.8840
v  -9.9892 61.2077 -4.4676
v  -10.8920 64.0334 -5.6641
v  -11.6199 63.5526 -2.2694
v  -11.7955 63.3307 1.0218
v  -12.1308 70.1338 7.8946
v  -13.6565 69.4340 4.7072
v  -16.3867 73.6522 5.1114
v  -14.9155 74.4362 8.3068
v  -14.6203 69.0644 1.4133
v  -17.3233 73.2405 1.8135
v  -20.7245 77.7845 2.3309
v  -19.8222 78.2420 5.6339
v  -18.4195 79.1176 8.8398
v  -14.4604 69.3553 -2.0935
v  -17.1905 73.5735 -1.6893
v  -13.7385 69.9765 -5.7068
v  -16.5232 74.2789 -5.2945
v  -20.0273 78.9604 -4.7615
v  -20.6260 78.1634 -1.1667
v  -23.6409 82.5115 6.2310
v  -22.3145 83.4723 9.4487
v  -24.5051 82.0115 2.9220
v  -28.6249 85.8979 3.5801
v  -27.7986 86.4347 6.8952
v  -26.5480 87.4690 10.1250
v  -24.4448 82.4329 -0.5696
v  -23.9222 83.3151 -4.1525
v  -28.1557 87.3118 -3.4763
v  -28.6025 86.3561 0.0945
v  -32.2511 89.9856 7.6191
v  -31.0676 91.0762 10.8598
v  -33.0437 89.4206 4.2985
v  -37.6120 92.7613 5.0471
v  -36.8508 93.3502 8.3728
v  -35.7304 94.4887 11.6238
v  -33.0549 89.9070 0.8184
v  -32.6754 90.9190 -2.7416
v  -37.3381 94.3315 -1.9776
v  -37.6547 93.2716 1.5721
v  -6.9859 49.9390 2.1621
v  -5.6302 44.4610 2.0100
v  -6.1281 44.3620 0.4242
v  -6.1516 50.1151 3.7464
v  -4.8270 44.6394 3.5420
v  -3.5203 38.2145 3.3538
v  -4.2937 38.0241 1.8723
v  -4.7730 37.9191 0.3403
v  -6.0173 44.4217 -1.2735
v  -4.6675 37.9848 -1.2997
v  -4.2690 38.1359 -2.9972
v  -5.6020 44.5608 -3.0293
v  3.9003 50.0704 -4.6967
v  5.1056 50.1181 -3.4112
v  5.6964 54.5417 -4.1850
v  4.4890 54.4813 -5.4677
v  6.1357 50.2332 -1.8526
v  6.7307 54.6820 -2.6320
v  7.5970 58.3438 -3.0688
v  6.4250 58.1384 -4.8045
v  5.0625 58.0467 -6.2418
v  7.4421 61.1717 -5.1009
v  5.6202 61.0253 -7.0100
v  9.0152 61.4940 -2.8014
v  10.4493 64.3436 -2.5680
v  8.4733 63.9009 -5.4288
v  6.1911 63.6979 -7.8084
v  1.2594 70.5356 -12.5574
v  4.6441 69.8747 -11.5167
v  6.1264 74.1834 -13.6726
v  2.7712 74.9304 -14.7564
v  7.7170 69.5245 -9.9837
v  9.1844 73.7903 -12.1182
v  11.0351 78.4476 -14.8327
v  7.9956 78.8877 -16.4145
v  4.6778 79.7286 -17.5530
v  10.1660 69.7960 -7.4665
v  11.6483 74.1048 -9.6224
v  12.3032 70.3783 -4.4571
v  13.8150 74.7731 -6.6560
v  15.7216 79.5713 -9.4527
v  13.5175 78.8090 -12.3643
v  10.0782 83.2850 -19.4959
v  6.8019 84.2136 -20.6959
v  13.0968 82.8010 -17.8834
v  15.3477 86.8257 -21.2369
v  12.3498 87.3477 -22.8802
v  9.1148 88.3524 -24.1418
v  15.6001 83.2063 -15.4458
v  17.8457 84.0563 -12.5956
v  20.1586 88.1951 -16.0415
v  17.8717 87.2691 -18.8301
v  14.7860 91.0484 -26.5307
v  11.5879 92.1117 -27.8473
v  17.7656 90.4971 -24.8599
v  20.2669 93.9917 -28.6176
v  17.3046 94.5680 -30.3143
v  14.1410 95.6813 -31.6826
v  20.3079 90.9697 -22.4806
v  22.6317 91.9544 -19.7470
v  25.1848 95.5240 -23.5823
v  22.8265 94.4894 -26.2641
v  2.3446 50.1574 -5.4362
v  1.6872 44.6436 -4.5035
v  3.1899 44.5555 -3.7878
v  0.6138 50.3118 -5.9028
v  0.0137 44.8003 -4.9567
v  -0.5777 38.3377 -4.0455
v  1.0394 38.1691 -3.6050
v  2.4906 38.0749 -2.9124
v  4.3548 44.6043 -2.5459
v  3.6169 38.1298 -1.7133
v  4.5825 38.2591 -0.2586
v  5.3521 44.7216 -1.0395
v  3.8188 41.4743 7.3237
v  2.4693 41.5383 7.7944
v  3.0170 45.0344 8.7892
v  4.3646 44.9604 8.3151
v  0.9789 41.6823 8.0506
v  1.5304 45.1982 9.0520
v  1.7077 48.0875 10.0870
v  3.3727 47.8660 9.7782
v  4.8850 47.7642 9.2382
v  3.3715 50.2496 10.8352
v  5.3833 50.0950 10.1074
v  1.1609 50.5827 11.2629
v  0.6222 52.8322 12.4412
v  3.3771 52.3849 11.8923
v  5.8876 52.1762 10.9753
v  11.3057 57.6273 9.3639
v  9.3842 57.0015 11.4765
v  10.6525 60.2753 13.5765
v  12.5993 60.9664 11.5058
v  7.2149 56.6726 13.2181
v  8.4705 59.9137 15.2972
v  10.0427 63.4163 17.8770
v  12.2405 63.8131 16.1823
v  14.2190 64.5749 14.1637
v  4.5498 56.9377 14.2178
v  5.8180 60.2115 16.3178
v  1.6368 57.4997 14.8465
v  2.9304 60.8388 16.9884
v  4.5501 64.4473 19.6463
v  7.4061 63.7493 18.9236
v  13.9965 67.0714 19.0364
v  16.0100 67.8982 17.0746
v  11.7812 66.6421 20.7025
v  13.6677 69.5743 23.7448
v  15.9005 70.0314 22.1066
v  17.9487 70.9137 20.2010
v  9.1621 67.0076 21.7777
v  6.3412 67.7706 22.5573
v  8.2799 70.7861 25.6836
v  11.0660 69.9676 24.8479
v  17.9322 72.6743 25.3613
v  20.0112 73.5988 23.5049
v  15.6841 72.1961 26.9748
v  17.7654 74.6627 30.2988
v  20.0279 75.1586 28.7082
v  22.1356 76.1186 26.8977
v  13.0978 72.6105 28.1026
v  10.3424 73.4712 28.9875
v  12.4667 75.9910 32.3803
v  15.1934 75.0948 31.4495
v  4.8865 41.5702 6.4238
v  4.0094 37.1932 4.9982
v  3.0172 37.0963 5.8297
v  5.8133 41.7461 5.3093
v  4.8747 37.3710 3.9681
v  4.1268 32.2307 2.7802
v  3.2960 32.0432 3.7649
v  2.3453 31.9415 4.5596
v  1.7668 37.1613 6.2684
v  1.1488 32.0113 4.9808
v  -0.1746 32.1669 5.2163
v  0.3844 37.3072 6.5115
v  -2.9517 27.8821 4.6273
v  -3.5987 27.9245 4.0655
v  -3.9822 30.0022 4.6944
v  -3.3339 29.9538 5.2541
v  -4.1765 28.0190 3.3677
v  -4.5626 30.1084 4.0008
v  -5.0723 31.8247 4.4406
v  -4.4145 31.6830 5.2125
v  -3.6827 31.6176 5.8380
v  -4.9846 33.0972 5.5589
v  -4.0060 32.9988 6.3878
v  -5.8676 33.3084 4.5397
v  -6.6596 34.6447 4.6404
v  -5.5507 34.3625 5.9054
v  -4.3249 34.2303 6.9370
v  -1.9188 37.4777 9.3539
v  -3.5852 37.0883 8.9728
v  -4.3280 39.0116 10.3024
v  -2.6765 39.4394 10.7099
v  -5.1345 36.8841 8.3566
v  -5.8699 38.7881 9.6728
v  -6.7740 40.8395 11.3064
v  -5.2412 41.0836 11.9524
v  -3.6079 41.5527 12.3929
v  -6.4499 37.0501 7.2698
v  -7.1927 38.9733 8.5994
v  -7.6483 37.4012 5.9479
v  -8.4059 39.3629 7.3040
v  -9.3374 41.4762 8.9869
v  -8.1060 41.0453 10.2494
v  -6.2314 42.9832 13.7598
v  -4.6178 43.4903 14.2364
v  -7.7543 42.7201 13.0957
v  -8.8010 44.4206 15.0226
v  -7.2877 44.6998 15.7044
v  -5.6935 45.2391 16.2164
v  -9.0961 42.9450 12.0568
v  -10.3473 43.4138 10.8303
v  -11.4230 45.1626 12.8104
v  -10.1524 44.6616 14.0014
v  -8.3994 46.2228 17.7660
v  -6.8221 46.7865 18.3092
v  -9.9043 45.9315 17.0686
v  -11.0358 47.3475 19.1741
v  -9.5388 47.6490 19.8861
v  -7.9771 48.2330 20.4584
v  -11.2642 46.1846 16.0630
v  -12.5515 46.7100 14.9032
v  -13.7066 48.1565 17.0524
v  -12.4036 47.6108 18.1831
v  -2.1663 27.9437 4.9170
v  -1.3999 25.3393 3.5573
v  -2.0405 25.2771 3.3179
v  -1.3118 28.0573 5.0707
v  -0.7021 25.4541 3.6881
v  -0.2962 22.3939 2.9565
v  -0.9598 22.2733 2.8311
v  -1.5687 22.2083 2.6030
v  -2.5710 25.3202 2.8600
v  -2.0737 22.2542 2.1679
v  -2.5284 22.3556 1.6276
v  -3.0479 25.4158 2.2915
v  -7.1427 67.8115 5.6521
v  -4.6259 67.9922 7.7936
v  -3.7344 61.4176 6.6290
v  -5.9793 61.2955 4.7314
v  -1.6035 68.3538 9.5351
v  -1.0324 61.6617 8.1648
v  0.0689 54.3670 7.2933
v  -2.6419 54.1765 5.7645
v  -4.8912 54.0813 3.8704
v  -12.9878 88.8927 10.2773
v  -8.5733 89.4137 14.1319
v  -6.4732 83.4931 12.4700
v  -10.9086 83.0311 8.6320
v  -3.3199 90.4558 17.3227
v  -1.1778 84.4171 15.6276
v  -0.4000 79.3481 14.0936
v  -5.3875 78.5613 11.1517
v  -9.5572 78.1678 7.5626
v  -17.6218 90.4559 -0.7513
v  -15.7243 89.4137 5.0949
v  -13.6241 83.4931 3.4330
v  -15.4797 84.4171 -2.4464
v  -12.0915 78.5613 2.6795
v  -13.8081 79.3482 -2.8507
v  -20.7916 105.4445 16.4525
v  -16.4558 106.1324 20.3693
v  -12.0299 97.3907 16.8671
v  -16.4098 96.7900 12.9852
v  -11.3596 107.5082 23.6845
v  -6.8454 98.5920 20.1124
v  -25.6616 107.5083 5.6105
v  -23.6068 106.1324 11.3323
v  -19.1808 97.3907 7.8301
v  -21.1474 98.5921 2.0384
v  -31.2298 121.1410 24.7122
v  -26.9942 121.9822 28.7084
v  -21.4641 114.3472 24.3324
v  -25.7499 113.5773 20.3760
v  -22.0986 123.6647 32.1823
v  -16.4679 115.8870 27.7267
v  -36.4006 123.6647 14.1084
v  -34.1452 121.9822 19.6714
v  -28.6151 114.3472 15.2954
v  -30.7699 115.8870 9.6528
v  -37.1760 128.0878 29.4175
v  -32.9856 128.9844 33.4494
v  -43.3555 134.7263 34.3074
v  -39.2076 135.6703 38.3728
v  -34.4871 137.5583 41.9853
v  -28.1801 130.7777 36.9946
v  -40.1366 128.9844 24.4124
v  -42.4821 130.7777 18.9207
v  -48.7890 137.5583 23.9113
v  -46.3585 135.6703 29.3358
v  -2.8613 38.8171 2.3019
v  -0.7510 38.9031 4.0790
v  0.0795 31.1876 3.2442
v  -1.9003 31.1017 1.5767
v  1.7972 39.0752 5.5167
v  2.4730 31.3596 4.5955
v  2.9014 22.6345 3.5902
v  0.7685 21.9577 2.3719
v  -0.9662 21.6193 0.9047
v  1.0772 9.6987 1.4521
v  -0.1548 8.6030 0.4084
v  2.7856 11.8900 2.4493
v  1.7601 0.1358 1.2791
v  0.5870 -4.0749 0.6746
v  0.1731 -6.1802 0.4085
v  -4.1060 38.9031 -0.1608
v  -5.1236 46.6189 0.4932
v  -3.8325 46.5327 3.0489
v  -4.9200 39.0752 -2.9720
v  -5.9662 46.7912 -2.4217
v  -7.0821 54.3669 -1.7437
v  -6.2174 54.1765 1.2460
v  -1.5547 111.1355 6.1755
v  1.7654 111.2970 6.2639
v  1.7029 103.8205 5.0370
v  -1.2504 103.7210 4.9667
v  5.2652 111.6200 5.6386
v  4.8180 104.0196 4.4646
v  5.0883 94.8112 3.3907
v  1.9710 94.6648 3.9720
v  -0.9834 94.5916 3.9062
v  -3.2670 135.2948 12.9770
v  2.6177 135.8112 13.2046
v  3.2589 128.9884 10.6575
v  -2.6321 128.5401 10.4553
v  8.8039 136.8438 12.2344
v  9.4580 129.8849 9.6364
v  9.1086 124.0907 8.0738
v  3.2902 123.3412 9.0581
v  -2.2361 122.9665 8.8821
v  -13.5284 136.8438 6.5323
v  -8.5485 135.8111 10.3536
v  -7.9072 128.9884 7.8064
v  -12.8743 129.8849 3.9343
v  -7.1781 123.3412 6.3853
v  -11.8279 124.0907 2.7281
v  -5.7354 154.5276 22.7821
v  0.1244 155.2379 23.1085
v  1.5345 145.0552 17.5072
v  -4.3393 144.4466 17.2367
v  6.2608 156.6583 22.3359
v  7.6991 146.2724 16.6229
v  -16.0714 156.6582 16.6338
v  -11.0417 155.2378 20.2575
v  -9.6316 145.0552 14.6562
v  -14.6332 146.2723 10.9207
v  -9.1384 173.0161 36.2997
v  -3.3113 173.9068 36.7559
v  -1.4977 164.8765 29.5517
v  -7.3412 164.0701 29.1609
v  2.7599 175.6881 36.2426
v  4.6064 166.4893 28.9077
v  -19.5724 175.6881 30.5406
v  -14.4775 173.9068 33.9048
v  -12.6638 164.8765 26.7006
v  -17.7258 166.4893 23.2056
v  -13.1648 189.2720 52.2932
v  -7.3667 190.2853 52.8646
v  -5.2962 182.2642 44.6402
v  -11.1084 181.3076 44.1249
v  -1.3535 192.3118 52.5818
v  0.7452 184.1774 44.2453
v  -16.4623 182.2642 41.7892
v  -21.5871 184.1774 38.5432
v  -23.6858 192.3118 46.8797
v  -18.5328 190.2853 50.0135
v  2.1848 83.3003 3.1227
v  -0.7700 83.2249 3.0584
v  5.3028 83.4510 2.5385
v  5.4895 70.1564 1.7970
v  2.3715 69.9811 2.3813
v  -0.5833 69.8934 2.3170
v  -3.3983 83.3003 1.6972
v  -3.6121 94.6648 2.5464
v  -3.2116 69.9811 0.9557
v  -5.6766 70.1564 -1.0540
v  -5.8633 83.4510 -0.3126
v  -6.0778 94.8112 0.5397
v  -5.5565 111.1355 -3.1112
v  -5.7937 111.2970 -1.1937
v  -4.6723 103.8205 -0.7936
v  -4.4689 103.7210 -2.5022
v  -5.3890 111.6200 1.0833
v  -4.2976 104.0196 1.2388
v  -3.3314 94.8113 1.7798
v  -3.7141 94.6649 -0.2570
v  -3.5147 94.5917 -1.9679
v  -11.6762 135.2948 -6.5377
v  -12.1615 135.8112 -3.1644
v  -9.8697 128.9884 -1.8812
v  -9.4072 128.5401 -5.2673
v  -11.5690 136.8438 0.8124
v  -9.2315 129.8849 2.1212
v  -7.7904 124.0907 2.4725
v  -8.4131 123.3412 -1.2934
v  -7.9917 122.9665 -4.4747
v  -5.3164 136.8438 -10.2669
v  -9.0352 135.8112 -8.7040
v  -6.7434 128.9884 -7.4208
v  -2.9788 129.8849 -8.9581
v  -5.4822 123.3412 -6.4868
v  -1.9286 124.0907 -7.9144
v  -20.4984 154.5276 -11.4774
v  -21.0726 155.2379 -8.1539
v  -16.0328 145.0552 -5.3320
v  -15.5089 144.4466 -8.6837
v  -20.6580 156.6583 -4.2767
v  -15.5176 146.2724 -1.3985
v  -14.4054 156.6583 -15.3560
v  -17.9464 155.2379 -13.6936
v  -12.9065 145.0552 -10.8717
v  -9.2650 146.2724 -12.4778
v  -32.6611 173.0161 -18.2875
v  -33.3520 173.9068 -15.0293
v  -26.8699 164.8765 -11.3999
v  -26.2379 164.0701 -14.6911
v  -33.1707 175.6881 -11.2828
v  -26.5710 166.4893 -7.5875
v  -26.9182 175.6881 -22.3621
v  -30.2257 173.9068 -20.5690
v  -23.7437 164.8765 -16.9396
v  -20.3185 166.4893 -18.6668
v  -39.7019 181.3077 -22.2298
v  -40.4460 182.2642 -19.0014
v  -47.0515 189.2720 -26.3450
v  -47.8461 190.2853 -23.1448
v  -47.8721 192.3118 -19.5144
v  -40.3712 184.1774 -15.3145
v  -37.3197 182.2642 -24.5411
v  -34.1186 184.1774 -26.3938
v  -41.6195 192.3118 -30.5937
v  -44.7197 190.2853 -28.6845
v  -2.9500 83.3003 0.1708
v  -2.7519 83.2249 -1.5408
v  -2.5646 83.4510 2.2091
v  -1.8975 70.1564 2.5826
v  -2.2829 69.9811 0.5443
v  -2.0848 69.8934 -1.1673
v  -1.3868 83.3003 -2.5990
v  -2.1509 94.6649 -3.0269
v  -0.7197 69.9811 -2.2255
v  1.2288 70.1564 -2.9570
v  0.5617 83.4510 -3.3305
v  -0.2051 94.8113 -3.7599
v  8.8970 41.7141 -0.0250
v  8.7648 41.8324 1.3747
v  10.9266 44.3947 1.3389
v  11.0420 44.2591 -0.0606
v  8.4290 42.1294 2.8075
v  10.6289 44.7328 2.7713
v  12.6520 46.5735 3.0776
v  12.9312 46.1477 1.4669
v  13.0361 45.9754 -0.1073
v  14.7336 47.3477 1.9377
v  14.8459 47.1039 -0.1605
v  14.4225 47.9494 4.0843
v  16.1301 48.9975 5.0831
v  16.4666 48.2236 2.4011
v  16.5834 47.9101 -0.2212
v  19.9618 50.9860 -5.6856
v  20.3671 49.7816 -3.0761
v  23.6159 49.6541 -3.2764
v  23.3435 50.8661 -5.8899
v  20.6171 49.0953 -0.4047
v  23.7936 48.9604 -0.6030
v  27.2908 48.1173 -0.8647
v  27.1879 48.8047 -3.5408
v  27.0517 49.9974 -6.1596
v  20.5568 49.4453 2.3906
v  23.7816 49.3035 2.1903
v  20.3413 50.3133 5.2478
v  23.6748 50.1650 5.0436
v  27.3299 49.2695 4.7739
v  27.3270 48.4407 1.9259
v  30.4685 47.0928 -3.8491
v  30.4427 48.2341 -6.4740
v  30.5099 46.4286 -1.1700
v  33.3640 44.0013 -1.5150
v  33.3674 44.6323 -4.1973
v  33.4200 45.7037 -6.8285
v  30.5827 46.7188 1.6176
v  30.6710 47.4863 4.4594
v  33.6028 44.9415 4.1049
v  33.4588 44.2512 1.2694
v  35.7946 41.5371 -4.5815
v  35.8875 42.5336 -7.2184
v  35.7660 40.9424 -1.8963
v  37.9420 37.5676 -2.2957
v  37.9859 38.1245 -4.9836
v  38.1000 39.0435 -7.6260
v  35.8658 41.1511 0.8852
v  36.0299 41.7616 3.7150
v  38.2047 38.2641 3.3074
v  38.0383 37.7348 0.4831
v  8.6218 41.9531 -1.3586
v  5.9331 38.3079 -1.2185
v  6.2019 38.0996 0.0287
v  8.1429 42.3708 -2.6592
v  5.4630 38.6726 -2.4410
v  3.3107 33.9009 -2.3268
v  3.7965 33.5963 -1.1472
v  4.0743 33.4234 0.0554
v  6.0724 38.2042 1.3359
v  3.9409 33.5139 1.3157
v  3.6010 33.7360 2.6105
v  5.7430 38.4653 2.6781
v  0.3212 68.3537 9.6637
v  3.5484 67.9922 8.3396
v  2.8197 61.4176 7.0667
v  -0.0625 61.6617 8.2296
v  -0.4689 31.1876 3.2077
v  -3.0214 31.3596 4.2286
v  -0.9989 21.9577 2.2539
v  -3.2782 22.6345 3.1775
v  5.0215 46.6189 1.1708
v  6.2441 46.7912 -1.6061
v  -1.1065 9.6987 1.3062
v  -2.9485 11.8900 2.0663
v  -0.3859 -4.0749 0.6096
v  -1.6749 0.1358 1.0497
v  6.4823 68.6654 -3.6983
v  3.2411 68.3783 -5.0064
v  2.8810 61.7330 -3.9635
v  5.7621 61.9099 -2.7856
v  2.5555 31.2747 -0.6900
v  5.0997 31.3787 0.3575
v  2.2624 21.9931 -0.0199
v  4.5405 22.6019 0.9050
v  -2.8033 46.8093 -2.1393
v  -5.6123 46.9137 -0.9817
v  1.6564 9.6824 0.5032
v  3.5054 11.8058 1.2154
v  0.6098 -4.1428 0.6145
v  1.8399 0.0000 1.0646
v  6.4585 111.6200 4.1763
v  6.4601 111.2970 0.6122
v  5.2443 103.8205 0.7716
v  5.2273 104.0196 3.9469
v  -3.1886 38.3955 -4.4319
v  -0.9344 37.7071 -2.4833
v  -0.3155 54.9615 -2.9969
v  -2.7041 55.1451 -5.0525
v  0.7368 37.3629 -0.2967
v  1.4682 54.8697 -0.6667
v  2.0444 54.9615 2.2150
v  2.0169 55.1450 5.3741
v  1.2783 37.7071 2.4035
v  1.2572 38.3955 5.3868
v  -1.4290 0.4977 -0.9732
v  -0.3309 -3.7246 0.0209
v  -1.1695 17.6835 -1.5451
v  -3.0223 19.8865 -3.1845
v  0.0556 -5.8358 0.4711
v  0.1037 16.5821 0.1266
v  0.5135 17.6835 2.1717
v  0.5111 19.8865 4.6192
v  0.1092 -3.7246 0.9929
v  0.0781 0.4977 2.3552
v  -8.1023 54.3273 2.2756
v  -7.2758 54.5284 3.8608
v  -9.1220 57.8955 2.6048
v  -8.2077 58.1687 4.3901
v  -0.8017 22.3283 2.7285
v  -1.4308 21.6290 1.4820
v  -2.8579 30.7592 1.7049
v  -2.1321 30.9536 3.0987
v  -1.8154 21.2696 0.2209
v  -3.3072 30.6522 0.2659
v  -3.2087 30.7199 -1.2746
v  -2.8356 30.8749 -2.8713
v  -1.7386 21.5897 -1.1320
v  -1.4257 22.2496 -2.5645
v  0.6107 0.3456 1.3313
v  0.2611 -3.8875 0.6915
v  -0.2353 9.5964 1.1493
v  0.2313 11.8101 2.1539
v  0.1569 -6.0139 0.4365
v  -0.4901 8.4797 0.2556
v  -0.4559 9.5571 -0.7232
v  -0.2489 11.7315 -1.9109
v  0.1885 -3.9268 0.0833
v  0.3579 0.2669 -0.7847
v  2.9354 54.5810 -6.2100
v  1.2088 54.7607 -6.6822
v  3.3189 58.1826 -7.0827
v  1.3848 58.4322 -7.6253
v  -1.5572 22.3686 -1.9600
v  -0.2041 21.6911 -1.5708
v  0.3767 30.8634 -2.6192
v  -1.1439 31.0360 -3.0350
v  0.9880 21.3425 -0.9917
v  1.7399 30.7672 -1.9678
v  2.7982 30.8241 -0.8418
v  3.7070 30.9574 0.5252
v  1.9205 21.6517 -0.0112
v  2.7435 22.2899 1.1961
v  -0.9772 0.3027 0.0473
v  -0.1926 -3.9086 0.3213
v  -0.4972 9.6167 -0.5120
v  -1.5874 11.8087 -0.8771
v  0.1079 -6.0241 0.4707
v  0.3509 8.5109 -0.0768
v  1.0246 9.5774 0.6050
v  1.7140 11.7301 1.5446
v  0.3006 -3.9479 0.6826
v  0.7373 0.2241 1.3020
v  5.4343 45.0663 7.4185
v  6.3649 45.2620 6.3106
v  6.0921 47.9019 8.2362
v  7.1465 48.1593 7.0030
v  2.4204 19.3126 0.4497
v  1.7152 18.6171 1.2555
v  2.5249 26.2283 2.4768
v  3.3019 26.4189 1.5573
v  0.9362 18.2614 1.8947
v  1.6376 26.1250 3.2180
v  0.5215 26.1963 3.6113
v  -0.7145 26.3551 3.8322
v  -0.0332 18.5852 2.2457
v  -1.1284 19.2488 2.4603
v  0.6779 0.3056 -0.3444
v  0.2830 -3.9238 0.2127
v  0.9079 8.0785 0.3552
v  1.5072 10.2885 -0.2888
v  0.1119 -6.0464 0.4231
v  0.3451 6.9655 0.8032
v  -0.3402 8.0466 1.0625
v  -1.2278 10.2247 1.2622
v  -0.1469 -3.9557 0.4577
v  -0.8216 0.2418 0.5091
v  -2.5498 30.0213 5.5459
v  -1.6978 30.1467 5.7038
v  -2.8031 31.7046 6.1705
v  -1.8495 31.8677 6.3564
v  0.4627 14.2930 1.4633
v  -0.0860 13.6657 1.3470
v  -0.5101 18.8108 2.0837
v  0.1100 18.9332 2.2006
v  -0.5780 13.3473 1.1560
v  -1.0786 18.7448 1.8708
v  -1.5500 18.7916 1.4647
v  -1.9750 18.8950 0.9597
v  -0.9960 13.6466 0.8055
v  -1.3912 14.2548 0.3603
v  0.6166 0.1157 0.4433
v  0.2632 -4.0454 0.4388
v  0.2203 5.5523 0.7249
v  0.6629 7.6941 0.8298
v  0.1320 -6.1308 0.4323
v  -0.1201 4.4766 0.5869
v  -0.4311 5.5331 0.3375
v  -0.7896 7.6558 -0.0337
v  0.0137 -4.0646 0.2910
v  -0.2578 0.0775 -0.0753
v  -9.6484 68.3538 -0.6314
v  -8.6483 67.9923 2.7103
v  -7.3099 61.4176 2.1105
v  -8.1834 61.6617 -0.8722
v  -3.0685 31.1876 -0.7340
v  -3.8342 31.3596 -3.3752
v  -1.9981 21.9577 -1.1243
v  -2.6989 22.6345 -3.4872
v  -1.6423 46.6189 4.8926
v  1.0005 46.7912 6.3824
v  -0.9018 9.6987 -1.0489
v  -1.5072 11.8900 -2.9757
v  -0.0335 -4.0748 -0.1095
v  -0.4306 0.1359 -1.4893
v  -7.2967 111.6200 2.4312
v  -4.5155 111.2970 4.6601
v  -3.8801 103.8205 3.6114
v  -6.3481 104.0196 1.6135
v  5.4924 38.3955 0.3260
v  2.5650 37.7071 0.8707
v  2.5410 54.9615 1.6318
v  5.6383 55.1451 1.0518
v  -0.1851 37.3629 0.8102
v  -0.3928 54.8697 1.5678
v  -3.0025 54.9615 0.2164
v  -5.4515 55.1450 -1.7797
v  -2.6327 37.7071 -0.4564
v  -4.9509 38.3955 -2.3405
v  2.0730 0.4977 -0.0319
v  0.6918 -3.7246 0.2958
v  2.1167 17.6835 0.2560
v  4.5327 19.8865 -0.1902
v  0.1430 -5.8358 0.3661
v  0.0275 16.5821 0.2181
v  -1.8366 17.6835 -0.7534
v  -3.7673 19.8865 -2.3095
v  -0.3420 -3.7246 0.0318
v  -1.4671 0.4977 -0.9358
v  -1.8719 111.6200 -5.1488
v  -4.0352 111.2970 -4.3097
v  -3.1091 103.8205 -3.5634
v  -1.1713 104.0196 -4.3009
v  -0.5177 38.3955 3.1462
v  -0.8735 37.7071 1.2364
v  -1.6033 54.9615 0.9148
v  -1.2210 55.1451 2.9393
v  -0.6871 37.3629 -0.3550
v  -1.4065 54.8697 -0.7845
v  -0.0513 54.9615 -1.8353
v  1.8839 55.1450 -2.5624
v  0.5817 37.7071 -1.3422
v  2.4062 38.3955 -2.0348
v  0.3403 0.4977 1.6311
v  0.1858 -3.7246 0.7814
v  -0.1584 17.6835 1.3235
v  0.1132 19.8865 2.8799
v  0.1906 -5.8358 0.4766
v  -0.0140 16.5821 0.1218
v  0.9484 17.6835 -0.6377
v  2.4370 19.8865 -1.2378
v  0.4753 -3.7246 0.2685
v  1.3315 0.4977 -0.1252
v  10.7930 44.5283 -1.3944
v  10.3618 44.9999 -2.6954
v  12.7923 46.3103 -1.6082
v  12.3743 46.8987 -3.0725
v  0.4189 20.5814 -1.8482
v  0.8636 19.9091 -0.8496
v  2.1015 27.8219 -1.0412
v  1.6145 28.0512 -2.1500
v  1.1138 19.5638 0.1446
v  2.3799 27.6931 0.0885
v  2.2455 27.7650 1.2725
v  1.9038 27.9373 2.4894
v  0.9950 19.8724 1.1826
v  0.6858 20.5080 2.2701
v  -0.2728 0.2371 -0.4620
v  0.0105 -3.9514 0.1768
v  0.1522 8.7824 -0.4647
v  -0.1998 10.9498 -1.3059
v  0.0998 -6.0540 0.4470
v  0.3287 7.6908 0.2578
v  0.2475 8.7509 0.9912
v  0.0086 10.8869 1.8652
v  0.0428 -3.9849 0.6613
v  -0.1602 0.1700 1.2245
v  11.8251 74.1215 -0.1975
v  9.8907 73.5506 4.0204
v  7.3693 73.2651 7.6303
v  3.6738 73.5506 10.0246
v  -0.6088 74.1215 11.8111
v  -8.6430 74.4751 -4.2650
v  -4.3215 74.0019 -5.9851
v  0.0000 73.7654 -6.8451
v  4.3215 74.0019 -5.9851
v  8.6431 74.4751 -4.2650
v  0.7994 118.1564 -9.8677
v  4.3421 117.6240 -6.7349
v  7.0048 117.3578 -3.2001
v  7.9072 117.6240 1.1388
v  7.9296 118.1564 5.8798
v  -12.9344 65.9412 1.1738
v  -11.9536 66.2793 4.4653
v  -10.8663 63.6264 4.1062
v  -10.3939 66.9161 7.6478
v  -9.3848 64.1808 7.0872
v  -12.0016 66.7588 -5.9536
v  -12.7575 66.2006 -2.3354
v  6.8046 66.3457 -8.6734
v  3.7226 66.6638 -10.1931
v  3.2965 63.9746 -9.2258
v  0.3195 67.2607 -11.2075
v  0.0957 64.4910 -10.1620
v  11.3633 67.1034 -3.1072
v  9.2445 66.5852 -6.1430
v  6.4260 54.2311 11.8949
v  8.5875 54.5354 10.1399
v  7.9094 52.4447 9.3223
v  10.4930 55.1119 8.0007
v  9.6868 52.9518 7.3013
v  0.8241 54.9843 13.4832
v  3.7530 54.4715 12.8812
v  -4.6603 35.4451 7.5190
v  -3.1061 35.6349 8.1268
v  -2.8651 34.3984 7.5020
v  -1.4302 35.9952 8.4909
v  -1.2883 34.7164 7.8336
v  -7.1597 35.9187 5.0849
v  -5.9708 35.5966 6.4238
v  -0.9673 74.1215 11.7871
v  -4.9743 73.5506 9.4470
v  -8.3186 73.2651 6.5826
v  -10.3376 73.5506 2.6693
v  -11.6938 74.1215 -1.7683
v  7.2032 118.1564 6.7915
v  2.5434 117.6240 7.5989
v  -1.8801 117.3578 7.4681
v  -5.8312 117.6240 5.4606
v  -9.5460 118.1564 2.5149
v  -6.5314 118.1564 1.8105
v  -7.0476 117.6240 -1.2123
v  -6.7194 117.3578 -3.7623
v  -4.7028 117.6240 -5.3670
v  -1.8420 118.1564 -6.4990
v  18.3605 48.6596 -0.2900
v  18.0560 49.3278 -2.9603
v  16.2611 48.5176 -2.7240
v  17.5505 50.5024 -5.5675
v  15.7191 49.5856 -5.1670
v  17.9647 49.8548 5.3660
v  18.2630 49.0040 2.5064
v  -9.9829 60.9135 3.3505
v  -8.7834 61.3256 5.7334
v  3.3006 61.2307 -8.1385
v  0.7323 61.6119 -8.8766
v  6.9973 50.2975 8.7793
v  8.4125 50.6784 7.1510
v  -2.8361 33.1259 6.8362
v  -1.5705 33.3658 7.0942
v  14.5608 47.5759 -2.1623
v  14.0769 48.4058 -4.1158
# 1045 vertices

vn -0.5513 0.6085 -0.5708
vn -0.6967 0.6085 -0.3800
vn -0.7145 0.5807 -0.3903
vn -0.5635 0.5848 -0.5835
vn -0.7279 0.6140 -0.3052
vn -0.7504 0.5786 -0.3196
vn -0.7607 0.5614 -0.3258
vn -0.7244 0.5648 -0.3953
vn -0.5710 0.5695 -0.5912
vn -0.4765 0.7277 -0.4934
vn -0.6214 0.7167 -0.3167
vn -0.6522 0.6777 -0.3395
vn -0.5058 0.6855 -0.5237
vn -0.6578 0.7087 -0.2551
vn -0.6856 0.6736 -0.2759
vn -0.6993 0.6552 -0.2860
vn -0.6695 0.6543 -0.3517
vn -0.5251 0.6547 -0.5437
vn -0.2321 0.7087 -0.6663
vn -0.2949 0.7167 -0.6320
vn -0.3166 0.6777 -0.6636
vn -0.2519 0.6736 -0.6948
vn -0.3282 0.6543 -0.6813
vn -0.2615 0.6552 -0.7088
vn -0.4190 0.7977 -0.4338
vn -0.5607 0.7843 -0.2656
vn -0.5920 0.7509 -0.2927
vn -0.4490 0.7631 -0.4649
vn -0.5974 0.7746 -0.2076
vn -0.6286 0.7421 -0.2328
vn -0.1867 0.7746 -0.6042
vn -0.2460 0.7843 -0.5696
vn -0.2719 0.7509 -0.6018
vn -0.2108 0.7421 -0.6363
vn -0.3503 0.8636 -0.3627
vn -0.4899 0.8479 -0.2024
vn -0.5252 0.8181 -0.2343
vn -0.3847 0.8327 -0.3983
vn -0.5274 0.8367 -0.1478
vn -0.5622 0.8076 -0.1781
vn -0.1294 0.8367 -0.5322
vn -0.1852 0.8479 -0.4967
vn -0.2159 0.8181 -0.5330
vn -0.1584 0.8076 -0.5681
vn -0.3242 0.8845 -0.3356
vn -0.4632 0.8682 -0.1780
vn -0.3154 0.8910 -0.3265
vn -0.4544 0.8745 -0.1695
vn -0.4923 0.8626 -0.1164
vn -0.5011 0.8564 -0.1244
vn -0.1618 0.8682 -0.4691
vn -0.1069 0.8564 -0.5051
vn -0.0992 0.8626 -0.4961
vn -0.1535 0.8745 -0.4601
vn -0.5793 0.5519 -0.5998
vn -0.7331 0.5489 -0.4015
vn -0.7403 0.5389 -0.4020
vn -0.5848 0.5399 -0.6054
vn -0.7691 0.5469 -0.3309
vn -0.7751 0.5389 -0.3298
vn -0.7905 0.5209 -0.3222
vn -0.7592 0.5153 -0.3977
vn -0.5970 0.5115 -0.6180
vn -0.7875 0.4864 -0.3786
vn -0.6131 0.4704 -0.6347
vn -0.8096 0.5012 -0.3054
vn -0.8320 0.4812 -0.2762
vn -0.7666 0.4607 -0.4472
vn -0.6179 0.4581 -0.6390
vn -0.3760 0.5483 -0.7470
vn -0.3737 0.5547 -0.7434
vn -0.5761 0.5589 -0.5965
vn -0.3041 0.5461 -0.7805
vn -0.3023 0.5520 -0.7771
vn -0.2992 0.5612 -0.7717
vn -0.3700 0.5646 -0.7378
vn 0.0000 0.5736 0.8192
vn 0.2415 0.5752 0.7816
vn 0.2474 0.5462 0.8003
vn 0.0000 0.5488 0.8360
vn 0.3170 0.5822 0.7487
vn 0.3236 0.5452 0.7733
vn 0.3273 0.5259 0.7851
vn 0.2515 0.5281 0.8110
vn 0.0000 0.5314 0.8471
vn 0.0000 0.6986 0.7155
vn 0.2303 0.6886 0.6876
vn 0.2371 0.6477 0.7240
vn 0.0000 0.6542 0.7563
vn 0.3003 0.6814 0.6675
vn 0.3063 0.6446 0.7005
vn 0.3093 0.6252 0.7166
vn 0.2413 0.6232 0.7439
vn 0.0000 0.6219 0.7831
vn -0.3003 0.6814 0.6675
vn -0.2303 0.6886 0.6876
vn -0.2371 0.6477 0.7240
vn -0.3063 0.6446 0.7005
vn -0.2413 0.6232 0.7439
vn -0.3093 0.6252 0.7166
vn 0.0000 0.7725 0.6350
vn 0.2216 0.7600 0.6110
vn 0.2257 0.7247 0.6511
vn 0.0000 0.7360 0.6770
vn 0.2891 0.7510 0.5937
vn 0.2944 0.7165 0.6324
vn -0.2891 0.7510 0.5937
vn -0.2216 0.7600 0.6110
vn -0.2257 0.7247 0.6511
vn -0.2944 0.7165 0.6324
vn 0.0000 0.8428 0.5382
vn 0.2140 0.8279 0.5184
vn 0.2175 0.7960 0.5649
vn 0.0000 0.8098 0.5867
vn 0.2795 0.8171 0.5042
vn 0.2839 0.7860 0.5492
vn -0.2795 0.8171 0.5042
vn -0.2140 0.8279 0.5184
vn -0.2175 0.7960 0.5649
vn -0.2839 0.7860 0.5492
vn -0.0000 0.8653 0.5012
vn 0.2115 0.8497 0.4830
vn -0.0000 0.8725 0.4887
vn 0.2111 0.8565 0.4710
vn 0.2757 0.8450 0.4581
vn 0.2766 0.8383 0.4698
vn -0.2115 0.8497 0.4830
vn -0.2766 0.8383 0.4698
vn -0.2757 0.8450 0.4581
vn -0.2111 0.8565 0.4710
vn 0.0000 0.5140 0.8578
vn 0.2536 0.5124 0.8204
vn 0.2563 0.5076 0.8226
vn 0.0000 0.5077 0.8615
vn 0.3299 0.5115 0.7934
vn 0.3327 0.5081 0.7945
vn 0.3421 0.4990 0.7962
vn 0.2659 0.4952 0.8271
vn 0.0000 0.4921 0.8705
vn 0.2852 0.4807 0.8292
vn 0.0000 0.4706 0.8823
vn 0.3566 0.4895 0.7958
vn 0.3773 0.4805 0.7917
vn 0.2192 0.4657 0.8573
vn 0.0003 0.4643 0.8857
vn -0.2536 0.5121 0.8206
vn -0.2530 0.5170 0.8177
vn 0.0000 0.5195 0.8545
vn -0.3300 0.5111 0.7937
vn -0.3292 0.5155 0.7911
vn -0.3273 0.5258 0.7851
vn -0.2515 0.5281 0.8111
vn -0.7462 0.5735 0.3380
vn -0.5936 0.5740 0.5641
vn -0.6097 0.5412 0.5792
vn -0.7641 0.5444 0.3461
vn -0.5253 0.5797 0.6229
vn -0.5457 0.5398 0.6410
vn -0.5592 0.5091 0.6543
vn -0.6229 0.5115 0.5920
vn -0.7808 0.5150 0.3537
vn -0.6518 0.6986 0.2952
vn -0.5142 0.6864 0.5142
vn -0.5440 0.6459 0.5357
vn -0.6889 0.6542 0.3121
vn -0.4604 0.6776 0.5735
vn -0.4871 0.6413 0.5928
vn -0.5000 0.6223 0.6022
vn -0.5602 0.6214 0.5478
vn -0.7133 0.6219 0.3231
vn -0.7352 0.6771 -0.0314
vn -0.7260 0.6860 0.0479
vn -0.7617 0.6455 0.0561
vn -0.7673 0.6408 -0.0240
vn -0.7814 0.6211 0.0603
vn -0.7828 0.6219 -0.0205
vn -0.5784 0.7725 0.2620
vn -0.4492 0.7572 0.4742
vn -0.4835 0.7222 0.4946
vn -0.6167 0.7360 0.2793
vn -0.3995 0.7463 0.5325
vn -0.4317 0.7123 0.5534
vn -0.6644 0.7457 -0.0501
vn -0.6532 0.7567 0.0255
vn -0.6911 0.7218 0.0377
vn -0.7013 0.7117 -0.0397
vn -0.4902 0.8428 0.2221
vn -0.3692 0.8245 0.4287
vn -0.4096 0.7929 0.4512
vn -0.5345 0.8098 0.2421
vn -0.3237 0.8114 0.4866
vn -0.3620 0.7808 0.5092
vn -0.5803 0.8108 -0.0767
vn -0.5665 0.8240 -0.0047
vn -0.6099 0.7924 0.0108
vn -0.6224 0.7802 -0.0629
vn -0.4451 0.8724 0.2019
vn -0.3276 0.8529 0.4065
vn -0.3384 0.8462 0.4117
vn -0.4565 0.8653 0.2068
vn -0.2842 0.8389 0.4641
vn -0.2942 0.8324 0.4697
vn -0.5334 0.8457 -0.0166
vn -0.5482 0.8317 -0.0878
vn -0.5373 0.8384 -0.0917
vn -0.5224 0.8525 -0.0210
vn -0.6316 0.4916 0.5995
vn -0.7920 0.4940 0.3588
vn -0.5667 0.4900 0.6624
vn -0.5696 0.4822 0.6656
vn -0.6350 0.4835 0.6025
vn -0.7964 0.4854 0.3608
vn -0.8672 0.4916 0.0799
vn -0.8558 0.5114 0.0782
vn -0.8717 0.4834 0.0805
vn -0.8761 0.4820 -0.0100
vn -0.8717 0.4899 -0.0101
vn -0.8607 0.5089 -0.0104
vn 0.7867 0.6097 -0.0966
vn 0.7851 0.6057 0.1292
vn 0.7736 0.6208 0.1271
vn 0.7748 0.6249 -0.0957
vn 0.7732 0.6024 0.1983
vn 0.7606 0.6186 0.1969
vn 0.7300 0.6553 0.1941
vn 0.7492 0.6506 0.1239
vn 0.7531 0.6512 -0.0935
vn 0.7244 0.6778 0.1259
vn 0.7317 0.6755 -0.0913
vn 0.7023 0.6854 0.1923
vn 0.6942 0.6937 0.1918
vn 0.7089 0.6934 0.1291
vn 0.7137 0.6947 -0.0894
vn 0.5660 0.7458 -0.3513
vn 0.5912 0.7534 -0.2878
vn 0.5518 0.7857 -0.2796
vn 0.5277 0.7775 -0.3420
vn 0.6410 0.7632 -0.0815
vn 0.6001 0.7962 -0.0771
vn 0.5558 0.8282 -0.0722
vn 0.5088 0.8170 -0.2714
vn 0.4858 0.8082 -0.3329
vn 0.6475 0.7515 0.1265
vn 0.6086 0.7832 0.1270
vn 0.6412 0.7433 0.1905
vn 0.6036 0.7744 0.1900
vn 0.5627 0.8044 0.1904
vn 0.5664 0.8141 0.1286
vn 0.4599 0.8483 -0.2626
vn 0.4381 0.8389 -0.3231
vn 0.5054 0.8603 -0.0666
vn 0.4550 0.8884 -0.0609
vn 0.4108 0.8756 -0.2542
vn 0.3902 0.8655 -0.3140
vn 0.5183 0.8452 0.1307
vn 0.5162 0.8348 0.1916
vn 0.4695 0.8614 0.1936
vn 0.4701 0.8724 0.1335
vn 0.3737 0.8938 -0.2480
vn 0.3541 0.8832 -0.3075
vn 0.4169 0.9072 -0.0567
vn 0.4034 0.9131 -0.0589
vn 0.3606 0.8992 -0.2478
vn 0.3421 0.8886 -0.3054
vn 0.4336 0.8908 0.1357
vn 0.4337 0.8796 0.1955
vn 0.4215 0.8853 0.1963
vn 0.4213 0.8968 0.1353
vn 0.7309 0.6025 -0.3207
vn 0.7402 0.5896 -0.3232
vn 0.7964 0.5968 -0.0979
vn 0.7007 0.5978 -0.3894
vn 0.7095 0.5855 -0.3922
vn 0.7188 0.5720 -0.3952
vn 0.7500 0.5757 -0.3257
vn 0.8069 0.5824 -0.0989
vn 0.7939 0.5941 0.1295
vn 0.8039 0.5804 0.1301
vn 0.7909 0.5783 0.2002
vn 0.7812 0.5917 0.1991
vn -0.4757 0.5874 0.6547
vn -0.6419 0.5838 0.4972
vn -0.6313 0.6016 0.4894
vn -0.4678 0.6050 0.6443
vn -0.6846 0.5808 0.4405
vn -0.6737 0.5999 0.4316
vn -0.6511 0.6376 0.4118
vn -0.6126 0.6322 0.4744
vn -0.4550 0.6320 0.6273
vn -0.5973 0.6602 0.4554
vn -0.4423 0.6570 0.6106
vn -0.6311 0.6685 0.3935
vn -0.6253 0.6771 0.3881
vn -0.5893 0.6762 0.4422
vn -0.4315 0.6768 0.5964
vn -0.1376 0.7310 0.6684
vn -0.2019 0.7382 0.6437
vn -0.1815 0.7716 0.6096
vn -0.1187 0.7638 0.6345
vn -0.3885 0.7474 0.5389
vn -0.3642 0.7816 0.5065
vn -0.3379 0.8147 0.4713
vn -0.1586 0.8040 0.5730
vn -0.0973 0.7956 0.5979
vn -0.5459 0.7361 0.4002
vn -0.5200 0.7689 0.3719
vn -0.5885 0.7282 0.3512
vn -0.5626 0.7603 0.3246
vn -0.5353 0.7915 0.2951
vn -0.4925 0.8009 0.3406
vn -0.1322 0.8366 0.5316
vn -0.0724 0.8275 0.5567
vn -0.3079 0.8481 0.4311
vn -0.2780 0.8775 0.3908
vn -0.1052 0.8652 0.4903
vn -0.0469 0.8554 0.5158
vn -0.4615 0.8332 0.3045
vn -0.5046 0.8230 0.2608
vn -0.4744 0.8509 0.2259
vn -0.4309 0.8617 0.2679
vn -0.0847 0.8843 0.4591
vn -0.0273 0.8740 0.4852
vn -0.2552 0.8973 0.3602
vn -0.2446 0.9035 0.3520
vn -0.0760 0.8900 0.4495
vn -0.0207 0.8797 0.4751
vn -0.4077 0.8810 0.2400
vn -0.4515 0.8699 0.1988
vn -0.4437 0.8759 0.1894
vn -0.3990 0.8873 0.2315
vn -0.2709 0.5814 0.7671
vn -0.2754 0.5679 0.7757
vn -0.4818 0.5733 0.6627
vn -0.1992 0.5775 0.7917
vn -0.2029 0.5647 0.8000
vn -0.2064 0.5522 0.8077
vn -0.2794 0.5551 0.7834
vn -0.4874 0.5600 0.6700
vn -0.6487 0.5706 0.5036
vn -0.6551 0.5578 0.5095
vn -0.6980 0.5560 0.4513
vn -0.6914 0.5685 0.4459
vn -0.3731 0.6632 -0.6489
vn -0.1709 0.6575 -0.7338
vn -0.1726 0.6558 -0.7349
vn -0.3741 0.6611 -0.6504
vn -0.1046 0.6531 -0.7500
vn -0.1047 0.6527 -0.7504
vn -0.0942 0.6875 -0.7201
vn -0.1652 0.6841 -0.7104
vn -0.3631 0.6860 -0.6305
vn -0.1531 0.7099 -0.6875
vn -0.3523 0.7090 -0.6109
vn -0.0843 0.7160 -0.6930
vn -0.0814 0.7238 -0.6851
vn -0.1438 0.7245 -0.6741
vn -0.3433 0.7272 -0.5944
vn -0.5240 0.7725 -0.3587
vn -0.4755 0.7808 -0.4053
vn -0.4523 0.8111 -0.3710
vn -0.5004 0.8022 -0.3258
vn -0.3067 0.7916 -0.5285
vn -0.2862 0.8225 -0.4916
vn -0.2639 0.8522 -0.4518
vn -0.4278 0.8401 -0.3335
vn -0.4754 0.8307 -0.2896
vn -0.1208 0.7792 -0.6150
vn -0.1044 0.8090 -0.5785
vn -0.0606 0.7705 -0.6345
vn -0.0456 0.7996 -0.5988
vn -0.0285 0.8276 -0.5606
vn -0.0858 0.8377 -0.5394
vn -0.4004 0.8690 -0.2907
vn -0.4477 0.8590 -0.2483
vn -0.2387 0.8819 -0.4066
vn -0.2135 0.9076 -0.3616
vn -0.3735 0.8939 -0.2478
vn -0.4206 0.8834 -0.2067
vn -0.0644 0.8664 -0.4952
vn -0.0085 0.8557 -0.5174
vn 0.0122 0.8801 -0.4745
vn -0.0424 0.8914 -0.4512
vn -0.3532 0.9104 -0.2154
vn -0.4005 0.8994 -0.1754
vn -0.1945 0.9246 -0.3275
vn -0.1911 0.9299 -0.3142
vn -0.3479 0.9152 -0.2033
vn -0.3940 0.9042 -0.1649
vn -0.0258 0.9081 -0.4180
vn 0.0284 0.8966 -0.4419
vn 0.0341 0.9018 -0.4308
vn -0.0212 0.9135 -0.4063
vn -0.5529 0.6547 -0.5154
vn -0.5589 0.6434 -0.5232
vn -0.3781 0.6515 -0.6577
vn -0.6036 0.6489 -0.4632
vn -0.6090 0.6388 -0.4701
vn -0.6254 0.6074 -0.4897
vn -0.5744 0.6117 -0.5440
vn -0.3910 0.6187 -0.6814
vn -0.1742 0.6467 -0.7425
vn -0.1834 0.6148 -0.7671
vn -0.1152 0.6118 -0.7825
vn -0.1074 0.6435 -0.7578
vn 0.3528 0.7169 -0.6013
vn 0.5199 0.7127 -0.4710
vn 0.5448 0.6700 -0.5044
vn 0.3726 0.6757 -0.6361
vn 0.5652 0.7080 -0.4233
vn 0.5917 0.6664 -0.4536
vn 0.5704 0.7005 -0.4290
vn 0.5271 0.6976 -0.4854
vn 0.3605 0.7001 -0.6164
vn 0.5130 0.7227 -0.4631
vn 0.3487 0.7225 -0.5970
vn 0.5517 0.7283 -0.4065
vn 0.5463 0.7359 -0.3999
vn 0.5059 0.7370 -0.4482
vn 0.3387 0.7403 -0.5808
vn 0.0459 0.7832 -0.6201
vn 0.1098 0.7918 -0.6009
vn 0.0912 0.8211 -0.5634
vn 0.0286 0.8120 -0.5830
vn 0.2992 0.8030 -0.5155
vn 0.2771 0.8329 -0.4790
vn 0.2533 0.8617 -0.4396
vn 0.0704 0.8492 -0.5233
vn 0.0092 0.8396 -0.5431
vn 0.4658 0.7903 -0.3981
vn 0.4421 0.8192 -0.3653
vn 0.5124 0.7814 -0.3560
vn 0.4888 0.8097 -0.3248
vn 0.4640 0.8368 -0.2906
vn 0.4172 0.8470 -0.3294
vn 0.0466 0.8771 -0.4780
vn -0.0133 0.8669 -0.4982
vn 0.2264 0.8904 -0.3950
vn 0.1996 0.9151 -0.3504
vn 0.0224 0.9011 -0.4331
vn -0.0362 0.8903 -0.4539
vn 0.3893 0.8748 -0.2884
vn 0.4363 0.8640 -0.2514
vn 0.4093 0.8875 -0.2118
vn 0.3620 0.8988 -0.2472
vn 0.0042 0.9168 -0.3992
vn -0.0537 0.9056 -0.4207
vn 0.1794 0.9314 -0.3168
vn 0.1695 0.9364 -0.3073
vn -0.0038 0.9214 -0.3886
vn -0.0596 0.9102 -0.4098
vn 0.3414 0.9148 -0.2160
vn 0.3890 0.9032 -0.1813
vn 0.3821 0.9082 -0.1708
vn 0.3334 0.9200 -0.2062
vn 0.1544 0.7059 -0.6913
vn 0.1578 0.6886 -0.7078
vn 0.3591 0.7000 -0.6173
vn 0.0851 0.6993 -0.7097
vn 0.0890 0.6844 -0.7236
vn 0.1134 0.6047 -0.7883
vn 0.1865 0.6090 -0.7710
vn 0.3985 0.6168 -0.6788
vn 0.5302 0.6969 -0.4828
vn 0.5767 0.6138 -0.5391
vn 0.6239 0.6114 -0.4869
vn 0.5733 0.6969 -0.4309
vn 0.6223 0.6085 -0.4924
vn 0.4467 0.6085 -0.6559
vn 0.4587 0.5807 -0.6726
vn 0.6361 0.5848 -0.5034
vn 0.3754 0.6140 -0.6943
vn 0.3919 0.5786 -0.7153
vn 0.3991 0.5614 -0.7250
vn 0.4647 0.5648 -0.6819
vn 0.6445 0.5698 -0.5099
vn 0.5379 0.7277 -0.4256
vn 0.3764 0.7167 -0.5872
vn 0.4021 0.6777 -0.6156
vn 0.5710 0.6855 -0.4518
vn 0.3186 0.7087 -0.6295
vn 0.3420 0.6736 -0.6552
vn 0.3534 0.6552 -0.6677
vn 0.4159 0.6543 -0.6316
vn 0.5928 0.6547 -0.4691
vn 0.6859 0.7087 -0.1654
vn 0.6580 0.7167 -0.2313
vn 0.6916 0.6777 -0.2498
vn 0.7162 0.6736 -0.1823
vn 0.7103 0.6543 -0.2596
vn 0.7311 0.6552 -0.1905
vn 0.4730 0.7977 -0.3742
vn 0.3195 0.7843 -0.5318
vn 0.3495 0.7509 -0.5603
vn 0.5068 0.7631 -0.4010
vn 0.2654 0.7746 -0.5741
vn 0.2935 0.7421 -0.6027
vn 0.6197 0.7746 -0.1263
vn 0.5910 0.7843 -0.1887
vn 0.6257 0.7509 -0.2113
vn 0.6540 0.7421 -0.1471
vn 0.3954 0.8636 -0.3129
vn 0.2496 0.8479 -0.4676
vn 0.2849 0.8181 -0.4996
vn 0.4343 0.8327 -0.3436
vn 0.1990 0.8367 -0.5103
vn 0.2326 0.8076 -0.5420
vn 0.5424 0.8367 -0.0764
vn 0.5125 0.8479 -0.1354
vn 0.5517 0.8181 -0.1624
vn 0.5809 0.8076 -0.1018
vn 0.3659 0.8845 -0.2896
vn 0.2228 0.8682 -0.4434
vn 0.3560 0.8910 -0.2817
vn 0.2134 0.8745 -0.4355
vn 0.1643 0.8626 -0.4785
vn 0.1732 0.8564 -0.4864
vn 0.4827 0.8682 -0.1149
vn 0.5132 0.8564 -0.0567
vn 0.5034 0.8626 -0.0499
vn 0.4729 0.8745 -0.1075
vn 0.6535 0.5529 -0.5170
vn 0.4717 0.5490 -0.6900
vn 0.4729 0.5391 -0.6970
vn 0.6593 0.5415 -0.5216
vn 0.4051 0.5467 -0.7328
vn 0.4046 0.5386 -0.7391
vn 0.3985 0.5203 -0.7554
vn 0.4705 0.5154 -0.7162
vn 0.6727 0.5141 -0.5321
vn 0.4544 0.4860 -0.7465
vn 0.6902 0.4749 -0.5460
vn 0.3837 0.5001 -0.7763
vn 0.3569 0.4793 -0.8018
vn 0.5204 0.4618 -0.7183
vn 0.6956 0.4632 -0.5491
vn 0.7793 0.5501 -0.3002
vn 0.7759 0.5559 -0.2984
vn 0.6499 0.5596 -0.5143
vn 0.8055 0.5481 -0.2255
vn 0.8023 0.5533 -0.2240
vn 0.7971 0.5618 -0.2217
vn 0.7703 0.5651 -0.2954
vn 0.2025 0.5735 -0.7937
vn -0.0693 0.5740 -0.8159
vn -0.0710 0.5412 -0.8379
vn 0.2074 0.5444 -0.8128
vn -0.1580 0.5797 -0.7994
vn -0.1593 0.5398 -0.8266
vn -0.1613 0.5091 -0.8455
vn -0.0728 0.5115 -0.8562
vn 0.2119 0.5150 -0.8306
vn 0.1769 0.6986 -0.6933
vn -0.0800 0.6864 -0.7228
vn -0.0781 0.6459 -0.7595
vn 0.1870 0.6542 -0.7329
vn -0.1599 0.6776 -0.7178
vn -0.1583 0.6413 -0.7508
vn -0.1576 0.6223 -0.7667
vn -0.0775 0.6214 -0.7796
vn 0.1936 0.6219 -0.7588
vn 0.4840 0.6771 -0.5543
vn 0.4164 0.6860 -0.5967
vn 0.4323 0.6455 -0.6297
vn 0.4983 0.6408 -0.5839
vn 0.4414 0.6211 -0.6476
vn 0.5053 0.6219 -0.5982
vn 0.1570 0.7725 -0.6153
vn -0.0894 0.7572 -0.6470
vn -0.0839 0.7222 -0.6866
vn 0.1674 0.7360 -0.6560
vn -0.1660 0.7463 -0.6446
vn -0.1622 0.7123 -0.6829
vn 0.4544 0.7457 -0.4874
vn 0.3884 0.7567 -0.5258
vn 0.4025 0.7218 -0.5631
vn 0.4694 0.7117 -0.5226
vn 0.1331 0.8428 -0.5215
vn -0.1039 0.8245 -0.5562
vn -0.0962 0.7929 -0.6017
vn 0.1451 0.8098 -0.5685
vn -0.1775 0.8114 -0.5568
vn -0.1712 0.7808 -0.6009
vn 0.4226 0.8108 -0.4050
vn 0.3577 0.8240 -0.4393
vn 0.3728 0.7924 -0.4829
vn 0.4381 0.7802 -0.4466
vn 0.1206 0.8724 -0.4736
vn -0.1125 0.8529 -0.5098
vn -0.1098 0.8462 -0.5215
vn 0.1239 0.8653 -0.4856
vn -0.1847 0.8389 -0.5119
vn -0.1828 0.8324 -0.5232
vn 0.3463 0.8457 -0.4061
vn 0.4111 0.8317 -0.3730
vn 0.4074 0.8384 -0.3622
vn 0.3429 0.8525 -0.3946
vn -0.0732 0.4916 -0.8677
vn 0.2150 0.4940 -0.8424
vn -0.1629 0.4900 -0.8564
vn -0.1636 0.4820 -0.8607
vn -0.0734 0.4834 -0.8723
vn 0.2162 0.4854 -0.8472
vn 0.4797 0.4916 -0.7268
vn 0.4738 0.5114 -0.7169
vn 0.4821 0.4833 -0.7308
vn 0.5554 0.4820 -0.6776
vn 0.5527 0.4899 -0.6742
vn 0.5461 0.5089 -0.6654
vn 0.7136 0.5735 0.4023
vn 0.8262 0.5622 -0.0356
vn 0.8459 0.5323 -0.0350
vn 0.7307 0.5444 0.4119
vn 0.8125 0.5593 -0.1642
vn 0.8348 0.5257 -0.1636
vn 0.8505 0.4997 -0.1645
vn 0.8622 0.5054 -0.0351
vn 0.7467 0.5150 0.4209
vn 0.6233 0.6986 0.3514
vn 0.7446 0.6651 -0.0576
vn 0.7768 0.6277 -0.0506
vn 0.6589 0.6541 0.3714
vn 0.7444 0.6447 -0.1741
vn 0.7718 0.6130 -0.1690
vn 0.7849 0.5968 -0.1666
vn 0.7950 0.6049 -0.0464
vn 0.6822 0.6219 0.3846
vn 0.2381 0.6441 0.7269
vn 0.3372 0.6645 0.6669
vn 0.3598 0.6272 0.6908
vn 0.2567 0.6125 0.7477
vn 0.3727 0.6044 0.7041
vn 0.2654 0.5964 0.7576
vn 0.5531 0.7725 0.3118
vn 0.6787 0.7303 -0.0782
vn 0.7129 0.6981 -0.0665
vn 0.5897 0.7360 0.3324
vn 0.6840 0.7046 -0.1890
vn 0.7155 0.6749 -0.1804
vn 0.1943 0.7039 0.6832
vn 0.2856 0.7296 0.6213
vn 0.3133 0.6975 0.6445
vn 0.2178 0.6743 0.7056
vn 0.4688 0.8428 0.2643
vn 0.6003 0.7925 -0.1077
vn 0.6395 0.7632 -0.0923
vn 0.5111 0.8098 0.2881
vn 0.6121 0.7617 -0.2127
vn 0.6481 0.7348 -0.2001
vn 0.1369 0.7610 0.6342
vn 0.2200 0.7918 0.5698
vn 0.2534 0.7625 0.5952
vn 0.1662 0.7341 0.6584
vn 0.4366 0.8653 0.2461
vn 0.5705 0.8126 -0.1193
vn 0.4259 0.8724 0.2396
vn 0.5607 0.8186 -0.1245
vn 0.5755 0.7858 -0.2266
vn 0.5847 0.7800 -0.2229
vn 0.1947 0.8119 0.5503
vn 0.1140 0.7794 0.6161
vn 0.1061 0.7851 0.6102
vn 0.1854 0.8181 0.5444
vn 0.8725 0.4874 -0.0344
vn 0.7574 0.4940 0.4269
vn 0.8596 0.4834 -0.1657
vn 0.8632 0.4767 -0.1663
vn 0.8766 0.4800 -0.0342
vn 0.7616 0.4855 0.4293
vn 0.4230 0.4872 0.7640
vn 0.4171 0.5052 0.7555
vn 0.4253 0.4800 0.7673
vn 0.3062 0.4767 0.8240
vn 0.3048 0.4833 0.8207
vn 0.3011 0.4995 0.8123
vn -0.5711 0.8192 0.0516
vn -0.5623 0.8119 -0.1567
vn -0.4989 0.8531 -0.1529
vn -0.5071 0.8603 0.0510
vn -0.5511 0.8050 -0.2196
vn -0.4856 0.8471 -0.2160
vn -0.3744 0.9029 -0.2111
vn -0.4003 0.9044 -0.1476
vn -0.4115 0.9100 0.0498
vn -0.3086 0.9397 -0.1477
vn -0.3240 0.9448 0.0486
vn -0.2779 0.9381 -0.2069
vn -0.2502 0.9461 -0.2056
vn -0.2626 0.9532 -0.1497
vn -0.2731 0.9608 0.0478
vn -0.0355 0.9564 0.2898
vn -0.0354 0.9722 0.2316
vn 0.1026 0.9703 0.2189
vn 0.0983 0.9564 0.2752
vn -0.0451 0.9980 0.0438
vn 0.0978 0.9944 0.0405
vn 0.2446 0.9689 0.0368
vn 0.2451 0.9479 0.2037
vn 0.2356 0.9372 0.2573
vn -0.0550 0.9883 -0.1426
vn 0.0845 0.9871 -0.1363
vn -0.0628 0.9779 -0.1993
vn 0.0733 0.9789 -0.1909
vn 0.2120 0.9605 -0.1804
vn 0.2287 0.9650 -0.1285
vn 0.3930 0.9013 0.1821
vn 0.3815 0.8948 0.2319
vn 0.3949 0.9182 0.0317
vn 0.5235 0.8516 0.0263
vn 0.5213 0.8387 0.1574
vn 0.5100 0.8360 0.2023
vn 0.3789 0.9180 -0.1170
vn 0.3611 0.9178 -0.1651
vn 0.4930 0.8576 -0.1464
vn 0.5097 0.8541 -0.1033
vn 0.6055 0.7841 0.1360
vn 0.5997 0.7809 0.1749
vn 0.6062 0.7950 0.0227
vn 0.6304 0.7759 0.0234
vn 0.6309 0.7656 0.1257
vn 0.6295 0.7596 0.1634
vn 0.5961 0.7979 -0.0894
vn 0.5867 0.7998 -0.1271
vn 0.6188 0.7767 -0.1174
vn 0.6227 0.7784 -0.0796
vn -0.5387 0.8010 0.2610
vn -0.6109 0.7450 0.2680
vn -0.6482 0.7596 0.0530
vn -0.5192 0.7903 0.3254
vn -0.5857 0.7389 0.3333
vn -0.6705 0.6577 0.3434
vn -0.6977 0.6610 0.2763
vn -0.7396 0.6708 0.0547
vn -0.6366 0.7541 -0.1614
vn -0.7259 0.6673 -0.1665
vn -0.7089 0.6658 -0.2327
vn -0.6211 0.7506 -0.2255
vn -0.2797 0.6140 -0.7381
vn -0.3555 0.6085 -0.7095
vn -0.3652 0.5807 -0.7276
vn -0.2933 0.5786 -0.7610
vn -0.3763 0.5380 -0.7543
vn -0.3029 0.5377 -0.7868
vn -0.3714 0.5138 -0.7734
vn -0.2947 0.5190 -0.8024
vn -0.7297 0.5551 -0.3992
vn -0.7659 0.5525 -0.3290
vn -0.3513 0.4836 -0.8017
vn -0.2772 0.4985 -0.8214
vn -0.4206 0.4581 -0.7831
vn -0.2470 0.4771 -0.8434
vn -0.3170 0.5822 0.7487
vn -0.2415 0.5752 0.7816
vn -0.2474 0.5462 0.8003
vn -0.3236 0.5452 0.7733
vn -0.2564 0.5071 0.8229
vn -0.3328 0.5074 0.7948
vn -0.2660 0.4943 0.8276
vn -0.3424 0.4980 0.7968
vn 0.2529 0.5173 0.8176
vn 0.3292 0.5158 0.7909
vn -0.2856 0.4792 0.8299
vn -0.3571 0.4880 0.7965
vn -0.2196 0.4644 0.8580
vn -0.3782 0.4783 0.7926
vn -0.8149 0.5794 -0.0152
vn -0.8156 0.5738 0.0746
vn -0.8375 0.5410 0.0767
vn -0.8419 0.5396 -0.0118
vn -0.5658 0.4794 0.6709
vn -0.6325 0.4783 0.6092
vn -0.6353 0.4809 0.6043
vn -0.5694 0.4802 0.6672
vn -0.8007 0.4766 0.3629
vn -0.7981 0.4819 0.3616
vn -0.8735 0.4803 0.0795
vn -0.8775 0.4795 -0.0112
vn -0.8761 0.4764 0.0742
vn -0.8786 0.4773 -0.0167
vn -0.5481 0.4723 0.6904
vn -0.6813 0.4580 0.5710
vn -0.6251 0.4712 0.6222
vn -0.5587 0.4772 0.6784
vn -0.8105 0.4547 0.3693
vn -0.8081 0.4612 0.3663
vn -0.8825 0.4665 0.0595
vn -0.8807 0.4729 -0.0277
vn -0.8811 0.4532 0.1353
vn -0.8843 0.4648 -0.0448
vn 0.7187 0.6193 -0.3161
vn 0.6869 0.6165 -0.3848
vn 0.6948 0.6500 -0.3077
vn 0.6563 0.6546 -0.3752
vn 0.7228 0.5386 -0.4329
vn 0.7626 0.5337 -0.3655
vn 0.7565 0.5618 -0.3347
vn 0.7228 0.5599 -0.4050
vn 0.8386 0.5350 -0.1023
vn 0.8175 0.5671 -0.1001
vn 0.8121 0.5671 0.1374
vn 0.7969 0.5669 0.2088
vn 0.8252 0.5399 0.1661
vn 0.8035 0.5464 0.2361
vn 0.6833 0.4888 -0.5424
vn 0.7996 0.4771 -0.3647
vn 0.7540 0.5010 -0.4250
vn 0.7130 0.5152 -0.4755
vn 0.8705 0.4814 -0.1024
vn 0.8650 0.4906 -0.1055
vn 0.8303 0.5094 0.2261
vn 0.8041 0.5244 0.2801
vn 0.8600 0.4844 0.1608
vn 0.7906 0.5010 0.3521
vn -0.2660 0.6001 0.7543
vn -0.1932 0.5979 0.7779
vn -0.2564 0.6316 0.7316
vn -0.1800 0.6371 0.7495
vn -0.1859 0.5272 0.8291
vn -0.2621 0.5228 0.8112
vn -0.2775 0.5441 0.7918
vn -0.2026 0.5430 0.8149
vn -0.5022 0.5212 0.6900
vn -0.4924 0.5472 0.6768
vn -0.6642 0.5462 0.5104
vn -0.7068 0.5458 0.4500
vn -0.6888 0.5232 0.5018
vn -0.7273 0.5282 0.4382
vn -0.0998 0.4930 0.8643
vn -0.2967 0.4799 0.8256
vn -0.2221 0.4994 0.8374
vn -0.1553 0.5105 0.8457
vn -0.5161 0.4787 0.7102
vn -0.5147 0.4860 0.7063
vn -0.7292 0.4968 0.4706
vn -0.7547 0.5095 0.4133
vn -0.6973 0.4767 0.5353
vn -0.7930 0.4885 0.3639
vn -0.5524 0.6542 -0.5165
vn -0.6029 0.6504 -0.4621
vn -0.5351 0.6834 -0.4966
vn -0.5818 0.6865 -0.4361
vn -0.6803 0.5575 -0.4759
vn -0.6394 0.5483 -0.5391
vn -0.5926 0.5895 -0.5490
vn -0.6431 0.5880 -0.4906
vn -0.4165 0.5460 -0.7269
vn -0.4002 0.5942 -0.6977
vn -0.1784 0.5923 -0.7857
vn -0.1068 0.5919 -0.7989
vn -0.1456 0.5502 -0.8222
vn -0.0743 0.5602 -0.8250
vn -0.7936 0.4919 -0.3581
vn -0.6748 0.4760 -0.5639
vn -0.7077 0.5064 -0.4927
vn -0.7300 0.5246 -0.4381
vn -0.4365 0.4766 -0.7631
vn -0.4339 0.4865 -0.7583
vn -0.0687 0.5068 -0.8593
vn -0.0155 0.5265 -0.8500
vn -0.1431 0.4756 -0.8679
vn 0.0890 0.4921 -0.8660
vn 0.1697 0.6683 -0.7243
vn 0.0980 0.6640 -0.7413
vn 0.1606 0.6968 -0.6991
vn 0.0854 0.6994 -0.7097
vn 0.0593 0.5421 -0.8382
vn 0.1276 0.5280 -0.8396
vn 0.1775 0.5782 -0.7964
vn 0.0995 0.5777 -0.8102
vn 0.4318 0.5245 -0.7338
vn 0.4114 0.5834 -0.7003
vn 0.6036 0.5834 -0.5434
vn 0.6502 0.5845 -0.4853
vn 0.6663 0.5340 -0.5205
vn 0.6953 0.5493 -0.4635
vn -0.1501 0.4745 -0.8674
vn 0.1198 0.4644 -0.8775
vn 0.0341 0.4884 -0.8719
vn -0.0207 0.5041 -0.8634
vn 0.4515 0.4691 -0.7590
vn 0.4469 0.4736 -0.7589
vn 0.7405 0.4965 -0.4529
vn 0.7565 0.5128 -0.4060
vn 0.7062 0.4714 -0.5282
vn 0.8234 0.4860 -0.2930
vn 0.7620 0.6140 -0.2057
vn 0.7410 0.6085 -0.2839
vn 0.7600 0.5807 -0.2918
vn 0.7862 0.5786 -0.2170
vn 0.7860 0.5408 -0.2995
vn 0.8109 0.5408 -0.2235
vn 0.8035 0.5184 -0.2927
vn 0.8245 0.5239 -0.2139
vn 0.4691 0.5552 -0.6868
vn 0.4028 0.5524 -0.7298
vn 0.8280 0.4914 -0.2702
vn 0.8405 0.5055 -0.1950
vn 0.8160 0.4668 -0.3409
vn 0.8578 0.4872 -0.1636
vn 0.5212 0.5794 -0.6266
vn 0.4516 0.5738 -0.6833
vn 0.4636 0.5410 -0.7017
vn 0.5354 0.5396 -0.6498
vn -0.1710 0.4757 -0.8628
vn -0.0808 0.4744 -0.8766
vn -0.0748 0.4798 -0.8742
vn -0.1651 0.4791 -0.8621
vn 0.2178 0.4738 -0.8533
vn 0.2168 0.4812 -0.8494
vn 0.4841 0.4800 -0.7316
vn 0.5573 0.4793 -0.6780
vn 0.4903 0.4752 -0.7306
vn 0.5624 0.4767 -0.6756
vn -0.2017 0.4592 -0.8651
vn -0.0225 0.4455 -0.8950
vn -0.0975 0.4616 -0.8817
vn -0.1830 0.4696 -0.8637
vn 0.2226 0.4454 -0.8672
vn 0.2204 0.4538 -0.8634
vn 0.5066 0.4640 -0.7267
vn 0.5726 0.4717 -0.6705
vn 0.4475 0.4480 -0.7740
vn 0.5887 0.4630 -0.6627
vn 0.2818 0.5590 0.7799
vn 0.3981 0.5619 0.7251
vn 0.4088 0.5320 0.7415
vn 0.2938 0.5254 0.7985
vn 0.8634 0.4734 -0.1744
vn 0.8792 0.4745 -0.0432
vn 0.8779 0.4774 -0.0357
vn 0.8639 0.4748 -0.1679
vn 0.7651 0.4780 0.4315
vn 0.7631 0.4823 0.4302
vn 0.4246 0.4779 0.7690
vn 0.3051 0.4753 0.8252
vn 0.4187 0.4765 0.7731
vn 0.2994 0.4754 0.8272
vn 0.8607 0.4642 -0.2091
vn 0.8884 0.4564 0.0494
vn 0.8820 0.4671 -0.0630
vn 0.8623 0.4706 -0.1869
vn 0.7708 0.4598 0.4409
vn 0.7717 0.4641 0.4348
vn 0.4037 0.4722 0.7836
vn 0.2888 0.4749 0.8313
vn 0.5022 0.4620 0.7310
vn 0.2705 0.4721 0.8390
vn -0.4766 0.8410 0.2561
vn -0.4548 0.8309 0.3206
vn -0.3791 0.8915 0.2482
vn -0.3449 0.8851 0.3125
vn -0.7448 0.5356 0.3980
vn -0.7853 0.5242 0.3295
vn -0.7526 0.5888 0.2948
vn -0.7209 0.5894 0.3646
vn -0.8522 0.5199 0.0589
vn -0.8031 0.5932 0.0568
vn -0.7851 0.5920 -0.1819
vn -0.7646 0.5934 -0.2517
vn -0.8243 0.5238 -0.2149
vn -0.7948 0.5359 -0.2849
vn -0.7391 0.4768 0.4758
vn -0.8336 0.4644 0.2989
vn -0.7923 0.4850 0.3701
vn -0.7502 0.4987 0.4342
vn -0.8846 0.4622 0.0626
vn -0.8812 0.4689 0.0600
vn -0.8382 0.4806 -0.2577
vn -0.8064 0.4958 -0.3225
vn -0.8686 0.4598 -0.1848
vn -0.8018 0.4697 -0.3694
vn -0.7058 0.6461 -0.2905
vn -0.6792 0.6377 -0.3635
vn -0.5371 0.6342 -0.5561
vn -0.3397 0.6377 -0.6914
vn -0.2657 0.6461 -0.7155
vn 0.3110 0.6157 0.7240
vn 0.2401 0.6057 0.7586
vn 0.0000 0.6005 0.7997
vn -0.2401 0.6057 0.7586
vn -0.3110 0.6157 0.7240
vn -0.5060 0.6127 0.6071
vn -0.5737 0.6042 0.5530
vn -0.7284 0.6004 0.3300
vn -0.7943 0.6039 0.0670
vn -0.7904 0.6123 -0.0192
vn 0.6847 0.7237 -0.0862
vn 0.6308 0.7164 -0.2980
vn 0.6526 0.6941 -0.3040
vn 0.6024 0.7122 -0.3603
vn 0.6204 0.6942 -0.3648
vn 0.6769 0.7108 0.1913
vn 0.6871 0.7152 0.1279
vn -0.4144 0.7066 0.5735
vn -0.2209 0.7000 0.6791
vn -0.2309 0.6770 0.6988
vn -0.1552 0.6963 0.7007
vn -0.1639 0.6778 0.7167
vn -0.6132 0.6947 0.3760
vn -0.5737 0.6987 0.4275
vn -0.3286 0.7545 -0.5681
vn -0.5006 0.7460 -0.4391
vn -0.5148 0.7249 -0.4576
vn -0.5467 0.7409 -0.3900
vn -0.5580 0.7240 -0.4055
vn -0.0746 0.7400 -0.6685
vn -0.1358 0.7451 -0.6530
vn 0.3230 0.7669 -0.5546
vn 0.1271 0.7579 -0.6399
vn 0.1364 0.7373 -0.6616
vn 0.0621 0.7525 -0.6557
vn 0.0702 0.7359 -0.6734
vn 0.5352 0.7516 -0.3855
vn 0.4914 0.7571 -0.4305
vn 0.3585 0.6461 -0.6738
vn 0.4286 0.6377 -0.6401
vn 0.6063 0.6342 -0.4798
vn 0.7215 0.6377 -0.2700
vn 0.7382 0.6461 -0.1940
vn -0.1576 0.6127 -0.7744
vn -0.0731 0.6042 -0.7935
vn 0.1977 0.6004 -0.7748
vn 0.4442 0.6039 -0.6619
vn 0.5090 0.6123 -0.6050
vn 0.7919 0.5877 -0.1659
vn 0.8069 0.5893 -0.0412
vn 0.6966 0.6004 0.3927
vn 0.3833 0.5889 0.7115
vn 0.2697 0.5873 0.7632
vn -0.1929 0.9801 0.0467
vn -0.1739 0.9544 0.2427
vn -0.2416 0.9387 0.2461
vn -0.1616 0.9400 0.3004
vn -0.2228 0.9264 0.3034
vn -0.1898 0.9603 -0.2044
vn -0.1947 0.9696 -0.1480
vn 0.6691 0.6781 -0.3042
vn 0.6285 0.6857 -0.3671
vn -0.2418 0.6605 0.7108
vn -0.1675 0.6690 0.7241
vn -0.5216 0.7099 -0.4733
vn -0.5633 0.7159 -0.4124
vn 0.1467 0.7227 -0.6754
vn 0.0736 0.7281 -0.6815
vn -0.2876 0.9258 0.2453
vn -0.2497 0.9190 0.3050
# 1045 vertex normals

vt 0.5000 0.1950 0.0000
vt 0.3594 0.1950 0.0000
vt 0.3750 0.1300 0.0000
vt 0.5000 0.1300 0.0000
vt 0.2188 0.1950 0.0000
vt 0.2500 0.1300 0.0000
vt 0.2500 0.0750 0.0000
vt 0.3750 0.0750 0.0000
vt 0.5000 0.0750 0.0000
vt 0.5000 0.4125 0.0000
vt 0.2500 0.4125 0.0000
vt 0.2500 0.3500 0.0000
vt 0.5000 0.3500 0.0000
vt 0.0000 0.4125 0.0000
vt 0.0000 0.3500 0.0000
vt 0.0313 0.3000 0.0000
vt 0.2656 0.3000 0.0000
vt 0.5000 0.3000 0.0000
vt 1.0000 0.4125 0.0000
vt 0.7500 0.4125 0.0000
vt 0.7500 0.3500 0.0000
vt 1.0000 0.3500 0.0000
vt 0.7344 0.3000 0.0000
vt 0.9688 0.3000 0.0000
vt 0.5000 0.6000 0.0000
vt 0.2500 0.6000 0.0000
vt 0.2500 0.5000 0.0000
vt 0.5000 0.5000 0.0000
vt 0.0000 0.6000 0.0000
vt 0.0000 0.5000 0.0000
vt 1.0000 0.6000 0.0000
vt 0.7500 0.6000 0.0000
vt 0.7500 0.5000 0.0000
vt 1.0000 0.5000 0.0000
vt 0.5000 0.7992 0.0000
vt 0.2500 0.7992 0.0000
vt 0.2500 0.7000 0.0000
vt 0.5000 0.7000 0.0000
vt 0.0000 0.7992 0.0000
vt 0.0000 0.7000 0.0000
vt 1.0000 0.7992 0.0000
vt 0.7500 0.7992 0.0000
vt 0.7500 0.7000 0.0000
vt 1.0000 0.7000 0.0000
vt 0.5000 0.8970 0.0000
vt 0.2500 0.8970 0.0000
vt 0.5000 0.9940 0.0000
vt 0.2500 0.9940 0.0000
vt 0.0000 0.9940 0.0000
vt 0.0000 0.8970 0.0000
vt 0.7500 0.8970 0.0000
vt 1.0000 0.8970 0.0000
vt 1.0000 0.9940 0.0000
vt 0.7500 0.9940 0.0000
vt 0.5000 0.0400 0.0000
vt 0.3750 0.0400 0.0000
vt 0.3750 0.0300 0.0000
vt 0.5000 0.0300 0.0000
vt 0.2500 0.0400 0.0000
vt 0.2500 0.0300 0.0000
vt 0.2500 0.0200 0.0000
vt 0.3750 0.0200 0.0000
vt 0.5000 0.0200 0.0000
vt 0.3750 0.0100 0.0000
vt 0.5000 0.0100 0.0000
vt 0.2500 0.0100 0.0000
vt 0.2500 0.0000 0.0000
vt 0.3750 0.0000 0.0000
vt 0.5000 0.0000 0.0000
vt 0.6250 0.0400 0.0000
vt 0.6250 0.0500 0.0000
vt 0.5000 0.0500 0.0000
vt 0.7500 0.0400 0.0000
vt 0.7500 0.0500 0.0000
vt 0.7500 0.0750 0.0000
vt 0.6250 0.0750 0.0000
vt 0.3750 0.0500 0.0000
vt 0.2500 0.0500 0.0000
vt 0.6250 0.1300 0.0000
vt 0.7500 0.1300 0.0000
vt 0.7813 0.1950 0.0000
vt 0.6406 0.1950 0.0000
vt 0.6875 0.2500 0.0000
vt 0.5000 0.2500 0.0000
vt 0.8750 0.2500 0.0000
vt 0.6250 0.0300 0.0000
vt 0.7500 0.0300 0.0000
vt 0.6250 0.0200 0.0000
vt 0.7500 0.0200 0.0000
vt 0.6250 0.0100 0.0000
vt 0.7500 0.0100 0.0000
vt 0.6250 0.0000 0.0000
vt 0.7500 0.0000 0.0000
vt 0.1250 0.2500 0.0000
vt 0.3125 0.2500 0.0000
# 95 texture coords

o PalmPlant_LOD0
g PalmPlant_LOD0
usemtl Material__25
s 2
f 1/1/1 2/2/2 3/3/3 4/4/4 
f 2/2/2 5/5/5 6/6/6 3/3/3 
f 7/7/7 8/8/8 3/3/3 6/6/6 
f 8/8/8 9/9/9 4/4/4 3/3/3 
f 10/10/10 11/11/11 12/12/12 13/13/13 
f 11/11/11 14/14/14 15/15/15 12/12/12 
f 16/16/16 17/17/17 12/12/12 15/15/15 
f 17/17/17 18/18/18 13/13/13 12/12/12 
f 19/19/19 20/20/20 21/21/21 22/22/22 
f 20/20/20 10/10/10 13/13/13 21/21/21 
f 18/18/18 23/23/23 21/21/21 13/13/13 
f 23/23/23 24/24/24 22/22/22 21/21/21 
f 25/25/25 26/26/26 27/27/27 28/28/28 
f 26/26/26 29/29/29 30/30/30 27/27/27 
f 14/14/14 11/11/11 27/27/27 30/30/30 
f 11/11/11 10/10/10 28/28/28 27/27/27 
f 31/31/31 32/32/32 33/33/33 34/34/34 
f 32/32/32 25/25/25 28/28/28 33/33/33 
f 10/10/10 20/20/20 33/33/33 28/28/28 
f 20/20/20 19/19/19 34/34/34 33/33/33 
f 35/35/35 36/36/36 37/37/37 38/38/38 
f 36/36/36 39/39/39 40/40/40 37/37/37 
f 29/29/29 26/26/26 37/37/37 40/40/40 
f 26/26/26 25/25/25 38/38/38 37/37/37 
f 41/41/41 42/42/42 43/43/43 44/44/44 
f 42/42/42 35/35/35 38/38/38 43/43/43 
f 25/25/25 32/32/32 43/43/43 38/38/38 
f 32/32/32 31/31/31 44/44/44 43/43/43 
f 35/35/35 45/45/45 46/46/46 36/36/36 
f 45/45/45 47/47/47 48/48/48 46/46/46 
f 49/49/49 50/50/50 46/46/46 48/48/48 
f 50/50/50 39/39/39 36/36/36 46/46/46 
f 35/35/35 42/42/42 51/51/51 45/45/45 
f 42/42/42 41/41/41 52/52/52 51/51/51 
f 53/53/53 54/54/54 51/51/51 52/52/52 
f 54/54/54 47/47/47 45/45/45 51/51/51 
f 55/55/55 56/56/56 57/57/57 58/58/58 
f 56/56/56 59/59/59 60/60/60 57/57/57 
f 61/61/61 62/62/62 57/57/57 60/60/60 
f 62/62/62 63/63/63 58/58/58 57/57/57 
f 63/63/63 62/62/62 64/64/64 65/65/65 
f 62/62/62 61/61/61 66/66/66 64/64/64 
f 67/67/67 68/68/68 64/64/64 66/66/66 
f 68/68/68 69/69/69 65/65/65 64/64/64 
f 55/55/55 70/70/70 71/71/71 72/72/72 
f 70/70/70 73/73/73 74/74/74 71/71/71 
f 75/75/75 76/76/76 71/71/71 74/74/74 
f 76/76/76 9/9/9 72/72/72 71/71/71 
f 77/1/77 78/2/78 79/3/79 80/4/80 
f 78/2/78 81/5/81 82/6/82 79/3/79 
f 83/7/83 84/8/84 79/3/79 82/6/82 
f 84/8/84 85/9/85 80/4/80 79/3/79 
f 86/10/86 87/11/87 88/12/88 89/13/89 
f 87/11/87 90/14/90 91/15/91 88/12/88 
f 92/16/92 93/17/93 88/12/88 91/15/91 
f 93/17/93 94/18/94 89/13/89 88/12/88 
f 95/19/95 96/20/96 97/21/97 98/22/98 
f 96/20/96 86/10/86 89/13/89 97/21/97 
f 94/18/94 99/23/99 97/21/97 89/13/89 
f 99/23/99 100/24/100 98/22/98 97/21/97 
f 101/25/101 102/26/102 103/27/103 104/28/104 
f 102/26/102 105/29/105 106/30/106 103/27/103 
f 90/14/90 87/11/87 103/27/103 106/30/106 
f 87/11/87 86/10/86 104/28/104 103/27/103 
f 107/31/107 108/32/108 109/33/109 110/34/110 
f 108/32/108 101/25/101 104/28/104 109/33/109 
f 86/10/86 96/20/96 109/33/109 104/28/104 
f 96/20/96 95/19/95 110/34/110 109/33/109 
f 111/35/111 112/36/112 113/37/113 114/38/114 
f 112/36/112 115/39/115 116/40/116 113/37/113 
f 105/29/105 102/26/102 113/37/113 116/40/116 
f 102/26/102 101/25/101 114/38/114 113/37/113 
f 117/41/117 118/42/118 119/43/119 120/44/120 
f 118/42/118 111/35/111 114/38/114 119/43/119 
f 101/25/101 108/32/108 119/43/119 114/38/114 
f 108/32/108 107/31/107 120/44/120 119/43/119 
f 111/35/111 121/45/121 122/46/122 112/36/112 
f 121/45/121 123/47/123 124/48/124 122/46/122 
f 125/49/125 126/50/126 122/46/122 124/48/124 
f 126/50/126 115/39/115 112/36/112 122/46/122 
f 111/35/111 118/42/118 127/51/127 121/45/121 
f 118/42/118 117/41/117 128/52/128 127/51/127 
f 129/53/129 130/54/130 127/51/127 128/52/128 
f 130/54/130 123/47/123 121/45/121 127/51/127 
f 131/55/131 132/56/132 133/57/133 134/58/134 
f 132/56/132 135/59/135 136/60/136 133/57/133 
f 137/61/137 138/62/138 133/57/133 136/60/136 
f 138/62/138 139/63/139 134/58/134 133/57/133 
f 139/63/139 138/62/138 140/64/140 141/65/141 
f 138/62/138 137/61/137 142/66/142 140/64/140 
f 143/67/143 144/68/144 140/64/140 142/66/142 
f 144/68/144 145/69/145 141/65/141 140/64/140 
f 131/55/131 146/70/146 147/71/147 148/72/148 
f 146/70/146 149/73/149 150/74/150 147/71/147 
f 151/75/151 152/76/152 147/71/147 150/74/150 
f 152/76/152 85/9/85 148/72/148 147/71/147 
f 153/1/153 154/2/154 155/3/155 156/4/156 
f 154/2/154 157/5/157 158/6/158 155/3/155 
f 159/7/159 160/8/160 155/3/155 158/6/158 
f 160/8/160 161/9/161 156/4/156 155/3/155 
f 162/10/162 163/11/163 164/12/164 165/13/165 
f 163/11/163 166/14/166 167/15/167 164/12/164 
f 168/16/168 169/17/169 164/12/164 167/15/167 
f 169/17/169 170/18/170 165/13/165 164/12/164 
f 171/19/171 172/20/172 173/21/173 174/22/174 
f 172/20/172 162/10/162 165/13/165 173/21/173 
f 170/18/170 175/23/175 173/21/173 165/13/165 
f 175/23/175 176/24/176 174/22/174 173/21/173 
f 177/25/177 178/26/178 179/27/179 180/28/180 
f 178/26/178 181/29/181 182/30/182 179/27/179 
f 166/14/166 163/11/163 179/27/179 182/30/182 
f 163/11/163 162/10/162 180/28/180 179/27/179 
f 183/31/183 184/32/184 185/33/185 186/34/186 
f 184/32/184 177/25/177 180/28/180 185/33/185 
f 162/10/162 172/20/172 185/33/185 180/28/180 
f 172/20/172 171/19/171 186/34/186 185/33/185 
f 187/35/187 188/36/188 189/37/189 190/38/190 
f 188/36/188 191/39/191 192/40/192 189/37/189 
f 181/29/181 178/26/178 189/37/189 192/40/192 
f 178/26/178 177/25/177 190/38/190 189/37/189 
f 193/41/193 194/42/194 195/43/195 196/44/196 
f 194/42/194 187/35/187 190/38/190 195/43/195 
f 177/25/177 184/32/184 195/43/195 190/38/190 
f 184/32/184 183/31/183 196/44/196 195/43/195 
f 197/47/197 198/48/198 199/46/199 200/45/200 
f 198/48/198 201/49/201 202/50/202 199/46/199 
f 191/39/191 188/36/188 199/46/199 202/50/202 
f 188/36/188 187/35/187 200/45/200 199/46/199 
f 187/35/187 194/42/194 203/51/203 200/45/200 
f 194/42/194 193/41/193 204/52/204 203/51/203 
f 205/53/205 206/54/206 203/51/203 204/52/204 
f 206/54/206 197/47/197 200/45/200 203/51/203 
f 161/9/161 160/8/160 207/77/207 208/72/208 
f 160/8/160 159/7/159 209/78/209 207/77/207 
f 210/59/210 211/56/211 207/77/207 209/78/209 
f 211/56/211 212/55/212 208/72/208 207/77/207 
f 161/9/161 208/72/208 213/71/213 214/76/214 
f 208/72/208 212/55/212 215/70/215 213/71/213 
f 216/73/216 217/74/217 213/71/213 215/70/215 
f 217/74/217 218/75/218 214/76/214 213/71/213 
f 219/9/219 220/76/220 221/79/221 222/4/222 
f 220/76/220 223/75/223 224/80/224 221/79/221 
f 225/81/225 226/82/226 221/79/221 224/80/224 
f 226/82/226 227/1/227 222/4/222 221/79/221 
f 227/1/227 226/82/226 228/83/228 229/84/229 
f 226/82/226 225/81/225 230/85/230 228/83/228 
f 231/24/231 232/23/232 228/83/228 230/85/230 
f 232/23/232 233/18/233 229/84/229 228/83/228 
f 234/14/234 235/11/235 236/27/236 237/30/237 
f 235/11/235 238/10/238 239/28/239 236/27/236 
f 240/25/240 241/26/241 236/27/236 239/28/239 
f 241/26/241 242/29/242 237/30/237 236/27/236 
f 238/10/238 243/20/243 244/33/244 239/28/239 
f 243/20/243 245/19/245 246/34/246 244/33/244 
f 247/31/247 248/32/248 244/33/244 246/34/246 
f 248/32/248 240/25/240 239/28/239 244/33/244 
f 242/29/242 241/26/241 249/37/249 250/40/250 
f 241/26/241 240/25/240 251/38/251 249/37/249 
f 252/35/252 253/36/253 249/37/249 251/38/251 
f 253/36/253 254/39/254 250/40/250 249/37/249 
f 240/25/240 248/32/248 255/43/255 251/38/251 
f 248/32/248 247/31/247 256/44/256 255/43/255 
f 257/41/257 258/42/258 255/43/255 256/44/256 
f 258/42/258 252/35/252 251/38/251 255/43/255 
f 254/39/254 253/36/253 259/46/259 260/50/260 
f 253/36/253 252/35/252 261/45/261 259/46/259 
f 262/47/262 263/48/263 259/46/259 261/45/261 
f 263/48/263 264/49/264 260/50/260 259/46/259 
f 252/35/252 258/42/258 265/51/265 261/45/261 
f 258/42/258 257/41/257 266/52/266 265/51/265 
f 267/53/267 268/54/268 265/51/265 266/52/266 
f 268/54/268 262/47/262 261/45/261 265/51/265 
f 219/9/219 269/8/269 270/77/270 271/72/271 
f 269/8/269 272/7/272 273/78/273 270/77/270 
f 274/59/274 275/56/275 270/77/270 273/78/273 
f 275/56/275 276/55/276 271/72/271 270/77/270 
f 219/9/219 271/72/271 277/71/277 220/76/220 
f 271/72/271 276/55/276 278/70/278 277/71/277 
f 279/73/279 280/74/280 277/71/277 278/70/278 
f 280/74/280 223/75/223 220/76/220 277/71/277 
f 281/9/281 282/76/282 283/79/283 284/4/284 
f 282/76/282 285/75/285 286/80/286 283/79/283 
f 287/81/287 288/82/288 283/79/283 286/80/286 
f 288/82/288 289/1/289 284/4/284 283/79/283 
f 289/1/289 288/82/288 290/83/290 291/84/291 
f 288/82/288 287/81/287 292/85/292 290/83/290 
f 293/24/293 294/23/294 290/83/290 292/85/292 
f 294/23/294 295/18/295 291/84/291 290/83/290 
f 296/14/296 297/11/297 298/27/298 299/30/299 
f 297/11/297 300/10/300 301/28/301 298/27/298 
f 302/25/302 303/26/303 298/27/298 301/28/301 
f 303/26/303 304/29/304 299/30/299 298/27/298 
f 300/10/300 305/20/305 306/33/306 301/28/301 
f 305/20/305 307/19/307 308/34/308 306/33/306 
f 309/31/309 310/32/310 306/33/306 308/34/308 
f 310/32/310 302/25/302 301/28/301 306/33/306 
f 304/29/304 303/26/303 311/37/311 312/40/312 
f 303/26/303 302/25/302 313/38/313 311/37/311 
f 314/35/314 315/36/315 311/37/311 313/38/313 
f 315/36/315 316/39/316 312/40/312 311/37/311 
f 302/25/302 310/32/310 317/43/317 313/38/313 
f 310/32/310 309/31/309 318/44/318 317/43/317 
f 319/41/319 320/42/320 317/43/317 318/44/318 
f 320/42/320 314/35/314 313/38/313 317/43/317 
f 316/39/316 315/36/315 321/46/321 322/50/322 
f 315/36/315 314/35/314 323/45/323 321/46/321 
f 324/47/324 325/48/325 321/46/321 323/45/323 
f 325/48/325 326/49/326 322/50/322 321/46/321 
f 314/35/314 320/42/320 327/51/327 323/45/323 
f 320/42/320 319/41/319 328/52/328 327/51/327 
f 329/53/329 330/54/330 327/51/327 328/52/328 
f 330/54/330 324/47/324 323/45/323 327/51/327 
f 281/9/281 331/8/331 332/77/332 333/72/333 
f 331/8/331 334/7/334 335/78/335 332/77/332 
f 336/59/336 337/56/337 332/77/332 335/78/335 
f 337/56/337 338/55/338 333/72/333 332/77/332 
f 281/9/281 333/72/333 339/71/339 282/76/282 
f 333/72/333 338/55/338 340/70/340 339/71/339 
f 341/73/341 342/74/342 339/71/339 340/70/340 
f 342/74/342 285/75/285 282/76/282 339/71/339 
f 343/9/343 344/76/344 345/79/345 346/4/346 
f 344/76/344 347/75/347 348/80/348 345/79/345 
f 349/81/349 350/82/350 345/79/345 348/80/348 
f 350/82/350 351/1/351 346/4/346 345/79/345 
f 351/1/351 350/82/350 352/83/352 353/84/353 
f 350/82/350 349/81/349 354/85/354 352/83/352 
f 355/24/355 356/23/356 352/83/352 354/85/354 
f 356/23/356 357/18/357 353/84/353 352/83/352 
f 358/14/358 359/11/359 360/27/360 361/30/361 
f 359/11/359 362/10/362 363/28/363 360/27/360 
f 364/25/364 365/26/365 360/27/360 363/28/363 
f 365/26/365 366/29/366 361/30/361 360/27/360 
f 362/10/362 367/20/367 368/33/368 363/28/363 
f 367/20/367 369/19/369 370/34/370 368/33/368 
f 371/31/371 372/32/372 368/33/368 370/34/370 
f 372/32/372 364/25/364 363/28/363 368/33/368 
f 366/29/366 365/26/365 373/37/373 374/40/374 
f 365/26/365 364/25/364 375/38/375 373/37/373 
f 376/35/376 377/36/377 373/37/373 375/38/375 
f 377/36/377 378/39/378 374/40/374 373/37/373 
f 364/25/364 372/32/372 379/43/379 375/38/375 
f 372/32/372 371/31/371 380/44/380 379/43/379 
f 381/41/381 382/42/382 379/43/379 380/44/380 
f 382/42/382 376/35/376 375/38/375 379/43/379 
f 378/39/378 377/36/377 383/46/383 384/50/384 
f 377/36/377 376/35/376 385/45/385 383/46/383 
f 386/47/386 387/48/387 383/46/383 385/45/385 
f 387/48/387 388/49/388 384/50/384 383/46/383 
f 376/35/376 382/42/382 389/51/389 385/45/385 
f 382/42/382 381/41/381 390/52/390 389/51/389 
f 391/53/391 392/54/392 389/51/389 390/52/390 
f 392/54/392 386/47/386 385/45/385 389/51/389 
f 343/9/343 393/8/393 394/77/394 395/72/395 
f 393/8/393 396/7/396 397/78/397 394/77/394 
f 398/59/398 399/56/399 394/77/394 397/78/397 
f 399/56/399 400/55/400 395/72/395 394/77/394 
f 343/9/343 395/72/395 401/71/401 344/76/344 
f 395/72/395 400/55/400 402/70/402 401/71/401 
f 403/73/403 404/74/404 401/71/401 402/70/402 
f 404/74/404 347/75/347 344/76/344 401/71/401 
f 405/9/405 406/76/406 407/79/407 408/4/408 
f 406/76/406 409/75/409 410/80/410 407/79/407 
f 411/81/411 412/82/412 407/79/407 410/80/410 
f 412/82/412 413/1/413 408/4/408 407/79/407 
f 413/1/413 412/82/412 414/83/414 415/84/415 
f 412/82/412 411/81/411 416/85/416 414/83/414 
f 417/24/417 418/23/418 414/83/414 416/85/416 
f 418/23/418 419/18/419 415/84/415 414/83/414 
f 420/14/420 421/11/421 422/27/422 423/30/423 
f 421/11/421 424/10/424 425/28/425 422/27/422 
f 426/25/426 427/26/427 422/27/422 425/28/425 
f 427/26/427 428/29/428 423/30/423 422/27/422 
f 424/10/424 429/20/429 430/33/430 425/28/425 
f 429/20/429 431/19/431 432/34/432 430/33/430 
f 433/31/433 434/32/434 430/33/430 432/34/432 
f 434/32/434 426/25/426 425/28/425 430/33/430 
f 428/29/428 427/26/427 435/37/435 436/40/436 
f 427/26/427 426/25/426 437/38/437 435/37/435 
f 438/35/438 439/36/439 435/37/435 437/38/437 
f 439/36/439 440/39/440 436/40/436 435/37/435 
f 426/25/426 434/32/434 441/43/441 437/38/437 
f 434/32/434 433/31/433 442/44/442 441/43/441 
f 443/41/443 444/42/444 441/43/441 442/44/442 
f 444/42/444 438/35/438 437/38/437 441/43/441 
f 440/39/440 439/36/439 445/46/445 446/50/446 
f 439/36/439 438/35/438 447/45/447 445/46/445 
f 448/47/448 449/48/449 445/46/445 447/45/447 
f 449/48/449 450/49/450 446/50/446 445/46/445 
f 438/35/438 444/42/444 451/51/451 447/45/447 
f 444/42/444 443/41/443 452/52/452 451/51/451 
f 453/53/453 454/54/454 451/51/451 452/52/452 
f 454/54/454 448/47/448 447/45/447 451/51/451 
f 405/9/405 455/8/455 456/77/456 457/72/457 
f 455/8/455 458/7/458 459/78/459 456/77/456 
f 460/59/460 461/56/461 456/77/456 459/78/459 
f 461/56/461 462/55/462 457/72/457 456/77/456 
f 405/9/405 457/72/457 463/71/463 406/76/406 
f 457/72/457 462/55/462 464/70/464 463/71/463 
f 465/73/465 466/74/466 463/71/463 464/70/464 
f 466/74/466 409/75/409 406/76/406 463/71/463 
f 467/1/467 468/2/468 469/3/469 470/4/470 
f 468/2/468 471/5/471 472/6/472 469/3/469 
f 473/7/473 474/8/474 469/3/469 472/6/472 
f 474/8/474 475/9/475 470/4/470 469/3/469 
f 476/10/476 477/11/477 478/12/478 479/13/479 
f 477/11/477 480/14/480 481/15/481 478/12/478 
f 482/16/482 483/17/483 478/12/478 481/15/481 
f 483/17/483 484/18/484 479/13/479 478/12/478 
f 485/19/485 486/20/486 487/21/487 488/22/488 
f 486/20/486 476/10/476 479/13/479 487/21/487 
f 484/18/484 489/23/489 487/21/487 479/13/479 
f 489/23/489 490/24/490 488/22/488 487/21/487 
f 491/25/491 492/26/492 493/27/493 494/28/494 
f 492/26/492 495/29/495 496/30/496 493/27/493 
f 480/14/480 477/11/477 493/27/493 496/30/496 
f 477/11/477 476/10/476 494/28/494 493/27/493 
f 497/31/497 498/32/498 499/33/499 500/34/500 
f 498/32/498 491/25/491 494/28/494 499/33/499 
f 476/10/476 486/20/486 499/33/499 494/28/494 
f 486/20/486 485/19/485 500/34/500 499/33/499 
f 501/35/501 502/36/502 503/37/503 504/38/504 
f 502/36/502 505/39/505 506/40/506 503/37/503 
f 495/29/495 492/26/492 503/37/503 506/40/506 
f 492/26/492 491/25/491 504/38/504 503/37/503 
f 507/41/507 508/42/508 509/43/509 510/44/510 
f 508/42/508 501/35/501 504/38/504 509/43/509 
f 491/25/491 498/32/498 509/43/509 504/38/504 
f 498/32/498 497/31/497 510/44/510 509/43/509 
f 501/35/501 511/45/511 512/46/512 502/36/502 
f 511/45/511 513/47/513 514/48/514 512/46/512 
f 515/49/515 516/50/516 512/46/512 514/48/514 
f 516/50/516 505/39/505 502/36/502 512/46/512 
f 501/35/501 508/42/508 517/51/517 511/45/511 
f 508/42/508 507/41/507 518/52/518 517/51/517 
f 519/53/519 520/54/520 517/51/517 518/52/518 
f 520/54/520 513/47/513 511/45/511 517/51/517 
f 521/55/521 522/56/522 523/57/523 524/58/524 
f 522/56/522 525/59/525 526/60/526 523/57/523 
f 527/61/527 528/62/528 523/57/523 526/60/526 
f 528/62/528 529/63/529 524/58/524 523/57/523 
f 529/63/529 528/62/528 530/64/530 531/65/531 
f 528/62/528 527/61/527 532/66/532 530/64/530 
f 533/67/533 534/68/534 530/64/530 532/66/532 
f 534/68/534 535/69/535 531/65/531 530/64/530 
f 521/55/521 536/70/536 537/71/537 538/72/538 
f 536/70/536 539/73/539 540/74/540 537/71/537 
f 541/75/541 542/76/542 537/71/537 540/74/540 
f 542/76/542 475/9/475 538/72/538 537/71/537 
f 543/1/543 544/2/544 545/3/545 546/4/546 
f 544/2/544 547/5/547 548/6/548 545/3/545 
f 549/7/549 550/8/550 545/3/545 548/6/548 
f 550/8/550 551/9/551 546/4/546 545/3/545 
f 552/10/552 553/11/553 554/12/554 555/13/555 
f 553/11/553 556/14/556 557/15/557 554/12/554 
f 558/16/558 559/17/559 554/12/554 557/15/557 
f 559/17/559 560/18/560 555/13/555 554/12/554 
f 561/19/561 562/20/562 563/21/563 564/22/564 
f 562/20/562 552/10/552 555/13/555 563/21/563 
f 560/18/560 565/23/565 563/21/563 555/13/555 
f 565/23/565 566/24/566 564/22/564 563/21/563 
f 567/25/567 568/26/568 569/27/569 570/28/570 
f 568/26/568 571/29/571 572/30/572 569/27/569 
f 556/14/556 553/11/553 569/27/569 572/30/572 
f 553/11/553 552/10/552 570/28/570 569/27/569 
f 573/31/573 574/32/574 575/33/575 576/34/576 
f 574/32/574 567/25/567 570/28/570 575/33/575 
f 552/10/552 562/20/562 575/33/575 570/28/570 
f 562/20/562 561/19/561 576/34/576 575/33/575 
f 577/35/577 578/36/578 579/37/579 580/38/580 
f 578/36/578 581/39/581 582/40/582 579/37/579 
f 571/29/571 568/26/568 579/37/579 582/40/582 
f 568/26/568 567/25/567 580/38/580 579/37/579 
f 583/41/583 584/42/584 585/43/585 586/44/586 
f 584/42/584 577/35/577 580/38/580 585/43/585 
f 567/25/567 574/32/574 585/43/585 580/38/580 
f 574/32/574 573/31/573 586/44/586 585/43/585 
f 587/47/587 588/48/588 589/46/589 590/45/590 
f 588/48/588 591/49/591 592/50/592 589/46/589 
f 581/39/581 578/36/578 589/46/589 592/50/592 
f 578/36/578 577/35/577 590/45/590 589/46/589 
f 577/35/577 584/42/584 593/51/593 590/45/590 
f 584/42/584 583/41/583 594/52/594 593/51/593 
f 595/53/595 596/54/596 593/51/593 594/52/594 
f 596/54/596 587/47/587 590/45/590 593/51/593 
f 551/9/551 550/8/550 597/77/597 598/72/598 
f 550/8/550 549/7/549 599/78/599 597/77/597 
f 600/59/600 601/56/601 597/77/597 599/78/599 
f 601/56/601 602/55/602 598/72/598 597/77/597 
f 551/9/551 598/72/598 603/71/603 604/76/604 
f 598/72/598 602/55/602 605/70/605 603/71/603 
f 606/73/606 607/74/607 603/71/603 605/70/605 
f 607/74/607 608/75/608 604/76/604 603/71/603 
f 609/1/609 610/2/610 611/3/611 612/4/612 
f 610/2/610 613/5/613 614/6/614 611/3/611 
f 615/7/615 616/8/616 611/3/611 614/6/614 
f 616/8/616 617/9/617 612/4/612 611/3/611 
f 618/10/618 619/11/619 620/12/620 621/13/621 
f 619/11/619 622/14/622 623/15/623 620/12/620 
f 624/16/624 625/17/625 620/12/620 623/15/623 
f 625/17/625 626/18/626 621/13/621 620/12/620 
f 627/19/627 628/20/628 629/21/629 630/22/630 
f 628/20/628 618/10/618 621/13/621 629/21/629 
f 626/18/626 631/23/631 629/21/629 621/13/621 
f 631/23/631 632/24/632 630/22/630 629/21/629 
f 633/25/633 634/26/634 635/27/635 636/28/636 
f 634/26/634 637/29/637 638/30/638 635/27/635 
f 622/14/622 619/11/619 635/27/635 638/30/638 
f 619/11/619 618/10/618 636/28/636 635/27/635 
f 639/31/639 640/32/640 641/33/641 642/34/642 
f 640/32/640 633/25/633 636/28/636 641/33/641 
f 618/10/618 628/20/628 641/33/641 636/28/636 
f 628/20/628 627/19/627 642/34/642 641/33/641 
f 643/35/643 644/36/644 645/37/645 646/38/646 
f 644/36/644 647/39/647 648/40/648 645/37/645 
f 637/29/637 634/26/634 645/37/645 648/40/648 
f 634/26/634 633/25/633 646/38/646 645/37/645 
f 649/41/649 650/42/650 651/43/651 652/44/652 
f 650/42/650 643/35/643 646/38/646 651/43/651 
f 633/25/633 640/32/640 651/43/651 646/38/646 
f 640/32/640 639/31/639 652/44/652 651/43/651 
f 643/35/643 653/45/653 654/46/654 644/36/644 
f 653/45/653 655/47/655 656/48/656 654/46/654 
f 657/49/657 658/50/658 654/46/654 656/48/656 
f 658/50/658 647/39/647 644/36/644 654/46/654 
f 643/35/643 650/42/650 659/51/659 653/45/653 
f 650/42/650 649/41/649 660/52/660 659/51/659 
f 661/53/661 662/54/662 659/51/659 660/52/660 
f 662/54/662 655/47/655 653/45/653 659/51/659 
f 617/9/617 616/8/616 663/77/663 664/72/664 
f 616/8/616 615/7/615 665/78/665 663/77/663 
f 666/59/666 667/56/667 663/77/663 665/78/665 
f 667/56/667 668/55/668 664/72/664 663/77/663 
f 617/9/617 664/72/664 669/71/669 670/76/670 
f 664/72/664 668/55/668 671/70/671 669/71/669 
f 672/73/672 673/74/673 669/71/669 671/70/671 
f 673/74/673 674/75/674 670/76/670 669/71/669 
f 675/9/675 676/76/676 677/79/677 678/4/678 
f 676/76/676 679/75/679 680/80/680 677/79/677 
f 681/81/681 682/82/682 677/79/677 680/80/680 
f 682/82/682 683/1/683 678/4/678 677/79/677 
f 683/1/683 682/82/682 684/83/684 685/84/685 
f 682/82/682 681/81/681 686/85/686 684/83/684 
f 687/24/687 688/23/688 684/83/684 686/85/686 
f 688/23/688 689/18/689 685/84/685 684/83/684 
f 690/14/690 691/11/691 692/27/692 693/30/693 
f 691/11/691 694/10/694 695/28/695 692/27/692 
f 696/25/696 697/26/697 692/27/692 695/28/695 
f 697/26/697 698/29/698 693/30/693 692/27/692 
f 694/10/694 699/20/699 700/33/700 695/28/695 
f 699/20/699 701/19/701 702/34/702 700/33/700 
f 703/31/703 704/32/704 700/33/700 702/34/702 
f 704/32/704 696/25/696 695/28/695 700/33/700 
f 698/29/698 697/26/697 705/37/705 706/40/706 
f 697/26/697 696/25/696 707/38/707 705/37/705 
f 708/35/708 709/36/709 705/37/705 707/38/707 
f 709/36/709 710/39/710 706/40/706 705/37/705 
f 696/25/696 704/32/704 711/43/711 707/38/707 
f 704/32/704 703/31/703 712/44/712 711/43/711 
f 713/41/713 714/42/714 711/43/711 712/44/712 
f 714/42/714 708/35/708 707/38/707 711/43/711 
f 710/39/710 709/36/709 715/46/715 716/50/716 
f 709/36/709 708/35/708 717/45/717 715/46/715 
f 718/47/718 719/48/719 715/46/715 717/45/717 
f 719/48/719 720/49/720 716/50/716 715/46/715 
f 708/35/708 714/42/714 721/51/721 717/45/717 
f 714/42/714 713/41/713 722/52/722 721/51/721 
f 723/53/723 724/54/724 721/51/721 722/52/722 
f 724/54/724 718/47/718 717/45/717 721/51/721 
f 675/9/675 725/8/725 726/77/726 727/72/727 
f 725/8/725 728/7/728 729/78/729 726/77/726 
f 730/59/730 731/56/731 726/77/726 729/78/729 
f 731/56/731 732/55/732 727/72/727 726/77/726 
f 675/9/675 727/72/727 733/71/733 676/76/676 
f 727/72/727 732/55/732 734/70/734 733/71/733 
f 735/73/735 736/74/736 733/71/733 734/70/734 
f 736/74/736 679/75/679 676/76/676 733/71/733 
f 737/81/737 738/82/738 739/79/739 740/80/740 
f 738/82/738 1/1/1 4/4/4 739/79/739 
f 9/9/9 76/76/76 739/79/739 4/4/4 
f 76/76/76 75/75/75 740/80/740 739/79/739 
f 73/73/73 70/70/70 741/86/741 742/87/742 
f 70/70/70 55/55/55 58/58/58 741/86/741 
f 63/63/63 743/88/743 741/86/741 58/58/58 
f 743/88/743 744/89/744 742/87/742 741/86/741 
f 59/59/59 56/56/56 745/77/745 746/78/746 
f 56/56/56 55/55/55 72/72/72 745/77/745 
f 9/9/9 8/8/8 745/77/745 72/72/72 
f 8/8/8 7/7/7 746/78/746 745/77/745 
f 744/89/744 743/88/743 747/90/747 748/91/748 
f 743/88/743 63/63/63 65/65/65 747/90/747 
f 69/69/69 749/92/749 747/90/747 65/65/65 
f 749/92/749 750/93/750 748/91/748 747/90/747 
f 751/81/751 752/82/752 753/79/753 754/80/754 
f 752/82/752 77/1/77 80/4/80 753/79/753 
f 85/9/85 152/76/152 753/79/753 80/4/80 
f 152/76/152 151/75/151 754/80/754 753/79/753 
f 149/73/149 146/70/146 755/86/755 756/87/756 
f 146/70/146 131/55/131 134/58/134 755/86/755 
f 139/63/139 757/88/757 755/86/755 134/58/134 
f 757/88/757 758/89/758 756/87/756 755/86/755 
f 135/59/135 132/56/132 759/77/759 760/78/760 
f 132/56/132 131/55/131 148/72/148 759/77/759 
f 85/9/85 84/8/84 759/77/759 148/72/148 
f 84/8/84 83/7/83 760/78/760 759/77/759 
f 758/89/758 757/88/757 761/90/761 762/91/762 
f 757/88/757 139/63/139 141/65/141 761/90/761 
f 145/69/145 763/92/763 761/90/761 141/65/141 
f 763/92/763 764/93/764 762/91/762 761/90/761 
f 765/81/765 766/82/766 767/79/767 768/80/768 
f 766/82/766 153/1/153 156/4/156 767/79/767 
f 161/9/161 214/76/214 767/79/767 156/4/156 
f 214/76/214 218/75/218 768/80/768 767/79/767 
f 769/61/769 770/62/770 771/57/771 772/60/772 
f 770/62/770 773/63/773 774/58/774 771/57/771 
f 212/55/212 211/56/211 771/57/771 774/58/774 
f 211/56/211 210/59/210 772/60/772 771/57/771 
f 216/73/216 215/70/215 775/86/775 776/87/776 
f 215/70/215 212/55/212 774/58/774 775/86/775 
f 773/63/773 777/88/777 775/86/775 774/58/774 
f 777/88/777 778/89/778 776/87/776 775/86/775 
f 779/67/779 780/68/780 781/64/781 782/66/782 
f 780/68/780 783/69/783 784/65/784 781/64/781 
f 773/63/773 770/62/770 781/64/781 784/65/784 
f 770/62/770 769/61/769 782/66/782 781/64/781 
f 778/89/778 777/88/777 785/90/785 786/91/786 
f 777/88/777 773/63/773 784/65/784 785/90/785 
f 783/69/783 787/92/787 785/90/785 784/65/784 
f 787/92/787 788/93/788 786/91/786 785/90/785 
f 272/7/272 269/8/269 789/3/789 790/6/790 
f 269/8/269 219/9/219 222/4/222 789/3/789 
f 227/1/227 791/2/791 789/3/789 222/4/222 
f 791/2/791 792/5/792 790/6/790 789/3/789 
f 793/61/793 794/62/794 795/57/795 796/60/796 
f 794/62/794 797/63/797 798/58/798 795/57/795 
f 276/55/276 275/56/275 795/57/795 798/58/798 
f 275/56/275 274/59/274 796/60/796 795/57/795 
f 279/73/279 278/70/278 799/86/799 800/87/800 
f 278/70/278 276/55/276 798/58/798 799/86/799 
f 797/63/797 801/88/801 799/86/799 798/58/798 
f 801/88/801 802/89/802 800/87/800 799/86/799 
f 803/67/803 804/68/804 805/64/805 806/66/806 
f 804/68/804 807/69/807 808/65/808 805/64/805 
f 797/63/797 794/62/794 805/64/805 808/65/808 
f 794/62/794 793/61/793 806/66/806 805/64/805 
f 802/89/802 801/88/801 809/90/809 810/91/810 
f 801/88/801 797/63/797 808/65/808 809/90/809 
f 807/69/807 811/92/811 809/90/809 808/65/808 
f 811/92/811 812/93/812 810/91/810 809/90/809 
f 334/7/334 331/8/331 813/3/813 814/6/814 
f 331/8/331 281/9/281 284/4/284 813/3/813 
f 289/1/289 815/2/815 813/3/813 284/4/284 
f 815/2/815 816/5/816 814/6/814 813/3/813 
f 817/61/817 818/62/818 819/57/819 820/60/820 
f 818/62/818 821/63/821 822/58/822 819/57/819 
f 338/55/338 337/56/337 819/57/819 822/58/822 
f 337/56/337 336/59/336 820/60/820 819/57/819 
f 341/73/341 340/70/340 823/86/823 824/87/824 
f 340/70/340 338/55/338 822/58/822 823/86/823 
f 821/63/821 825/88/825 823/86/823 822/58/822 
f 825/88/825 826/89/826 824/87/824 823/86/823 
f 827/67/827 828/68/828 829/64/829 830/66/830 
f 828/68/828 831/69/831 832/65/832 829/64/829 
f 821/63/821 818/62/818 829/64/829 832/65/832 
f 818/62/818 817/61/817 830/66/830 829/64/829 
f 826/89/826 825/88/825 833/90/833 834/91/834 
f 825/88/825 821/63/821 832/65/832 833/90/833 
f 831/69/831 835/92/835 833/90/833 832/65/832 
f 835/92/835 836/93/836 834/91/834 833/90/833 
f 396/7/396 393/8/393 837/3/837 838/6/838 
f 393/8/393 343/9/343 346/4/346 837/3/837 
f 351/1/351 839/2/839 837/3/837 346/4/346 
f 839/2/839 840/5/840 838/6/838 837/3/837 
f 841/61/841 842/62/842 843/57/843 844/60/844 
f 842/62/842 845/63/845 846/58/846 843/57/843 
f 400/55/400 399/56/399 843/57/843 846/58/846 
f 399/56/399 398/59/398 844/60/844 843/57/843 
f 403/73/403 402/70/402 847/86/847 848/87/848 
f 402/70/402 400/55/400 846/58/846 847/86/847 
f 845/63/845 849/88/849 847/86/847 846/58/846 
f 849/88/849 850/89/850 848/87/848 847/86/847 
f 851/67/851 852/68/852 853/64/853 854/66/854 
f 852/68/852 855/69/855 856/65/856 853/64/853 
f 845/63/845 842/62/842 853/64/853 856/65/856 
f 842/62/842 841/61/841 854/66/854 853/64/853 
f 850/89/850 849/88/849 857/90/857 858/91/858 
f 849/88/849 845/63/845 856/65/856 857/90/857 
f 855/69/855 859/92/859 857/90/857 856/65/856 
f 859/92/859 860/93/860 858/91/858 857/90/857 
f 458/7/458 455/8/455 861/3/861 862/6/862 
f 455/8/455 405/9/405 408/4/408 861/3/861 
f 413/1/413 863/2/863 861/3/861 408/4/408 
f 863/2/863 864/5/864 862/6/862 861/3/861 
f 865/61/865 866/62/866 867/57/867 868/60/868 
f 866/62/866 869/63/869 870/58/870 867/57/867 
f 462/55/462 461/56/461 867/57/867 870/58/870 
f 461/56/461 460/59/460 868/60/868 867/57/867 
f 465/73/465 464/70/464 871/86/871 872/87/872 
f 464/70/464 462/55/462 870/58/870 871/86/871 
f 869/63/869 873/88/873 871/86/871 870/58/870 
f 873/88/873 874/89/874 872/87/872 871/86/871 
f 875/67/875 876/68/876 877/64/877 878/66/878 
f 876/68/876 879/69/879 880/65/880 877/64/877 
f 869/63/869 866/62/866 877/64/877 880/65/880 
f 866/62/866 865/61/865 878/66/878 877/64/877 
f 874/89/874 873/88/873 881/90/881 882/91/882 
f 873/88/873 869/63/869 880/65/880 881/90/881 
f 879/69/879 883/92/883 881/90/881 880/65/880 
f 883/92/883 884/93/884 882/91/882 881/90/881 
f 885/81/885 886/82/886 887/79/887 888/80/888 
f 886/82/886 467/1/467 470/4/470 887/79/887 
f 475/9/475 542/76/542 887/79/887 470/4/470 
f 542/76/542 541/75/541 888/80/888 887/79/887 
f 539/73/539 536/70/536 889/86/889 890/87/890 
f 536/70/536 521/55/521 524/58/524 889/86/889 
f 529/63/529 891/88/891 889/86/889 524/58/524 
f 891/88/891 892/89/892 890/87/890 889/86/889 
f 525/59/525 522/56/522 893/77/893 894/78/894 
f 522/56/522 521/55/521 538/72/538 893/77/893 
f 475/9/475 474/8/474 893/77/893 538/72/538 
f 474/8/474 473/7/473 894/78/894 893/77/893 
f 892/89/892 891/88/891 895/90/895 896/91/896 
f 891/88/891 529/63/529 531/65/531 895/90/895 
f 535/69/535 897/92/897 895/90/895 531/65/531 
f 897/92/897 898/93/898 896/91/896 895/90/895 
f 899/81/899 900/82/900 901/79/901 902/80/902 
f 900/82/900 543/1/543 546/4/546 901/79/901 
f 551/9/551 604/76/604 901/79/901 546/4/546 
f 604/76/604 608/75/608 902/80/902 901/79/901 
f 903/61/903 904/62/904 905/57/905 906/60/906 
f 904/62/904 907/63/907 908/58/908 905/57/905 
f 602/55/602 601/56/601 905/57/905 908/58/908 
f 601/56/601 600/59/600 906/60/906 905/57/905 
f 606/73/606 605/70/605 909/86/909 910/87/910 
f 605/70/605 602/55/602 908/58/908 909/86/909 
f 907/63/907 911/88/911 909/86/909 908/58/908 
f 911/88/911 912/89/912 910/87/910 909/86/909 
f 913/67/913 914/68/914 915/64/915 916/66/916 
f 914/68/914 917/69/917 918/65/918 915/64/915 
f 907/63/907 904/62/904 915/64/915 918/65/918 
f 904/62/904 903/61/903 916/66/916 915/64/915 
f 912/89/912 911/88/911 919/90/919 920/91/920 
f 911/88/911 907/63/907 918/65/918 919/90/919 
f 917/69/917 921/92/921 919/90/919 918/65/918 
f 921/92/921 922/93/922 920/91/920 919/90/919 
f 923/81/923 924/82/924 925/79/925 926/80/926 
f 924/82/924 609/1/609 612/4/612 925/79/925 
f 617/9/617 670/76/670 925/79/925 612/4/612 
f 670/76/670 674/75/674 926/80/926 925/79/925 
f 927/61/927 928/62/928 929/57/929 930/60/930 
f 928/62/928 931/63/931 932/58/932 929/57/929 
f 668/55/668 667/56/667 929/57/929 932/58/932 
f 667/56/667 666/59/666 930/60/930 929/57/929 
f 672/73/672 671/70/671 933/86/933 934/87/934 
f 671/70/671 668/55/668 932/58/932 933/86/933 
f 931/63/931 935/88/935 933/86/933 932/58/932 
f 935/88/935 936/89/936 934/87/934 933/86/933 
f 937/67/937 938/68/938 939/64/939 940/66/940 
f 938/68/938 941/69/941 942/65/942 939/64/939 
f 931/63/931 928/62/928 939/64/939 942/65/942 
f 928/62/928 927/61/927 940/66/940 939/64/939 
f 936/89/936 935/88/935 943/90/943 944/91/944 
f 935/88/935 931/63/931 942/65/942 943/90/943 
f 941/69/941 945/92/945 943/90/943 942/65/942 
f 945/92/945 946/93/946 944/91/944 943/90/943 
f 728/7/728 725/8/725 947/3/947 948/6/948 
f 725/8/725 675/9/675 678/4/678 947/3/947 
f 683/1/683 949/2/949 947/3/947 678/4/678 
f 949/2/949 950/5/950 948/6/948 947/3/947 
f 951/61/951 952/62/952 953/57/953 954/60/954 
f 952/62/952 955/63/955 956/58/956 953/57/953 
f 732/55/732 731/56/731 953/57/953 956/58/956 
f 731/56/731 730/59/730 954/60/954 953/57/953 
f 735/73/735 734/70/734 957/86/957 958/87/958 
f 734/70/734 732/55/732 956/58/956 957/86/957 
f 955/63/955 959/88/959 957/86/957 956/58/956 
f 959/88/959 960/89/960 958/87/958 957/86/957 
f 961/67/961 962/68/962 963/64/963 964/66/964 
f 962/68/962 965/69/965 966/65/966 963/64/963 
f 955/63/955 952/62/952 963/64/963 966/65/966 
f 952/62/952 951/61/951 964/66/964 963/64/963 
f 960/89/960 959/88/959 967/90/967 968/91/968 
f 959/88/959 955/63/955 966/65/966 967/90/967 
f 965/69/965 969/92/969 967/90/967 966/65/966 
f 969/92/969 970/93/970 968/91/968 967/90/967 
f 16/16/16 971/94/971 972/95/972 17/17/17 
f 971/94/971 5/5/5 2/2/2 972/95/972 
f 1/1/1 973/84/973 972/95/972 2/2/2 
f 973/84/973 18/18/18 17/17/17 972/95/972 
f 18/18/18 973/84/973 974/83/974 23/23/23 
f 973/84/973 1/1/1 738/82/738 974/83/974 
f 737/81/737 975/85/975 974/83/974 738/82/738 
f 975/85/975 24/24/24 23/23/23 974/83/974 
f 92/16/92 976/94/976 977/95/977 93/17/93 
f 976/94/976 81/5/81 78/2/78 977/95/977 
f 77/1/77 978/84/978 977/95/977 78/2/78 
f 978/84/978 94/18/94 93/17/93 977/95/977 
f 94/18/94 978/84/978 979/83/979 99/23/99 
f 978/84/978 77/1/77 752/82/752 979/83/979 
f 751/81/751 980/85/980 979/83/979 752/82/752 
f 980/85/980 100/24/100 99/23/99 979/83/979 
f 168/16/168 981/94/981 982/95/982 169/17/169 
f 981/94/981 157/5/157 154/2/154 982/95/982 
f 153/1/153 983/84/983 982/95/982 154/2/154 
f 983/84/983 170/18/170 169/17/169 982/95/982 
f 170/18/170 983/84/983 984/83/984 175/23/175 
f 983/84/983 153/1/153 766/82/766 984/83/984 
f 765/81/765 985/85/985 984/83/984 766/82/766 
f 985/85/985 176/24/176 175/23/175 984/83/984 
f 233/18/233 986/13/986 987/12/987 988/17/988 
f 986/13/986 238/10/238 235/11/235 987/12/987 
f 234/14/234 989/15/989 987/12/987 235/11/235 
f 989/15/989 990/16/990 988/17/988 987/12/987 
f 231/24/231 991/22/991 992/21/992 232/23/232 
f 991/22/991 245/19/245 243/20/243 992/21/992 
f 238/10/238 986/13/986 992/21/992 243/20/243 
f 986/13/986 233/18/233 232/23/232 992/21/992 
f 295/18/295 993/13/993 994/12/994 995/17/995 
f 993/13/993 300/10/300 297/11/297 994/12/994 
f 296/14/296 996/15/996 994/12/994 297/11/297 
f 996/15/996 997/16/997 995/17/995 994/12/994 
f 293/24/293 998/22/998 999/21/999 294/23/294 
f 998/22/998 307/19/307 305/20/305 999/21/999 
f 300/10/300 993/13/993 999/21/999 305/20/305 
f 993/13/993 295/18/295 294/23/294 999/21/999 
f 357/18/357 1000/13/1000 1001/12/1001 1002/17/1002 
f 1000/13/1000 362/10/362 359/11/359 1001/12/1001 
f 358/14/358 1003/15/1003 1001/12/1001 359/11/359 
f 1003/15/1003 1004/16/1004 1002/17/1002 1001/12/1001 
f 355/24/355 1005/22/1005 1006/21/1006 356/23/356 
f 1005/22/1005 369/19/369 367/20/367 1006/21/1006 
f 362/10/362 1000/13/1000 1006/21/1006 367/20/367 
f 1000/13/1000 357/18/357 356/23/356 1006/21/1006 
f 419/18/419 1007/13/1007 1008/12/1008 1009/17/1009 
f 1007/13/1007 424/10/424 421/11/421 1008/12/1008 
f 420/14/420 1010/15/1010 1008/12/1008 421/11/421 
f 1010/15/1010 1011/16/1011 1009/17/1009 1008/12/1008 
f 417/24/417 1012/22/1012 1013/21/1013 418/23/418 
f 1012/22/1012 431/19/431 429/20/429 1013/21/1013 
f 424/10/424 1007/13/1007 1013/21/1013 429/20/429 
f 1007/13/1007 419/18/419 418/23/418 1013/21/1013 
f 482/16/482 1014/94/1014 1015/95/1015 483/17/483 
f 1014/94/1014 471/5/471 468/2/468 1015/95/1015 
f 467/1/467 1016/84/1016 1015/95/1015 468/2/468 
f 1016/84/1016 484/18/484 483/17/483 1015/95/1015 
f 484/18/484 1016/84/1016 1017/83/1017 489/23/489 
f 1016/84/1016 467/1/467 886/82/886 1017/83/1017 
f 885/81/885 1018/85/1018 1017/83/1017 886/82/886 
f 1018/85/1018 490/24/490 489/23/489 1017/83/1017 
f 558/16/558 1019/94/1019 1020/95/1020 559/17/559 
f 1019/94/1019 547/5/547 544/2/544 1020/95/1020 
f 543/1/543 1021/84/1021 1020/95/1020 544/2/544 
f 1021/84/1021 560/18/560 559/17/559 1020/95/1020 
f 560/18/560 1021/84/1021 1022/83/1022 565/23/565 
f 1021/84/1021 543/1/543 900/82/900 1022/83/1022 
f 899/81/899 1023/85/1023 1022/83/1022 900/82/900 
f 1023/85/1023 566/24/566 565/23/565 1022/83/1022 
f 624/16/624 1024/94/1024 1025/95/1025 625/17/625 
f 1024/94/1024 613/5/613 610/2/610 1025/95/1025 
f 609/1/609 1026/84/1026 1025/95/1025 610/2/610 
f 1026/84/1026 626/18/626 625/17/625 1025/95/1025 
f 626/18/626 1026/84/1026 1027/83/1027 631/23/631 
f 1026/84/1026 609/1/609 924/82/924 1027/83/1027 
f 923/81/923 1028/85/1028 1027/83/1027 924/82/924 
f 1028/85/1028 632/24/632 631/23/631 1027/83/1027 
f 689/18/689 1029/13/1029 1030/12/1030 1031/17/1031 
f 1029/13/1029 694/10/694 691/11/691 1030/12/1030 
f 690/14/690 1032/15/1032 1030/12/1030 691/11/691 
f 1032/15/1032 1033/16/1033 1031/17/1031 1030/12/1030 
f 687/24/687 1034/22/1034 1035/21/1035 688/23/688 
f 1034/22/1034 701/19/701 699/20/699 1035/21/1035 
f 694/10/694 1029/13/1029 1035/21/1035 699/20/699 
f 1029/13/1029 689/18/689 688/23/688 1035/21/1035 
f 792/5/792 791/2/791 1036/95/1036 1037/94/1037 
f 791/2/791 227/1/227 229/84/229 1036/95/1036 
f 233/18/233 988/17/988 1036/95/1036 229/84/229 
f 988/17/988 990/16/990 1037/94/1037 1036/95/1036 
f 816/5/816 815/2/815 1038/95/1038 1039/94/1039 
f 815/2/815 289/1/289 291/84/291 1038/95/1038 
f 295/18/295 995/17/995 1038/95/1038 291/84/291 
f 995/17/995 997/16/997 1039/94/1039 1038/95/1038 
f 840/5/840 839/2/839 1040/95/1040 1041/94/1041 
f 839/2/839 351/1/351 353/84/353 1040/95/1040 
f 357/18/357 1002/17/1002 1040/95/1040 353/84/353 
f 1002/17/1002 1004/16/1004 1041/94/1041 1040/95/1040 
f 864/5/864 863/2/863 1042/95/1042 1043/94/1043 
f 863/2/863 413/1/413 415/84/415 1042/95/1042 
f 419/18/419 1009/17/1009 1042/95/1042 415/84/415 
f 1009/17/1009 1011/16/1011 1043/94/1043 1042/95/1042 
f 950/5/950 949/2/949 1044/95/1044 1045/94/1045 
f 949/2/949 683/1/683 685/84/685 1044/95/1044 
f 689/18/689 1031/17/1031 1044/95/1044 685/84/685 
f 1031/17/1031 1033/16/1033 1045/94/1045 1044/95/1044 
# 792 polygons

#
# object PalmPlant_LOD0_backface
#

v  6.3276 67.8115 6.5517
v  5.2970 61.2955 5.4846
v  6.9643 61.4176 3.0639
v  8.2111 67.9922 3.8364
v  8.2267 61.6617 0.2239
v  9.6467 68.3537 0.6573
v  7.2511 54.3669 -0.7863
v  5.9965 54.1765 2.0618
v  4.3330 54.0812 4.4866
v  11.5057 88.8927 11.9132
v  9.6637 83.0311 10.0060
v  13.0466 83.4931 5.2144
v  14.9071 89.4137 7.1408
v  15.6676 84.4171 -0.3660
v  17.5653 90.4558 1.5988
v  14.0646 79.3481 -0.9891
v  11.6277 78.5613 4.2637
v  8.4666 78.1678 8.7664
v  0.9867 90.4558 17.6103
v  -0.9110 84.4171 15.6454
v  4.7573 83.4931 13.2201
v  6.6178 89.4137 15.1465
v  3.8566 78.5613 11.7691
v  -1.4778 79.3481 14.0217
v  18.4190 105.4445 19.0714
v  14.5372 96.7900 15.0521
v  17.9692 97.3907 10.3113
v  21.8900 106.1324 14.3711
v  20.6884 98.5920 4.8327
v  24.6875 107.5082 8.9734
v  8.1090 107.5082 24.9848
v  4.1099 98.5920 20.8441
v  9.6799 97.3907 18.3171
v  13.6008 106.1324 22.3768
v  27.6660 121.1410 28.6459
v  22.8115 113.5773 23.6194
v  26.3268 114.3472 18.9650
v  31.2259 121.9822 24.0376
v  29.2129 115.8870 13.6590
v  34.2011 123.6647 18.8239
v  17.6225 123.6647 34.8353
v  12.6343 115.8870 29.6705
v  18.0375 114.3472 26.9707
v  22.9366 121.9822 32.0433
v  36.5335 128.9844 29.5332
v  32.9337 128.0878 34.1002
v  42.0454 135.6703 35.2404
v  38.4080 134.7263 39.7684
v  45.1758 137.5583 30.1873
v  39.5886 130.7777 24.4022
v  28.2442 128.9844 37.5389
v  23.0100 130.7777 40.4136
v  28.5972 137.5583 46.1987
v  33.7561 135.6703 43.2461
v  2.5513 38.8171 2.6635
v  1.7153 31.1017 1.8183
v  3.1801 31.1876 -0.3166
v  4.1122 38.9032 0.3881
v  4.2898 31.3596 -2.8325
v  5.2925 39.0752 -2.2899
v  3.2137 22.6345 -3.0923
v  2.2081 21.9577 -0.8433
v  0.9171 21.6193 1.0306
v  0.2619 8.6030 0.4363
v  1.1876 9.6987 -0.9094
v  2.0277 11.8900 -2.7396
v  0.8645 0.1358 -1.4028
v  0.3333 -4.0749 -0.0850
v  0.0847 -6.1802 0.4026
v  3.4022 46.5327 3.5321
v  0.9861 46.6189 5.0682
v  0.2232 38.9031 4.1441
v  -1.8315 46.7912 6.1932
v  -2.4939 39.0752 5.2302
v  -1.0381 54.3669 7.2194
v  1.8519 54.1765 6.0647
v  0.0000 68.2348 -5.6604
v  0.0000 61.6445 -4.5524
v  -2.8810 61.7330 -3.9635
v  -3.2411 68.3783 -5.0064
v  -5.7620 61.9099 -2.7856
v  -6.4822 68.6654 -3.6984
v  -5.7620 54.5467 -1.8013
v  -2.8810 54.4240 -2.9873
v  0.0000 54.3626 -3.5803
v  0.0000 89.7082 -11.8945
v  0.0000 83.7045 -9.5831
v  -5.7620 84.1029 -8.4619
v  -5.7620 90.1672 -10.7965
v  -11.5240 84.8997 -6.2193
v  -11.5240 91.0850 -8.6006
v  -10.8037 79.7497 -4.9504
v  -5.4019 79.0836 -7.0776
v  0.0000 78.7505 -8.1412
v  11.5240 91.0850 -8.6006
v  11.5240 84.8997 -6.2193
v  5.7620 84.1029 -8.4619
v  5.7620 90.1671 -10.7965
v  5.4019 79.0835 -7.0776
v  10.8038 79.7496 -4.9504
v  0.0000 106.8029 -20.8816
v  0.0000 97.8426 -15.7988
v  -5.7620 98.3835 -14.7402
v  -5.7620 107.4342 -19.8743
v  -11.5240 99.4654 -12.6230
v  -11.5240 108.6966 -17.8595
v  11.5240 108.6966 -17.8595
v  11.5240 99.4653 -12.6230
v  5.7620 98.3835 -14.7402
v  5.7620 107.4342 -19.8743
v  0.0000 123.2360 -33.2716
v  0.0000 115.2845 -26.7284
v  -5.7620 116.0013 -25.7799
v  -5.7620 124.0276 -32.3831
v  -11.5240 117.4347 -23.8830
v  -11.5240 125.6109 -30.6061
v  11.5241 125.6109 -30.6061
v  11.5240 117.4347 -23.8830
v  5.7620 116.0013 -25.7799
v  5.7620 124.0276 -32.3831
v  -5.7620 131.4559 -39.6098
v  0.0000 130.6057 -40.4441
v  -5.7621 138.5853 -47.1481
v  -0.0000 137.6846 -47.9311
v  -11.5241 140.3865 -45.5823
v  -11.5240 133.1564 -37.9412
v  5.7620 131.4559 -39.6098
v  11.5240 133.1564 -37.9412
v  11.5240 140.3865 -45.5823
v  5.7620 138.5853 -47.1481
v  0.0086 38.9899 -1.9635
v  0.0167 31.2227 -1.2129
v  -2.5222 31.2747 -0.6900
v  -2.6971 39.0419 -1.4061
v  -5.0666 31.3787 0.3575
v  -5.4064 39.1460 -0.2901
v  -4.4795 22.6020 0.9050
v  -2.1989 21.9931 -0.0199
v  0.0323 21.6887 -0.4747
v  0.0661 8.6207 0.1884
v  -1.5309 9.6824 0.5032
v  -3.3926 11.8058 1.2154
v  -1.6439 -0.0000 1.0646
v  -0.3770 -4.1428 0.6145
v  0.1264 -6.2141 0.5056
v  0.0036 46.7571 -2.7179
v  2.8106 46.8093 -2.1393
v  2.7142 39.0419 -1.4061
v  5.6194 46.9137 -0.9817
v  5.4233 39.1460 -0.2901
v  5.7621 54.5467 -1.8013
v  2.8810 54.4240 -2.9873
v  5.7924 111.1355 -2.6462
v  4.6586 103.7210 -2.1283
v  2.8675 103.8205 -4.4775
v  3.7862 111.2970 -5.2931
v  0.4738 104.0196 -6.5514
v  1.1108 111.6200 -7.6343
v  -0.5335 94.8113 -6.0913
v  1.8686 94.6649 -4.0212
v  3.6639 94.5917 -1.6738
v  12.1719 135.2948 -5.5607
v  9.8066 128.5401 -4.4801
v  6.2824 128.9884 -9.2051
v  8.6715 135.8112 -10.2966
v  1.6108 129.8849 -13.4059
v  4.0476 136.8438 -14.5191
v  0.6094 124.0907 -12.1565
v  5.0144 123.3412 -8.2299
v  8.3310 122.9665 -3.8060
v  13.5547 136.8438 6.4775
v  11.1179 129.8849 7.5907
v  11.0360 128.9884 1.2932
v  13.4251 135.8112 0.2017
v  9.4709 123.3412 1.6123
v  9.5223 124.0907 7.5278
v  21.3686 154.5276 -9.7623
v  16.1672 144.4466 -7.3860
v  12.7072 145.0552 -12.1403
v  17.9609 155.2379 -14.5405
v  8.1638 146.2724 -16.3997
v  13.5224 156.6583 -18.8478
v  23.0295 156.6583 2.1489
v  17.6709 146.2724 4.5970
v  17.4607 145.0552 -1.6420
v  22.7145 155.2379 -4.0422
v  34.0475 173.0161 -15.5547
v  27.3516 164.0701 -12.4957
v  24.0043 164.8765 -17.3015
v  30.7615 173.9068 -20.3885
v  19.6865 166.4893 -21.6638
v  26.5663 175.6881 -24.8069
v  36.0733 175.6881 -3.8103
v  29.1935 166.4893 -0.6672
v  28.7579 164.8765 -6.8031
v  35.5150 173.9068 -9.8902
v  49.0487 189.2720 -22.4080
v  41.3872 181.3076 -18.9078
v  38.1567 182.2642 -23.7669
v  45.8708 190.2853 -27.2911
v  34.0724 184.1774 -28.2360
v  41.8917 192.3118 -31.8083
v  42.9102 182.2642 -13.2687
v  43.5795 184.1774 -7.2394
v  51.3988 192.3118 -10.8117
v  50.6244 190.2853 -16.7929
v  2.8687 83.2249 -1.3105
v  1.0720 83.3003 -3.6572
v  -1.3329 83.4510 -5.7261
v  -2.0283 70.1564 -5.4084
v  0.3766 69.9811 -3.3395
v  2.1733 69.8934 -0.9928
v  4.2454 94.6649 1.2280
v  3.4488 83.3003 1.5919
v  2.7534 69.9811 1.9096
v  2.7252 70.1564 5.0900
v  3.4207 83.4510 4.7723
v  4.2201 94.8113 4.4071
v  -7.5036 49.8412 0.5199
v  -8.6160 54.2169 0.6329
v  -8.5042 54.2880 -1.1248
v  -7.3879 49.8997 -1.2382
v  -8.0796 54.4498 -2.9399
v  -6.9555 50.0365 -3.0542
v  -9.1121 58.0803 -3.2607
v  -9.5741 57.8513 -1.2206
v  -9.6921 57.7478 0.7558
v  -10.7333 60.6926 0.8840
v  -10.5858 60.8545 -1.7500
v  -9.9892 61.2077 -4.4676
v  -10.8920 64.0334 -5.6641
v  -11.6199 63.5526 -2.2694
v  -11.7955 63.3307 1.0218
v  -12.1308 70.1338 7.8946
v  -14.9155 74.4362 8.3068
v  -16.3867 73.6522 5.1114
v  -13.6565 69.4340 4.7072
v  -17.3233 73.2405 1.8135
v  -14.6203 69.0644 1.4133
v  -20.7245 77.7845 2.3309
v  -19.8222 78.2420 5.6339
v  -18.4195 79.1176 8.8398
v  -17.1905 73.5735 -1.6893
v  -14.4604 69.3553 -2.0935
v  -16.5232 74.2789 -5.2945
v  -13.7385 69.9765 -5.7068
v  -20.0273 78.9604 -4.7615
v  -20.6260 78.1634 -1.1667
v  -22.3145 83.4723 9.4487
v  -23.6409 82.5115 6.2310
v  -24.5051 82.0115 2.9220
v  -28.6249 85.8979 3.5801
v  -27.7986 86.4347 6.8952
v  -26.5480 87.4690 10.1250
v  -24.4448 82.4329 -0.5696
v  -23.9222 83.3151 -4.1525
v  -28.1557 87.3118 -3.4763
v  -28.6025 86.3561 0.0945
v  -31.0676 91.0762 10.8598
v  -32.2511 89.9856 7.6191
v  -33.0437 89.4206 4.2985
v  -37.6120 92.7613 5.0471
v  -36.8508 93.3502 8.3728
v  -35.7304 94.4887 11.6238
v  -33.0549 89.9070 0.8184
v  -32.6754 90.9190 -2.7416
v  -37.3381 94.3315 -1.9776
v  -37.6547 93.2716 1.5721
v  -6.1281 44.3620 0.4242
v  -5.6302 44.4610 2.0100
v  -6.9859 49.9390 2.1621
v  -4.8270 44.6394 3.5420
v  -6.1516 50.1151 3.7464
v  -3.5203 38.2145 3.3538
v  -4.2937 38.0241 1.8723
v  -4.7730 37.9191 0.3403
v  -6.0173 44.4217 -1.2735
v  -4.6675 37.9848 -1.2997
v  -4.2690 38.1359 -2.9972
v  -5.6020 44.5608 -3.0293
v  3.9003 50.0704 -4.6967
v  4.4890 54.4813 -5.4677
v  5.6964 54.5417 -4.1850
v  5.1056 50.1181 -3.4112
v  6.7307 54.6820 -2.6320
v  6.1357 50.2332 -1.8526
v  7.5970 58.3438 -3.0688
v  6.4250 58.1384 -4.8045
v  5.0625 58.0467 -6.2418
v  5.6202 61.0253 -7.0100
v  7.4421 61.1717 -5.1009
v  9.0152 61.4940 -2.8014
v  10.4493 64.3436 -2.5680
v  8.4733 63.9009 -5.4288
v  6.1911 63.6979 -7.8084
v  1.2594 70.5356 -12.5574
v  2.7712 74.9304 -14.7564
v  6.1264 74.1834 -13.6726
v  4.6441 69.8747 -11.5167
v  9.1844 73.7903 -12.1182
v  7.7170 69.5245 -9.9837
v  11.0351 78.4476 -14.8327
v  7.9956 78.8877 -16.4145
v  4.6778 79.7286 -17.5530
v  11.6483 74.1048 -9.6224
v  10.1660 69.7960 -7.4665
v  13.8150 74.7731 -6.6560
v  12.3032 70.3783 -4.4571
v  15.7216 79.5713 -9.4527
v  13.5175 78.8090 -12.3643
v  6.8019 84.2136 -20.6959
v  10.0782 83.2850 -19.4959
v  13.0968 82.8010 -17.8834
v  15.3477 86.8257 -21.2369
v  12.3498 87.3477 -22.8802
v  9.1148 88.3524 -24.1418
v  15.6001 83.2063 -15.4458
v  17.8457 84.0563 -12.5956
v  20.1586 88.1951 -16.0415
v  17.8717 87.2691 -18.8301
v  11.5879 92.1117 -27.8473
v  14.7860 91.0484 -26.5307
v  17.7656 90.4971 -24.8599
v  20.2669 93.9917 -28.6176
v  17.3046 94.5680 -30.3143
v  14.1410 95.6813 -31.6826
v  20.3079 90.9697 -22.4806
v  22.6317 91.9544 -19.7470
v  25.1848 95.5240 -23.5823
v  22.8265 94.4894 -26.2641
v  3.1899 44.5555 -3.7878
v  1.6872 44.6436 -4.5035
v  2.3446 50.1574 -5.4362
v  0.0137 44.8003 -4.9567
v  0.6138 50.3118 -5.9028
v  -0.5777 38.3377 -4.0455
v  1.0394 38.1691 -3.6050
v  2.4906 38.0749 -2.9124
v  4.3548 44.6043 -2.5459
v  3.6169 38.1298 -1.7133
v  4.5825 38.2591 -0.2586
v  5.3521 44.7216 -1.0395
v  3.8188 41.4743 7.3237
v  4.3646 44.9604 8.3151
v  3.0170 45.0344 8.7892
v  2.4693 41.5383 7.7944
v  1.5304 45.1982 9.0520
v  0.9789 41.6823 8.0506
v  1.7077 48.0875 10.0870
v  3.3727 47.8660 9.7782
v  4.8850 47.7642 9.2382
v  5.3833 50.0950 10.1074
v  3.3715 50.2496 10.8352
v  1.1609 50.5827 11.2629
v  0.6222 52.8322 12.4412
v  3.3771 52.3849 11.8923
v  5.8876 52.1762 10.9753
v  11.3057 57.6273 9.3639
v  12.5993 60.9664 11.5058
v  10.6525 60.2753 13.5765
v  9.3842 57.0015 11.4765
v  8.4705 59.9137 15.2972
v  7.2149 56.6726 13.2181
v  10.0427 63.4163 17.8770
v  12.2405 63.8131 16.1823
v  14.2190 64.5749 14.1637
v  5.8180 60.2115 16.3178
v  4.5498 56.9377 14.2178
v  2.9304 60.8388 16.9884
v  1.6368 57.4997 14.8465
v  4.5501 64.4473 19.6463
v  7.4061 63.7493 18.9236
v  16.0100 67.8982 17.0746
v  13.9965 67.0714 19.0364
v  11.7812 66.6421 20.7025
v  13.6677 69.5743 23.7448
v  15.9005 70.0314 22.1066
v  17.9487 70.9137 20.2010
v  9.1621 67.0076 21.7777
v  6.3412 67.7706 22.5573
v  8.2799 70.7861 25.6836
v  11.0660 69.9676 24.8479
v  20.0112 73.5988 23.5049
v  17.9322 72.6743 25.3613
v  15.6841 72.1961 26.9748
v  17.7654 74.6627 30.2988
v  20.0279 75.1586 28.7082
v  22.1356 76.1186 26.8977
v  13.0978 72.6105 28.1026
v  10.3424 73.4712 28.9875
v  12.4667 75.9910 32.3803
v  15.1934 75.0948 31.4495
v  3.0172 37.0963 5.8297
v  4.0094 37.1932 4.9982
v  4.8865 41.5702 6.4238
v  4.8747 37.3710 3.9681
v  5.8133 41.7461 5.3093
v  4.1268 32.2307 2.7802
v  3.2960 32.0432 3.7649
v  2.3453 31.9415 4.5596
v  1.7668 37.1613 6.2684
v  1.1488 32.0113 4.9808
v  -0.1746 32.1669 5.2163
v  0.3844 37.3072 6.5115
v  -2.9517 27.8821 4.6273
v  -3.3339 29.9538 5.2541
v  -3.9822 30.0022 4.6944
v  -3.5987 27.9245 4.0655
v  -4.5626 30.1084 4.0008
v  -4.1765 28.0190 3.3677
v  -5.0723 31.8247 4.4406
v  -4.4145 31.6830 5.2125
v  -3.6827 31.6176 5.8380
v  -4.0060 32.9988 6.3878
v  -4.9846 33.0972 5.5589
v  -5.8676 33.3084 4.5397
v  -6.6596 34.6447 4.6404
v  -5.5507 34.3625 5.9054
v  -4.3249 34.2303 6.9370
v  -1.9188 37.4777 9.3539
v  -2.6765 39.4394 10.7099
v  -4.3280 39.0116 10.3024
v  -3.5852 37.0883 8.9728
v  -5.8699 38.7881 9.6728
v  -5.1345 36.8841 8.3566
v  -6.7740 40.8395 11.3064
v  -5.2412 41.0836 11.9524
v  -3.6079 41.5527 12.3929
v  -7.1927 38.9733 8.5994
v  -6.4499 37.0501 7.2698
v  -8.4059 39.3629 7.3040
v  -7.6483 37.4012 5.9479
v  -9.3374 41.4762 8.9869
v  -8.1060 41.0453 10.2494
v  -4.6178 43.4903 14.2364
v  -6.2314 42.9832 13.7598
v  -7.7543 42.7201 13.0957
v  -8.8010 44.4206 15.0226
v  -7.2877 44.6998 15.7044
v  -5.6935 45.2391 16.2164
v  -9.0961 42.9450 12.0568
v  -10.3473 43.4138 10.8303
v  -11.4230 45.1626 12.8104
v  -10.1524 44.6616 14.0014
v  -6.8221 46.7865 18.3092
v  -8.3994 46.2228 17.7660
v  -9.9043 45.9315 17.0686
v  -11.0358 47.3475 19.1741
v  -9.5388 47.6490 19.8861
v  -7.9771 48.2330 20.4584
v  -11.2642 46.1846 16.0630
v  -12.5515 46.7100 14.9032
v  -13.7066 48.1565 17.0524
v  -12.4036 47.6108 18.1831
v  -2.0405 25.2771 3.3179
v  -1.3999 25.3393 3.5573
v  -2.1663 27.9437 4.9170
v  -0.7021 25.4541 3.6881
v  -1.3118 28.0573 5.0707
v  -0.2962 22.3939 2.9565
v  -0.9598 22.2733 2.8311
v  -1.5687 22.2083 2.6030
v  -2.5710 25.3202 2.8600
v  -2.0737 22.2542 2.1679
v  -2.5284 22.3556 1.6276
v  -3.0479 25.4158 2.2915
v  -7.1427 67.8115 5.6521
v  -5.9793 61.2955 4.7314
v  -3.7344 61.4176 6.6290
v  -4.6259 67.9922 7.7936
v  -1.0324 61.6617 8.1648
v  -1.6035 68.3538 9.5351
v  0.0689 54.3670 7.2933
v  -2.6419 54.1765 5.7645
v  -4.8912 54.0813 3.8704
v  -12.9878 88.8927 10.2773
v  -10.9086 83.0311 8.6320
v  -6.4732 83.4931 12.4700
v  -8.5733 89.4137 14.1319
v  -1.1778 84.4171 15.6276
v  -3.3199 90.4558 17.3227
v  -0.4000 79.3481 14.0936
v  -5.3875 78.5613 11.1517
v  -9.5572 78.1678 7.5626
v  -17.6218 90.4559 -0.7513
v  -15.4797 84.4171 -2.4464
v  -13.6241 83.4931 3.4330
v  -15.7243 89.4137 5.0949
v  -12.0915 78.5613 2.6795
v  -13.8081 79.3482 -2.8507
v  -20.7916 105.4445 16.4525
v  -16.4098 96.7900 12.9852
v  -12.0299 97.3907 16.8671
v  -16.4558 106.1324 20.3693
v  -6.8454 98.5920 20.1124
v  -11.3596 107.5082 23.6845
v  -25.6616 107.5083 5.6105
v  -21.1474 98.5921 2.0384
v  -19.1808 97.3907 7.8301
v  -23.6068 106.1324 11.3323
v  -31.2298 121.1410 24.7122
v  -25.7499 113.5773 20.3760
v  -21.4641 114.3472 24.3324
v  -26.9942 121.9822 28.7084
v  -16.4679 115.8870 27.7267
v  -22.0986 123.6647 32.1823
v  -36.4006 123.6647 14.1084
v  -30.7699 115.8870 9.6528
v  -28.6151 114.3472 15.2954
v  -34.1452 121.9822 19.6714
v  -32.9856 128.9844 33.4494
v  -37.1760 128.0878 29.4175
v  -39.2076 135.6703 38.3728
v  -43.3555 134.7263 34.3074
v  -34.4871 137.5583 41.9853
v  -28.1801 130.7777 36.9946
v  -40.1366 128.9844 24.4124
v  -42.4821 130.7777 18.9207
v  -48.7890 137.5583 23.9113
v  -46.3585 135.6703 29.3358
v  -2.8613 38.8171 2.3019
v  -1.9003 31.1017 1.5767
v  0.0795 31.1876 3.2442
v  -0.7510 38.9031 4.0790
v  2.4730 31.3596 4.5955
v  1.7972 39.0752 5.5167
v  2.9014 22.6345 3.5902
v  0.7685 21.9577 2.3719
v  -0.9662 21.6193 0.9047
v  -0.1548 8.6030 0.4084
v  1.0772 9.6987 1.4521
v  2.7856 11.8900 2.4493
v  1.7601 0.1358 1.2791
v  0.5870 -4.0749 0.6746
v  0.1731 -6.1802 0.4085
v  -3.8325 46.5327 3.0489
v  -5.1236 46.6189 0.4932
v  -4.1060 38.9031 -0.1608
v  -5.9662 46.7912 -2.4217
v  -4.9200 39.0752 -2.9720
v  -7.0821 54.3669 -1.7437
v  -6.2174 54.1765 1.2460
v  -1.5547 111.1355 6.1755
v  -1.2504 103.7210 4.9667
v  1.7029 103.8205 5.0370
v  1.7654 111.2970 6.2639
v  4.8180 104.0196 4.4646
v  5.2652 111.6200 5.6386
v  5.0883 94.8112 3.3907
v  1.9710 94.6648 3.9720
v  -0.9834 94.5916 3.9062
v  -3.2670 135.2948 12.9770
v  -2.6321 128.5401 10.4553
v  3.2589 128.9884 10.6575
v  2.6177 135.8112 13.2046
v  9.4580 129.8849 9.6364
v  8.8039 136.8438 12.2344
v  9.1086 124.0907 8.0738
v  3.2902 123.3412 9.0581
v  -2.2361 122.9665 8.8821
v  -13.5284 136.8438 6.5323
v  -12.8743 129.8849 3.9343
v  -7.9072 128.9884 7.8064
v  -8.5485 135.8111 10.3536
v  -7.1781 123.3412 6.3853
v  -11.8279 124.0907 2.7281
v  -5.7354 154.5276 22.7821
v  -4.3393 144.4466 17.2367
v  1.5345 145.0552 17.5072
v  0.1244 155.2379 23.1085
v  7.6991 146.2724 16.6229
v  6.2608 156.6583 22.3359
v  -16.0714 156.6582 16.6338
v  -14.6332 146.2723 10.9207
v  -9.6316 145.0552 14.6562
v  -11.0417 155.2378 20.2575
v  -9.1384 173.0161 36.2997
v  -7.3412 164.0701 29.1609
v  -1.4977 164.8765 29.5517
v  -3.3113 173.9068 36.7559
v  4.6064 166.4893 28.9077
v  2.7599 175.6881 36.2426
v  -19.5724 175.6881 30.5406
v  -17.7258 166.4893 23.2056
v  -12.6638 164.8765 26.7006
v  -14.4775 173.9068 33.9048
v  -13.1648 189.2720 52.2932
v  -11.1084 181.3076 44.1249
v  -5.2962 182.2642 44.6402
v  -7.3667 190.2853 52.8646
v  0.7452 184.1774 44.2453
v  -1.3535 192.3118 52.5818
v  -16.4623 182.2642 41.7892
v  -21.5871 184.1774 38.5432
v  -23.6858 192.3118 46.8797
v  -18.5328 190.2853 50.0135
v  -0.7700 83.2249 3.0584
v  2.1848 83.3003 3.1227
v  5.3028 83.4510 2.5385
v  5.4895 70.1564 1.7970
v  2.3715 69.9811 2.3813
v  -0.5833 69.8934 2.3170
v  -3.6121 94.6648 2.5464
v  -3.3983 83.3003 1.6972
v  -3.2116 69.9811 0.9557
v  -5.6766 70.1564 -1.0540
v  -5.8633 83.4510 -0.3126
v  -6.0778 94.8112 0.5397
v  -5.5565 111.1355 -3.1112
v  -4.4689 103.7210 -2.5022
v  -4.6723 103.8205 -0.7936
v  -5.7937 111.2970 -1.1937
v  -4.2976 104.0196 1.2388
v  -5.3890 111.6200 1.0833
v  -3.3314 94.8113 1.7798
v  -3.7141 94.6649 -0.2570
v  -3.5147 94.5917 -1.9679
v  -11.6762 135.2948 -6.5377
v  -9.4072 128.5401 -5.2673
v  -9.8697 128.9884 -1.8812
v  -12.1615 135.8112 -3.1644
v  -9.2315 129.8849 2.1212
v  -11.5690 136.8438 0.8124
v  -7.7904 124.0907 2.4725
v  -8.4131 123.3412 -1.2934
v  -7.9917 122.9665 -4.4747
v  -5.3164 136.8438 -10.2669
v  -2.9788 129.8849 -8.9581
v  -6.7434 128.9884 -7.4208
v  -9.0352 135.8112 -8.7040
v  -5.4822 123.3412 -6.4868
v  -1.9286 124.0907 -7.9144
v  -20.4984 154.5276 -11.4774
v  -15.5089 144.4466 -8.6837
v  -16.0328 145.0552 -5.3320
v  -21.0726 155.2379 -8.1539
v  -15.5176 146.2724 -1.3985
v  -20.6580 156.6583 -4.2767
v  -14.4054 156.6583 -15.3560
v  -9.2650 146.2724 -12.4778
v  -12.9065 145.0552 -10.8717
v  -17.9464 155.2379 -13.6936
v  -32.6611 173.0161 -18.2875
v  -26.2379 164.0701 -14.6911
v  -26.8699 164.8765 -11.3999
v  -33.3520 173.9068 -15.0293
v  -26.5710 166.4893 -7.5875
v  -33.1707 175.6881 -11.2828
v  -26.9182 175.6881 -22.3621
v  -20.3185 166.4893 -18.6668
v  -23.7437 164.8765 -16.9396
v  -30.2257 173.9068 -20.5690
v  -40.4460 182.2642 -19.0014
v  -39.7019 181.3077 -22.2298
v  -47.8461 190.2853 -23.1448
v  -47.0515 189.2720 -26.3450
v  -47.8721 192.3118 -19.5144
v  -40.3712 184.1774 -15.3145
v  -37.3197 182.2642 -24.5411
v  -34.1186 184.1774 -26.3938
v  -41.6195 192.3118 -30.5937
v  -44.7197 190.2853 -28.6845
v  -2.7519 83.2249 -1.5408
v  -2.9500 83.3003 0.1708
v  -2.5646 83.4510 2.2091
v  -1.8975 70.1564 2.5826
v  -2.2829 69.9811 0.5443
v  -2.0848 69.8934 -1.1673
v  -2.1509 94.6649 -3.0269
v  -1.3868 83.3003 -2.5990
v  -0.7197 69.9811 -2.2255
v  1.2288 70.1564 -2.9570
v  0.5617 83.4510 -3.3305
v  -0.2051 94.8113 -3.7599
v  8.8970 41.7141 -0.0250
v  11.0420 44.2591 -0.0606
v  10.9266 44.3947 1.3389
v  8.7648 41.8324 1.3747
v  10.6289 44.7328 2.7713
v  8.4290 42.1294 2.8075
v  12.6520 46.5735 3.0776
v  12.9312 46.1477 1.4669
v  13.0361 45.9754 -0.1073
v  14.8459 47.1039 -0.1605
v  14.7336 47.3477 1.9377
v  14.4225 47.9494 4.0843
v  16.1301 48.9975 5.0831
v  16.4666 48.2236 2.4011
v  16.5834 47.9101 -0.2212
v  19.9618 50.9860 -5.6856
v  23.3435 50.8661 -5.8899
v  23.6159 49.6541 -3.2764
v  20.3671 49.7816 -3.0761
v  23.7936 48.9604 -0.6030
v  20.6171 49.0953 -0.4047
v  27.2908 48.1173 -0.8647
v  27.1879 48.8047 -3.5408
v  27.0517 49.9974 -6.1596
v  23.7816 49.3035 2.1903
v  20.5568 49.4453 2.3906
v  23.6748 50.1650 5.0436
v  20.3413 50.3133 5.2478
v  27.3299 49.2695 4.7739
v  27.3270 48.4407 1.9259
v  30.4427 48.2341 -6.4740
v  30.4685 47.0928 -3.8491
v  30.5099 46.4286 -1.1700
v  33.3640 44.0013 -1.5150
v  33.3674 44.6323 -4.1973
v  33.4200 45.7037 -6.8285
v  30.5827 46.7188 1.6176
v  30.6710 47.4863 4.4594
v  33.6028 44.9415 4.1049
v  33.4588 44.2512 1.2694
v  35.8875 42.5336 -7.2184
v  35.7946 41.5371 -4.5815
v  35.7660 40.9424 -1.8963
v  37.9420 37.5676 -2.2957
v  37.9859 38.1245 -4.9836
v  38.1000 39.0435 -7.6260
v  35.8658 41.1511 0.8852
v  36.0299 41.7616 3.7150
v  38.2047 38.2641 3.3074
v  38.0383 37.7348 0.4831
v  6.2019 38.0996 0.0287
v  5.9331 38.3079 -1.2185
v  8.6218 41.9531 -1.3586
v  5.4630 38.6726 -2.4410
v  8.1429 42.3708 -2.6592
v  3.3107 33.9009 -2.3268
v  3.7965 33.5963 -1.1472
v  4.0743 33.4234 0.0554
v  6.0724 38.2042 1.3359
v  3.9409 33.5139 1.3157
v  3.6010 33.7360 2.6105
v  5.7430 38.4653 2.6781
v  0.3212 68.3537 9.6637
v  -0.0625 61.6617 8.2296
v  2.8197 61.4176 7.0667
v  3.5484 67.9922 8.3396
v  -3.0214 31.3596 4.2286
v  -0.4689 31.1876 3.2077
v  -0.9989 21.9577 2.2539
v  -3.2782 22.6345 3.1775
v  6.2441 46.7912 -1.6061
v  5.0215 46.6189 1.1708
v  -2.9485 11.8900 2.0663
v  -1.1065 9.6987 1.3062
v  -0.3859 -4.0749 0.6096
v  -1.6749 0.1358 1.0497
v  6.4823 68.6654 -3.6983
v  5.7621 61.9099 -2.7856
v  2.8810 61.7330 -3.9635
v  3.2411 68.3783 -5.0064
v  5.0997 31.3787 0.3575
v  2.5555 31.2747 -0.6900
v  2.2624 21.9931 -0.0199
v  4.5405 22.6019 0.9050
v  -5.6123 46.9137 -0.9817
v  -2.8033 46.8093 -2.1393
v  3.5054 11.8058 1.2154
v  1.6564 9.6824 0.5032
v  0.6098 -4.1428 0.6145
v  1.8399 0.0000 1.0646
v  6.4585 111.6200 4.1763
v  5.2273 104.0196 3.9469
v  5.2443 103.8205 0.7716
v  6.4601 111.2970 0.6122
v  -3.1886 38.3955 -4.4319
v  -2.7041 55.1451 -5.0525
v  -0.3155 54.9615 -2.9969
v  -0.9344 37.7071 -2.4833
v  1.4682 54.8697 -0.6667
v  0.7368 37.3629 -0.2967
v  2.0169 55.1450 5.3741
v  2.0444 54.9615 2.2150
v  1.2783 37.7071 2.4035
v  1.2572 38.3955 5.3868
v  -1.4290 0.4977 -0.9732
v  -3.0223 19.8865 -3.1845
v  -1.1695 17.6835 -1.5451
v  -0.3309 -3.7246 0.0209
v  0.1037 16.5821 0.1266
v  0.0556 -5.8358 0.4711
v  0.5111 19.8865 4.6192
v  0.5135 17.6835 2.1717
v  0.1092 -3.7246 0.9929
v  0.0781 0.4977 2.3552
v  -7.2758 54.5284 3.8608
v  -8.1023 54.3273 2.2756
v  -9.1220 57.8955 2.6048
v  -8.2077 58.1687 4.3901
v  -0.8017 22.3283 2.7285
v  -2.1321 30.9536 3.0987
v  -2.8579 30.7592 1.7049
v  -1.4308 21.6290 1.4820
v  -3.3072 30.6522 0.2659
v  -1.8154 21.2696 0.2209
v  -2.8356 30.8749 -2.8713
v  -3.2087 30.7199 -1.2746
v  -1.7386 21.5897 -1.1320
v  -1.4257 22.2496 -2.5645
v  0.6107 0.3456 1.3313
v  0.2313 11.8101 2.1539
v  -0.2353 9.5964 1.1493
v  0.2611 -3.8875 0.6915
v  -0.4901 8.4797 0.2556
v  0.1569 -6.0139 0.4365
v  -0.2489 11.7315 -1.9109
v  -0.4559 9.5571 -0.7232
v  0.1885 -3.9268 0.0833
v  0.3579 0.2669 -0.7847
v  1.2088 54.7607 -6.6822
v  2.9354 54.5810 -6.2100
v  3.3189 58.1826 -7.0827
v  1.3848 58.4322 -7.6253
v  -1.5572 22.3686 -1.9600
v  -1.1439 31.0360 -3.0350
v  0.3767 30.8634 -2.6192
v  -0.2041 21.6911 -1.5708
v  1.7399 30.7672 -1.9678
v  0.9880 21.3425 -0.9917
v  3.7070 30.9574 0.5252
v  2.7982 30.8241 -0.8418
v  1.9205 21.6517 -0.0112
v  2.7435 22.2899 1.1961
v  -0.9772 0.3027 0.0473
v  -1.5874 11.8087 -0.8771
v  -0.4972 9.6167 -0.5120
v  -0.1926 -3.9086 0.3213
v  0.3509 8.5109 -0.0768
v  0.1079 -6.0241 0.4707
v  1.7140 11.7301 1.5446
v  1.0246 9.5774 0.6050
v  0.3006 -3.9479 0.6826
v  0.7373 0.2241 1.3020
v  6.3649 45.2620 6.3106
v  5.4343 45.0663 7.4185
v  6.0921 47.9019 8.2362
v  7.1465 48.1593 7.0030
v  2.4204 19.3126 0.4497
v  3.3019 26.4189 1.5573
v  2.5249 26.2283 2.4768
v  1.7152 18.6171 1.2555
v  1.6376 26.1250 3.2180
v  0.9362 18.2614 1.8947
v  -0.7145 26.3551 3.8322
v  0.5215 26.1963 3.6113
v  -0.0332 18.5852 2.2457
v  -1.1284 19.2488 2.4603
v  0.6779 0.3056 -0.3444
v  1.5072 10.2885 -0.2888
v  0.9079 8.0785 0.3552
v  0.2830 -3.9238 0.2127
v  0.3451 6.9655 0.8032
v  0.1119 -6.0464 0.4231
v  -1.2278 10.2247 1.2622
v  -0.3402 8.0466 1.0625
v  -0.1469 -3.9557 0.4577
v  -0.8216 0.2418 0.5091
v  -1.6978 30.1467 5.7038
v  -2.5498 30.0213 5.5459
v  -2.8031 31.7046 6.1705
v  -1.8495 31.8677 6.3564
v  0.4627 14.2930 1.4633
v  0.1100 18.9332 2.2006
v  -0.5101 18.8108 2.0837
v  -0.0860 13.6657 1.3470
v  -1.0786 18.7448 1.8708
v  -0.5780 13.3473 1.1560
v  -1.9750 18.8950 0.9597
v  -1.5500 18.7916 1.4647
v  -0.9960 13.6466 0.8055
v  -1.3912 14.2548 0.3603
v  0.6166 0.1157 0.4433
v  0.6629 7.6941 0.8298
v  0.2203 5.5523 0.7249
v  0.2632 -4.0454 0.4388
v  -0.1201 4.4766 0.5869
v  0.1320 -6.1308 0.4323
v  -0.7896 7.6558 -0.0337
v  -0.4311 5.5331 0.3375
v  0.0137 -4.0646 0.2910
v  -0.2578 0.0775 -0.0753
v  -9.6484 68.3538 -0.6314
v  -8.1834 61.6617 -0.8722
v  -7.3099 61.4176 2.1105
v  -8.6483 67.9923 2.7103
v  -3.8342 31.3596 -3.3752
v  -3.0685 31.1876 -0.7340
v  -1.9981 21.9577 -1.1243
v  -2.6989 22.6345 -3.4872
v  1.0005 46.7912 6.3824
v  -1.6423 46.6189 4.8926
v  -1.5072 11.8900 -2.9757
v  -0.9018 9.6987 -1.0489
v  -0.0335 -4.0748 -0.1095
v  -0.4306 0.1359 -1.4893
v  -7.2967 111.6200 2.4312
v  -6.3481 104.0196 1.6135
v  -3.8801 103.8205 3.6114
v  -4.5155 111.2970 4.6601
v  5.4924 38.3955 0.3260
v  5.6383 55.1451 1.0518
v  2.5410 54.9615 1.6318
v  2.5650 37.7071 0.8707
v  -0.3928 54.8697 1.5678
v  -0.1851 37.3629 0.8102
v  -5.4515 55.1450 -1.7797
v  -3.0025 54.9615 0.2164
v  -2.6327 37.7071 -0.4564
v  -4.9509 38.3955 -2.3405
v  2.0730 0.4977 -0.0319
v  4.5327 19.8865 -0.1902
v  2.1167 17.6835 0.2560
v  0.6918 -3.7246 0.2958
v  0.0275 16.5821 0.2181
v  0.1430 -5.8358 0.3661
v  -3.7673 19.8865 -2.3095
v  -1.8366 17.6835 -0.7534
v  -0.3420 -3.7246 0.0318
v  -1.4671 0.4977 -0.9358
v  -1.8719 111.6200 -5.1488
v  -1.1713 104.0196 -4.3009
v  -3.1091 103.8205 -3.5634
v  -4.0352 111.2970 -4.3097
v  -0.5177 38.3955 3.1462
v  -1.2210 55.1451 2.9393
v  -1.6033 54.9615 0.9148
v  -0.8735 37.7071 1.2364
v  -1.4065 54.8697 -0.7845
v  -0.6871 37.3629 -0.3550
v  1.8839 55.1450 -2.5624
v  -0.0513 54.9615 -1.8353
v  0.5817 37.7071 -1.3422
v  2.4062 38.3955 -2.0348
v  0.3403 0.4977 1.6311
v  0.1132 19.8865 2.8799
v  -0.1584 17.6835 1.3235
v  0.1858 -3.7246 0.7814
v  -0.0140 16.5821 0.1218
v  0.1906 -5.8358 0.4766
v  2.4370 19.8865 -1.2378
v  0.9484 17.6835 -0.6377
v  0.4753 -3.7246 0.2685
v  1.3315 0.4977 -0.1252
v  10.3618 44.9999 -2.6954
v  10.7930 44.5283 -1.3944
v  12.7923 46.3103 -1.6082
v  12.3743 46.8987 -3.0725
v  0.4189 20.5814 -1.8482
v  1.6145 28.0512 -2.1500
v  2.1015 27.8219 -1.0412
v  0.8636 19.9091 -0.8496
v  2.3799 27.6931 0.0885
v  1.1138 19.5638 0.1446
v  1.9038 27.9373 2.4894
v  2.2455 27.7650 1.2725
v  0.9950 19.8724 1.1826
v  0.6858 20.5080 2.2701
v  -0.2728 0.2371 -0.4620
v  -0.1998 10.9498 -1.3059
v  0.1522 8.7824 -0.4647
v  0.0105 -3.9514 0.1768
v  0.3287 7.6908 0.2578
v  0.0998 -6.0540 0.4470
v  0.0086 10.8869 1.8652
v  0.2475 8.7509 0.9912
v  0.0428 -3.9849 0.6613
v  -0.1602 0.1700 1.2245
v  9.8907 73.5506 4.0204
v  11.8251 74.1215 -0.1975
v  7.3693 73.2651 7.6303
v  3.6738 73.5506 10.0246
v  -0.6088 74.1215 11.8111
v  -4.3215 74.0019 -5.9851
v  -8.6430 74.4751 -4.2650
v  0.0000 73.7654 -6.8451
v  4.3215 74.0019 -5.9851
v  8.6431 74.4751 -4.2650
v  4.3421 117.6240 -6.7349
v  0.7994 118.1564 -9.8677
v  7.0048 117.3578 -3.2001
v  7.9072 117.6240 1.1388
v  7.9296 118.1564 5.8798
v  -10.8663 63.6264 4.1062
v  -11.9536 66.2793 4.4653
v  -12.9344 65.9412 1.1738
v  -10.3939 66.9161 7.6478
v  -9.3848 64.1808 7.0872
v  -12.7575 66.2006 -2.3354
v  -12.0016 66.7588 -5.9536
v  3.2965 63.9746 -9.2258
v  3.7226 66.6638 -10.1931
v  6.8046 66.3457 -8.6734
v  0.3195 67.2607 -11.2075
v  0.0957 64.4910 -10.1620
v  9.2445 66.5852 -6.1430
v  11.3633 67.1034 -3.1072
v  7.9094 52.4447 9.3223
v  8.5875 54.5354 10.1399
v  6.4260 54.2311 11.8949
v  10.4930 55.1119 8.0007
v  9.6868 52.9518 7.3013
v  3.7530 54.4715 12.8812
v  0.8241 54.9843 13.4832
v  -2.8651 34.3984 7.5020
v  -3.1061 35.6349 8.1268
v  -4.6603 35.4451 7.5190
v  -1.4302 35.9952 8.4909
v  -1.2883 34.7164 7.8336
v  -5.9708 35.5966 6.4238
v  -7.1597 35.9187 5.0849
v  -4.9743 73.5506 9.4470
v  -0.9673 74.1215 11.7871
v  -8.3186 73.2651 6.5826
v  -10.3376 73.5506 2.6693
v  -11.6938 74.1215 -1.7683
v  2.5434 117.6240 7.5989
v  7.2032 118.1564 6.7915
v  -1.8801 117.3578 7.4681
v  -5.8312 117.6240 5.4606
v  -9.5460 118.1564 2.5149
v  -7.0476 117.6240 -1.2123
v  -6.5314 118.1564 1.8105
v  -6.7194 117.3578 -3.7623
v  -4.7028 117.6240 -5.3670
v  -1.8420 118.1564 -6.4990
v  16.2611 48.5176 -2.7240
v  18.0560 49.3278 -2.9603
v  18.3605 48.6596 -0.2900
v  17.5505 50.5024 -5.5675
v  15.7191 49.5856 -5.1670
v  18.2630 49.0040 2.5064
v  17.9647 49.8548 5.3660
v  -8.7834 61.3256 5.7334
v  -9.9829 60.9135 3.3505
v  0.7323 61.6119 -8.8766
v  3.3006 61.2307 -8.1385
v  8.4125 50.6784 7.1510
v  6.9973 50.2975 8.7793
v  -1.5705 33.3658 7.0942
v  -2.8361 33.1259 6.8362
v  14.0769 48.4058 -4.1158
v  14.5608 47.5759 -2.1623
# 1045 vertices

vn -0.5513 0.6085 -0.5708
vn -0.5635 0.5848 -0.5835
vn -0.7145 0.5807 -0.3903
vn -0.6967 0.6085 -0.3800
vn -0.7504 0.5786 -0.3196
vn -0.7279 0.6140 -0.3052
vn -0.7607 0.5614 -0.3258
vn -0.7244 0.5648 -0.3953
vn -0.5710 0.5695 -0.5912
vn -0.4765 0.7277 -0.4934
vn -0.5058 0.6855 -0.5237
vn -0.6522 0.6777 -0.3395
vn -0.6214 0.7167 -0.3167
vn -0.6856 0.6736 -0.2759
vn -0.6578 0.7087 -0.2551
vn -0.6993 0.6552 -0.2860
vn -0.6695 0.6543 -0.3517
vn -0.5251 0.6547 -0.5437
vn -0.2321 0.7087 -0.6663
vn -0.2519 0.6736 -0.6948
vn -0.3166 0.6777 -0.6636
vn -0.2949 0.7167 -0.6320
vn -0.3282 0.6543 -0.6813
vn -0.2615 0.6552 -0.7088
vn -0.4190 0.7977 -0.4338
vn -0.4490 0.7631 -0.4649
vn -0.5920 0.7509 -0.2927
vn -0.5607 0.7843 -0.2656
vn -0.6286 0.7421 -0.2328
vn -0.5974 0.7746 -0.2076
vn -0.1867 0.7746 -0.6042
vn -0.2108 0.7421 -0.6363
vn -0.2719 0.7509 -0.6018
vn -0.2460 0.7843 -0.5696
vn -0.3503 0.8636 -0.3627
vn -0.3847 0.8327 -0.3983
vn -0.5252 0.8181 -0.2343
vn -0.4899 0.8479 -0.2024
vn -0.5622 0.8076 -0.1781
vn -0.5274 0.8367 -0.1478
vn -0.1294 0.8367 -0.5322
vn -0.1584 0.8076 -0.5681
vn -0.2159 0.8181 -0.5330
vn -0.1852 0.8479 -0.4967
vn -0.4632 0.8682 -0.1780
vn -0.3242 0.8845 -0.3356
vn -0.4544 0.8745 -0.1695
vn -0.3154 0.8910 -0.3265
vn -0.4923 0.8626 -0.1164
vn -0.5011 0.8564 -0.1244
vn -0.1618 0.8682 -0.4691
vn -0.1069 0.8564 -0.5051
vn -0.0992 0.8626 -0.4961
vn -0.1535 0.8745 -0.4601
vn -0.5793 0.5519 -0.5998
vn -0.5848 0.5399 -0.6054
vn -0.7403 0.5389 -0.4020
vn -0.7331 0.5489 -0.4015
vn -0.7751 0.5389 -0.3298
vn -0.7691 0.5469 -0.3309
vn -0.7905 0.5209 -0.3222
vn -0.7592 0.5153 -0.3977
vn -0.5970 0.5115 -0.6180
vn -0.6131 0.4704 -0.6347
vn -0.7875 0.4864 -0.3786
vn -0.8096 0.5012 -0.3054
vn -0.8320 0.4812 -0.2762
vn -0.7666 0.4607 -0.4472
vn -0.6179 0.4581 -0.6390
vn -0.5761 0.5589 -0.5965
vn -0.3737 0.5547 -0.7434
vn -0.3760 0.5483 -0.7470
vn -0.3023 0.5520 -0.7771
vn -0.3041 0.5461 -0.7805
vn -0.2992 0.5612 -0.7717
vn -0.3700 0.5646 -0.7378
vn 0.0000 0.5736 0.8192
vn 0.0000 0.5488 0.8360
vn 0.2474 0.5462 0.8003
vn 0.2415 0.5752 0.7816
vn 0.3236 0.5452 0.7733
vn 0.3170 0.5822 0.7487
vn 0.3273 0.5259 0.7851
vn 0.2515 0.5281 0.8110
vn 0.0000 0.5314 0.8471
vn 0.0000 0.6986 0.7155
vn 0.0000 0.6542 0.7563
vn 0.2371 0.6477 0.7240
vn 0.2303 0.6886 0.6876
vn 0.3063 0.6446 0.7005
vn 0.3003 0.6814 0.6675
vn 0.3093 0.6252 0.7166
vn 0.2413 0.6232 0.7439
vn 0.0000 0.6219 0.7831
vn -0.3003 0.6814 0.6675
vn -0.3063 0.6446 0.7005
vn -0.2371 0.6477 0.7240
vn -0.2303 0.6886 0.6876
vn -0.2413 0.6232 0.7439
vn -0.3093 0.6252 0.7166
vn 0.0000 0.7725 0.6350
vn 0.0000 0.7360 0.6770
vn 0.2257 0.7247 0.6511
vn 0.2216 0.7600 0.6110
vn 0.2944 0.7165 0.6324
vn 0.2891 0.7510 0.5937
vn -0.2891 0.7510 0.5937
vn -0.2944 0.7165 0.6324
vn -0.2257 0.7247 0.6511
vn -0.2216 0.7600 0.6110
vn 0.0000 0.8428 0.5382
vn 0.0000 0.8098 0.5867
vn 0.2175 0.7960 0.5649
vn 0.2140 0.8279 0.5184
vn 0.2839 0.7860 0.5492
vn 0.2795 0.8171 0.5042
vn -0.2795 0.8171 0.5042
vn -0.2839 0.7860 0.5492
vn -0.2175 0.7960 0.5649
vn -0.2140 0.8279 0.5184
vn 0.2115 0.8497 0.4830
vn -0.0000 0.8653 0.5012
vn 0.2111 0.8565 0.4710
vn -0.0000 0.8725 0.4887
vn 0.2757 0.8450 0.4581
vn 0.2766 0.8383 0.4698
vn -0.2115 0.8497 0.4830
vn -0.2766 0.8383 0.4698
vn -0.2757 0.8450 0.4581
vn -0.2111 0.8565 0.4710
vn 0.0000 0.5140 0.8578
vn 0.0000 0.5077 0.8615
vn 0.2563 0.5076 0.8226
vn 0.2536 0.5124 0.8204
vn 0.3327 0.5081 0.7945
vn 0.3299 0.5115 0.7934
vn 0.3421 0.4990 0.7962
vn 0.2659 0.4952 0.8271
vn 0.0000 0.4921 0.8705
vn 0.0000 0.4706 0.8823
vn 0.2852 0.4807 0.8292
vn 0.3566 0.4895 0.7958
vn 0.3773 0.4805 0.7917
vn 0.2192 0.4657 0.8573
vn 0.0003 0.4643 0.8857
vn 0.0000 0.5195 0.8545
vn -0.2530 0.5170 0.8177
vn -0.2536 0.5121 0.8206
vn -0.3292 0.5155 0.7911
vn -0.3300 0.5111 0.7937
vn -0.3273 0.5258 0.7851
vn -0.2515 0.5281 0.8111
vn -0.7462 0.5735 0.3380
vn -0.7641 0.5444 0.3461
vn -0.6097 0.5412 0.5792
vn -0.5936 0.5740 0.5641
vn -0.5457 0.5398 0.6410
vn -0.5253 0.5797 0.6229
vn -0.5592 0.5091 0.6543
vn -0.6229 0.5115 0.5920
vn -0.7808 0.5150 0.3537
vn -0.6518 0.6986 0.2952
vn -0.6889 0.6542 0.3121
vn -0.5440 0.6459 0.5357
vn -0.5142 0.6864 0.5142
vn -0.4871 0.6413 0.5928
vn -0.4604 0.6776 0.5735
vn -0.5000 0.6223 0.6022
vn -0.5602 0.6214 0.5478
vn -0.7133 0.6219 0.3231
vn -0.7352 0.6771 -0.0314
vn -0.7673 0.6408 -0.0240
vn -0.7617 0.6455 0.0561
vn -0.7260 0.6860 0.0479
vn -0.7814 0.6211 0.0603
vn -0.7828 0.6219 -0.0205
vn -0.5784 0.7725 0.2620
vn -0.6167 0.7360 0.2793
vn -0.4835 0.7222 0.4946
vn -0.4492 0.7572 0.4742
vn -0.4317 0.7123 0.5534
vn -0.3995 0.7463 0.5325
vn -0.6644 0.7457 -0.0501
vn -0.7013 0.7117 -0.0397
vn -0.6911 0.7218 0.0377
vn -0.6532 0.7567 0.0255
vn -0.4902 0.8428 0.2221
vn -0.5345 0.8098 0.2421
vn -0.4096 0.7929 0.4512
vn -0.3692 0.8245 0.4287
vn -0.3620 0.7808 0.5092
vn -0.3237 0.8114 0.4866
vn -0.5803 0.8108 -0.0767
vn -0.6224 0.7802 -0.0629
vn -0.6099 0.7924 0.0108
vn -0.5665 0.8240 -0.0047
vn -0.4451 0.8724 0.2019
vn -0.4565 0.8653 0.2068
vn -0.3384 0.8462 0.4117
vn -0.3276 0.8529 0.4065
vn -0.2942 0.8324 0.4697
vn -0.2842 0.8389 0.4641
vn -0.5334 0.8457 -0.0166
vn -0.5482 0.8317 -0.0878
vn -0.5373 0.8384 -0.0917
vn -0.5224 0.8525 -0.0210
vn -0.7920 0.4940 0.3588
vn -0.6316 0.4916 0.5995
vn -0.5667 0.4900 0.6624
vn -0.5696 0.4822 0.6656
vn -0.6350 0.4835 0.6025
vn -0.7964 0.4854 0.3608
vn -0.8558 0.5114 0.0782
vn -0.8672 0.4916 0.0799
vn -0.8717 0.4834 0.0805
vn -0.8761 0.4820 -0.0100
vn -0.8717 0.4899 -0.0101
vn -0.8607 0.5089 -0.0104
vn 0.7867 0.6097 -0.0966
vn 0.7748 0.6249 -0.0957
vn 0.7736 0.6208 0.1271
vn 0.7851 0.6057 0.1292
vn 0.7606 0.6186 0.1969
vn 0.7732 0.6024 0.1983
vn 0.7300 0.6553 0.1941
vn 0.7492 0.6506 0.1239
vn 0.7531 0.6512 -0.0935
vn 0.7317 0.6755 -0.0913
vn 0.7244 0.6778 0.1259
vn 0.7023 0.6854 0.1923
vn 0.6942 0.6937 0.1918
vn 0.7089 0.6934 0.1291
vn 0.7137 0.6947 -0.0894
vn 0.5660 0.7458 -0.3513
vn 0.5277 0.7775 -0.3420
vn 0.5518 0.7857 -0.2796
vn 0.5912 0.7534 -0.2878
vn 0.6001 0.7962 -0.0771
vn 0.6410 0.7632 -0.0815
vn 0.5558 0.8282 -0.0722
vn 0.5088 0.8170 -0.2714
vn 0.4858 0.8082 -0.3329
vn 0.6086 0.7832 0.1270
vn 0.6475 0.7515 0.1265
vn 0.6036 0.7744 0.1900
vn 0.6412 0.7433 0.1905
vn 0.5627 0.8044 0.1904
vn 0.5664 0.8141 0.1286
vn 0.4381 0.8389 -0.3231
vn 0.4599 0.8483 -0.2626
vn 0.5054 0.8603 -0.0666
vn 0.4550 0.8884 -0.0609
vn 0.4108 0.8756 -0.2542
vn 0.3902 0.8655 -0.3140
vn 0.5183 0.8452 0.1307
vn 0.5162 0.8348 0.1916
vn 0.4695 0.8614 0.1936
vn 0.4701 0.8724 0.1335
vn 0.3541 0.8832 -0.3075
vn 0.3737 0.8938 -0.2480
vn 0.4169 0.9072 -0.0567
vn 0.4034 0.9131 -0.0589
vn 0.3606 0.8992 -0.2478
vn 0.3421 0.8886 -0.3054
vn 0.4336 0.8908 0.1357
vn 0.4337 0.8796 0.1955
vn 0.4215 0.8853 0.1963
vn 0.4213 0.8968 0.1353
vn 0.7964 0.5968 -0.0979
vn 0.7402 0.5896 -0.3232
vn 0.7309 0.6025 -0.3207
vn 0.7095 0.5855 -0.3922
vn 0.7007 0.5978 -0.3894
vn 0.7188 0.5720 -0.3952
vn 0.7500 0.5757 -0.3257
vn 0.8069 0.5824 -0.0989
vn 0.7939 0.5941 0.1295
vn 0.8039 0.5804 0.1301
vn 0.7909 0.5783 0.2002
vn 0.7812 0.5917 0.1991
vn -0.4757 0.5874 0.6547
vn -0.4678 0.6050 0.6443
vn -0.6313 0.6016 0.4894
vn -0.6419 0.5838 0.4972
vn -0.6737 0.5999 0.4316
vn -0.6846 0.5808 0.4405
vn -0.6511 0.6376 0.4118
vn -0.6126 0.6322 0.4744
vn -0.4550 0.6320 0.6273
vn -0.4423 0.6570 0.6106
vn -0.5973 0.6602 0.4554
vn -0.6311 0.6685 0.3935
vn -0.6253 0.6771 0.3881
vn -0.5893 0.6762 0.4422
vn -0.4315 0.6768 0.5964
vn -0.1376 0.7310 0.6684
vn -0.1187 0.7638 0.6345
vn -0.1815 0.7716 0.6096
vn -0.2019 0.7382 0.6437
vn -0.3642 0.7816 0.5065
vn -0.3885 0.7474 0.5389
vn -0.3379 0.8147 0.4713
vn -0.1586 0.8040 0.5730
vn -0.0973 0.7956 0.5979
vn -0.5200 0.7689 0.3719
vn -0.5459 0.7361 0.4002
vn -0.5626 0.7603 0.3246
vn -0.5885 0.7282 0.3512
vn -0.5353 0.7915 0.2951
vn -0.4925 0.8009 0.3406
vn -0.0724 0.8275 0.5567
vn -0.1322 0.8366 0.5316
vn -0.3079 0.8481 0.4311
vn -0.2780 0.8775 0.3908
vn -0.1052 0.8652 0.4903
vn -0.0469 0.8554 0.5158
vn -0.4615 0.8332 0.3045
vn -0.5046 0.8230 0.2608
vn -0.4744 0.8509 0.2259
vn -0.4309 0.8617 0.2679
vn -0.0273 0.8740 0.4852
vn -0.0847 0.8843 0.4591
vn -0.2552 0.8973 0.3602
vn -0.2446 0.9035 0.3520
vn -0.0760 0.8900 0.4495
vn -0.0207 0.8797 0.4751
vn -0.4077 0.8810 0.2400
vn -0.4515 0.8699 0.1988
vn -0.4437 0.8759 0.1894
vn -0.3990 0.8873 0.2315
vn -0.4818 0.5733 0.6627
vn -0.2754 0.5679 0.7757
vn -0.2709 0.5814 0.7671
vn -0.2029 0.5647 0.8000
vn -0.1992 0.5775 0.7917
vn -0.2064 0.5522 0.8077
vn -0.2794 0.5551 0.7834
vn -0.4874 0.5600 0.6700
vn -0.6487 0.5706 0.5036
vn -0.6551 0.5578 0.5095
vn -0.6980 0.5560 0.4513
vn -0.6914 0.5685 0.4459
vn -0.3731 0.6632 -0.6489
vn -0.3741 0.6611 -0.6504
vn -0.1726 0.6558 -0.7349
vn -0.1709 0.6575 -0.7338
vn -0.1047 0.6527 -0.7504
vn -0.1046 0.6531 -0.7500
vn -0.0942 0.6875 -0.7201
vn -0.1652 0.6841 -0.7104
vn -0.3631 0.6860 -0.6305
vn -0.3523 0.7090 -0.6109
vn -0.1531 0.7099 -0.6875
vn -0.0843 0.7160 -0.6930
vn -0.0814 0.7238 -0.6851
vn -0.1438 0.7245 -0.6741
vn -0.3433 0.7272 -0.5944
vn -0.5240 0.7725 -0.3587
vn -0.5004 0.8022 -0.3258
vn -0.4523 0.8111 -0.3710
vn -0.4755 0.7808 -0.4053
vn -0.2862 0.8225 -0.4916
vn -0.3067 0.7916 -0.5285
vn -0.2639 0.8522 -0.4518
vn -0.4278 0.8401 -0.3335
vn -0.4754 0.8307 -0.2896
vn -0.1044 0.8090 -0.5785
vn -0.1208 0.7792 -0.6150
vn -0.0456 0.7996 -0.5988
vn -0.0606 0.7705 -0.6345
vn -0.0285 0.8276 -0.5606
vn -0.0858 0.8377 -0.5394
vn -0.4477 0.8590 -0.2483
vn -0.4004 0.8690 -0.2907
vn -0.2387 0.8819 -0.4066
vn -0.2135 0.9076 -0.3616
vn -0.3735 0.8939 -0.2478
vn -0.4206 0.8834 -0.2067
vn -0.0644 0.8664 -0.4952
vn -0.0085 0.8557 -0.5174
vn 0.0122 0.8801 -0.4745
vn -0.0424 0.8914 -0.4512
vn -0.4005 0.8994 -0.1754
vn -0.3532 0.9104 -0.2154
vn -0.1945 0.9246 -0.3275
vn -0.1911 0.9299 -0.3142
vn -0.3479 0.9152 -0.2033
vn -0.3940 0.9042 -0.1649
vn -0.0258 0.9081 -0.4180
vn 0.0284 0.8966 -0.4419
vn 0.0341 0.9018 -0.4308
vn -0.0212 0.9135 -0.4063
vn -0.3781 0.6515 -0.6577
vn -0.5589 0.6434 -0.5232
vn -0.5529 0.6547 -0.5154
vn -0.6090 0.6388 -0.4701
vn -0.6036 0.6489 -0.4632
vn -0.6254 0.6074 -0.4897
vn -0.5744 0.6117 -0.5440
vn -0.3910 0.6187 -0.6814
vn -0.1742 0.6467 -0.7425
vn -0.1834 0.6148 -0.7671
vn -0.1152 0.6118 -0.7825
vn -0.1074 0.6435 -0.7578
vn 0.3528 0.7169 -0.6013
vn 0.3726 0.6757 -0.6361
vn 0.5448 0.6700 -0.5044
vn 0.5199 0.7127 -0.4710
vn 0.5917 0.6664 -0.4536
vn 0.5652 0.7080 -0.4233
vn 0.5704 0.7005 -0.4290
vn 0.5271 0.6976 -0.4854
vn 0.3605 0.7001 -0.6164
vn 0.3487 0.7225 -0.5970
vn 0.5130 0.7227 -0.4631
vn 0.5517 0.7283 -0.4065
vn 0.5463 0.7359 -0.3999
vn 0.5059 0.7370 -0.4482
vn 0.3387 0.7403 -0.5808
vn 0.0459 0.7832 -0.6201
vn 0.0286 0.8120 -0.5830
vn 0.0912 0.8211 -0.5634
vn 0.1098 0.7918 -0.6009
vn 0.2771 0.8329 -0.4790
vn 0.2992 0.8030 -0.5155
vn 0.2533 0.8617 -0.4396
vn 0.0704 0.8492 -0.5233
vn 0.0092 0.8396 -0.5431
vn 0.4421 0.8192 -0.3653
vn 0.4658 0.7903 -0.3981
vn 0.4888 0.8097 -0.3248
vn 0.5124 0.7814 -0.3560
vn 0.4640 0.8368 -0.2906
vn 0.4172 0.8470 -0.3294
vn -0.0133 0.8669 -0.4982
vn 0.0466 0.8771 -0.4780
vn 0.2264 0.8904 -0.3950
vn 0.1996 0.9151 -0.3504
vn 0.0224 0.9011 -0.4331
vn -0.0362 0.8903 -0.4539
vn 0.3893 0.8748 -0.2884
vn 0.4363 0.8640 -0.2514
vn 0.4093 0.8875 -0.2118
vn 0.3620 0.8988 -0.2472
vn -0.0537 0.9056 -0.4207
vn 0.0042 0.9168 -0.3992
vn 0.1794 0.9314 -0.3168
vn 0.1695 0.9364 -0.3073
vn -0.0038 0.9214 -0.3886
vn -0.0596 0.9102 -0.4098
vn 0.3414 0.9148 -0.2160
vn 0.3890 0.9032 -0.1813
vn 0.3821 0.9082 -0.1708
vn 0.3334 0.9200 -0.2062
vn 0.3591 0.7000 -0.6173
vn 0.1578 0.6886 -0.7078
vn 0.1544 0.7059 -0.6913
vn 0.0890 0.6844 -0.7236
vn 0.0851 0.6993 -0.7097
vn 0.1134 0.6047 -0.7883
vn 0.1865 0.6090 -0.7710
vn 0.3985 0.6168 -0.6788
vn 0.5302 0.6969 -0.4828
vn 0.5767 0.6138 -0.5391
vn 0.6239 0.6114 -0.4869
vn 0.5733 0.6969 -0.4309
vn 0.6223 0.6085 -0.4924
vn 0.6361 0.5848 -0.5034
vn 0.4587 0.5807 -0.6726
vn 0.4467 0.6085 -0.6559
vn 0.3919 0.5786 -0.7153
vn 0.3754 0.6140 -0.6943
vn 0.3991 0.5614 -0.7250
vn 0.4647 0.5648 -0.6819
vn 0.6445 0.5698 -0.5099
vn 0.5379 0.7277 -0.4256
vn 0.5710 0.6855 -0.4518
vn 0.4021 0.6777 -0.6156
vn 0.3764 0.7167 -0.5872
vn 0.3420 0.6736 -0.6552
vn 0.3186 0.7087 -0.6295
vn 0.3534 0.6552 -0.6677
vn 0.4159 0.6543 -0.6316
vn 0.5928 0.6547 -0.4691
vn 0.6859 0.7087 -0.1654
vn 0.7162 0.6736 -0.1823
vn 0.6916 0.6777 -0.2498
vn 0.6580 0.7167 -0.2313
vn 0.7103 0.6543 -0.2596
vn 0.7311 0.6552 -0.1905
vn 0.4730 0.7977 -0.3742
vn 0.5068 0.7631 -0.4010
vn 0.3495 0.7509 -0.5603
vn 0.3195 0.7843 -0.5318
vn 0.2935 0.7421 -0.6027
vn 0.2654 0.7746 -0.5741
vn 0.6197 0.7746 -0.1263
vn 0.6540 0.7421 -0.1471
vn 0.6257 0.7509 -0.2113
vn 0.5910 0.7843 -0.1887
vn 0.3954 0.8636 -0.3129
vn 0.4343 0.8327 -0.3436
vn 0.2849 0.8181 -0.4996
vn 0.2496 0.8479 -0.4676
vn 0.2326 0.8076 -0.5420
vn 0.1990 0.8367 -0.5103
vn 0.5424 0.8367 -0.0764
vn 0.5809 0.8076 -0.1018
vn 0.5517 0.8181 -0.1624
vn 0.5125 0.8479 -0.1354
vn 0.2228 0.8682 -0.4434
vn 0.3659 0.8845 -0.2896
vn 0.2134 0.8745 -0.4355
vn 0.3560 0.8910 -0.2817
vn 0.1643 0.8626 -0.4785
vn 0.1732 0.8564 -0.4864
vn 0.4827 0.8682 -0.1149
vn 0.5132 0.8564 -0.0567
vn 0.5034 0.8626 -0.0499
vn 0.4729 0.8745 -0.1075
vn 0.6535 0.5529 -0.5170
vn 0.6593 0.5415 -0.5216
vn 0.4729 0.5391 -0.6970
vn 0.4717 0.5490 -0.6900
vn 0.4046 0.5386 -0.7391
vn 0.4051 0.5467 -0.7328
vn 0.3985 0.5203 -0.7554
vn 0.4705 0.5154 -0.7162
vn 0.6727 0.5141 -0.5321
vn 0.6902 0.4749 -0.5460
vn 0.4544 0.4860 -0.7465
vn 0.3837 0.5001 -0.7763
vn 0.3569 0.4793 -0.8018
vn 0.5204 0.4618 -0.7183
vn 0.6956 0.4632 -0.5491
vn 0.6499 0.5596 -0.5143
vn 0.7759 0.5559 -0.2984
vn 0.7793 0.5501 -0.3002
vn 0.8023 0.5533 -0.2240
vn 0.8055 0.5481 -0.2255
vn 0.7971 0.5618 -0.2217
vn 0.7703 0.5651 -0.2954
vn 0.2025 0.5735 -0.7937
vn 0.2074 0.5444 -0.8128
vn -0.0710 0.5412 -0.8379
vn -0.0693 0.5740 -0.8159
vn -0.1593 0.5398 -0.8266
vn -0.1580 0.5797 -0.7994
vn -0.1613 0.5091 -0.8455
vn -0.0728 0.5115 -0.8562
vn 0.2119 0.5150 -0.8306
vn 0.1769 0.6986 -0.6933
vn 0.1870 0.6542 -0.7329
vn -0.0781 0.6459 -0.7595
vn -0.0800 0.6864 -0.7228
vn -0.1583 0.6413 -0.7508
vn -0.1599 0.6776 -0.7178
vn -0.1576 0.6223 -0.7667
vn -0.0775 0.6214 -0.7796
vn 0.1936 0.6219 -0.7588
vn 0.4840 0.6771 -0.5543
vn 0.4983 0.6408 -0.5839
vn 0.4323 0.6455 -0.6297
vn 0.4164 0.6860 -0.5967
vn 0.4414 0.6211 -0.6476
vn 0.5053 0.6219 -0.5982
vn 0.1570 0.7725 -0.6153
vn 0.1674 0.7360 -0.6560
vn -0.0839 0.7222 -0.6866
vn -0.0894 0.7572 -0.6470
vn -0.1622 0.7123 -0.6829
vn -0.1660 0.7463 -0.6446
vn 0.4544 0.7457 -0.4874
vn 0.4694 0.7117 -0.5226
vn 0.4025 0.7218 -0.5631
vn 0.3884 0.7567 -0.5258
vn 0.1331 0.8428 -0.5215
vn 0.1451 0.8098 -0.5685
vn -0.0962 0.7929 -0.6017
vn -0.1039 0.8245 -0.5562
vn -0.1712 0.7808 -0.6009
vn -0.1775 0.8114 -0.5568
vn 0.4226 0.8108 -0.4050
vn 0.4381 0.7802 -0.4466
vn 0.3728 0.7924 -0.4829
vn 0.3577 0.8240 -0.4393
vn 0.1206 0.8724 -0.4736
vn 0.1239 0.8653 -0.4856
vn -0.1098 0.8462 -0.5215
vn -0.1125 0.8529 -0.5098
vn -0.1828 0.8324 -0.5232
vn -0.1847 0.8389 -0.5119
vn 0.3463 0.8457 -0.4061
vn 0.4111 0.8317 -0.3730
vn 0.4074 0.8384 -0.3622
vn 0.3429 0.8525 -0.3946
vn 0.2150 0.4940 -0.8424
vn -0.0732 0.4916 -0.8677
vn -0.1629 0.4900 -0.8564
vn -0.1636 0.4820 -0.8607
vn -0.0734 0.4834 -0.8723
vn 0.2162 0.4854 -0.8472
vn 0.4738 0.5114 -0.7169
vn 0.4797 0.4916 -0.7268
vn 0.4821 0.4833 -0.7308
vn 0.5554 0.4820 -0.6776
vn 0.5527 0.4899 -0.6742
vn 0.5461 0.5089 -0.6654
vn 0.7136 0.5735 0.4023
vn 0.7307 0.5444 0.4119
vn 0.8459 0.5323 -0.0350
vn 0.8262 0.5622 -0.0356
vn 0.8348 0.5257 -0.1636
vn 0.8125 0.5593 -0.1642
vn 0.8505 0.4997 -0.1645
vn 0.8622 0.5054 -0.0351
vn 0.7467 0.5150 0.4209
vn 0.6233 0.6986 0.3514
vn 0.6589 0.6541 0.3714
vn 0.7768 0.6277 -0.0506
vn 0.7446 0.6651 -0.0576
vn 0.7718 0.6130 -0.1690
vn 0.7444 0.6447 -0.1741
vn 0.7849 0.5968 -0.1666
vn 0.7950 0.6049 -0.0464
vn 0.6822 0.6219 0.3846
vn 0.2381 0.6441 0.7269
vn 0.2567 0.6125 0.7477
vn 0.3598 0.6272 0.6908
vn 0.3372 0.6645 0.6669
vn 0.3727 0.6044 0.7041
vn 0.2654 0.5964 0.7576
vn 0.5531 0.7725 0.3118
vn 0.5897 0.7360 0.3324
vn 0.7129 0.6981 -0.0665
vn 0.6787 0.7303 -0.0782
vn 0.7155 0.6749 -0.1804
vn 0.6840 0.7046 -0.1890
vn 0.1943 0.7039 0.6832
vn 0.2178 0.6743 0.7056
vn 0.3133 0.6975 0.6445
vn 0.2856 0.7296 0.6213
vn 0.4688 0.8428 0.2643
vn 0.5111 0.8098 0.2881
vn 0.6395 0.7632 -0.0923
vn 0.6003 0.7925 -0.1077
vn 0.6481 0.7348 -0.2001
vn 0.6121 0.7617 -0.2127
vn 0.1369 0.7610 0.6342
vn 0.1662 0.7341 0.6584
vn 0.2534 0.7625 0.5952
vn 0.2200 0.7918 0.5698
vn 0.5705 0.8126 -0.1193
vn 0.4366 0.8653 0.2461
vn 0.5607 0.8186 -0.1245
vn 0.4259 0.8724 0.2396
vn 0.5755 0.7858 -0.2266
vn 0.5847 0.7800 -0.2229
vn 0.1947 0.8119 0.5503
vn 0.1140 0.7794 0.6161
vn 0.1061 0.7851 0.6102
vn 0.1854 0.8181 0.5444
vn 0.7574 0.4940 0.4269
vn 0.8725 0.4874 -0.0344
vn 0.8596 0.4834 -0.1657
vn 0.8632 0.4767 -0.1663
vn 0.8766 0.4800 -0.0342
vn 0.7616 0.4855 0.4293
vn 0.4171 0.5052 0.7555
vn 0.4230 0.4872 0.7640
vn 0.4253 0.4800 0.7673
vn 0.3062 0.4767 0.8240
vn 0.3048 0.4833 0.8207
vn 0.3011 0.4995 0.8123
vn -0.5711 0.8192 0.0516
vn -0.5071 0.8603 0.0510
vn -0.4989 0.8531 -0.1529
vn -0.5623 0.8119 -0.1567
vn -0.4856 0.8471 -0.2160
vn -0.5511 0.8050 -0.2196
vn -0.3744 0.9029 -0.2111
vn -0.4003 0.9044 -0.1476
vn -0.4115 0.9100 0.0498
vn -0.3240 0.9448 0.0486
vn -0.3086 0.9397 -0.1477
vn -0.2779 0.9381 -0.2069
vn -0.2502 0.9461 -0.2056
vn -0.2626 0.9532 -0.1497
vn -0.2731 0.9608 0.0478
vn -0.0355 0.9564 0.2898
vn 0.0983 0.9564 0.2752
vn 0.1026 0.9703 0.2189
vn -0.0354 0.9722 0.2316
vn 0.0978 0.9944 0.0405
vn -0.0451 0.9980 0.0438
vn 0.2446 0.9689 0.0368
vn 0.2451 0.9479 0.2037
vn 0.2356 0.9372 0.2573
vn 0.0845 0.9871 -0.1363
vn -0.0550 0.9883 -0.1426
vn 0.0733 0.9789 -0.1909
vn -0.0628 0.9779 -0.1993
vn 0.2120 0.9605 -0.1804
vn 0.2287 0.9650 -0.1285
vn 0.3815 0.8948 0.2319
vn 0.3930 0.9013 0.1821
vn 0.3949 0.9182 0.0317
vn 0.5235 0.8516 0.0263
vn 0.5213 0.8387 0.1574
vn 0.5100 0.8360 0.2023
vn 0.3789 0.9180 -0.1170
vn 0.3611 0.9178 -0.1651
vn 0.4930 0.8576 -0.1464
vn 0.5097 0.8541 -0.1033
vn 0.5997 0.7809 0.1749
vn 0.6055 0.7841 0.1360
vn 0.6062 0.7950 0.0227
vn 0.6304 0.7759 0.0234
vn 0.6309 0.7656 0.1257
vn 0.6295 0.7596 0.1634
vn 0.5961 0.7979 -0.0894
vn 0.5867 0.7998 -0.1271
vn 0.6188 0.7767 -0.1174
vn 0.6227 0.7784 -0.0796
vn -0.6482 0.7596 0.0530
vn -0.6109 0.7450 0.2680
vn -0.5387 0.8010 0.2610
vn -0.5857 0.7389 0.3333
vn -0.5192 0.7903 0.3254
vn -0.6705 0.6577 0.3434
vn -0.6977 0.6610 0.2763
vn -0.7396 0.6708 0.0547
vn -0.6366 0.7541 -0.1614
vn -0.7259 0.6673 -0.1665
vn -0.7089 0.6658 -0.2327
vn -0.6211 0.7506 -0.2255
vn -0.2797 0.6140 -0.7381
vn -0.2933 0.5786 -0.7610
vn -0.3652 0.5807 -0.7276
vn -0.3555 0.6085 -0.7095
vn -0.3029 0.5377 -0.7868
vn -0.3763 0.5380 -0.7543
vn -0.3714 0.5138 -0.7734
vn -0.2947 0.5190 -0.8024
vn -0.7659 0.5525 -0.3290
vn -0.7297 0.5551 -0.3992
vn -0.2772 0.4985 -0.8214
vn -0.3513 0.4836 -0.8017
vn -0.4206 0.4581 -0.7831
vn -0.2470 0.4771 -0.8434
vn -0.3170 0.5822 0.7487
vn -0.3236 0.5452 0.7733
vn -0.2474 0.5462 0.8003
vn -0.2415 0.5752 0.7816
vn -0.3328 0.5074 0.7948
vn -0.2564 0.5071 0.8229
vn -0.2660 0.4943 0.8276
vn -0.3424 0.4980 0.7968
vn 0.3292 0.5158 0.7909
vn 0.2529 0.5173 0.8176
vn -0.3571 0.4880 0.7965
vn -0.2856 0.4792 0.8299
vn -0.2196 0.4644 0.8580
vn -0.3782 0.4783 0.7926
vn -0.8149 0.5794 -0.0152
vn -0.8419 0.5396 -0.0118
vn -0.8375 0.5410 0.0767
vn -0.8156 0.5738 0.0746
vn -0.5658 0.4794 0.6709
vn -0.5694 0.4802 0.6672
vn -0.6353 0.4809 0.6043
vn -0.6325 0.4783 0.6092
vn -0.7981 0.4819 0.3616
vn -0.8007 0.4766 0.3629
vn -0.8775 0.4795 -0.0112
vn -0.8735 0.4803 0.0795
vn -0.8761 0.4764 0.0742
vn -0.8786 0.4773 -0.0167
vn -0.5481 0.4723 0.6904
vn -0.5587 0.4772 0.6784
vn -0.6251 0.4712 0.6222
vn -0.6813 0.4580 0.5710
vn -0.8081 0.4612 0.3663
vn -0.8105 0.4547 0.3693
vn -0.8807 0.4729 -0.0277
vn -0.8825 0.4665 0.0595
vn -0.8811 0.4532 0.1353
vn -0.8843 0.4648 -0.0448
vn 0.6869 0.6165 -0.3848
vn 0.7187 0.6193 -0.3161
vn 0.6948 0.6500 -0.3077
vn 0.6563 0.6546 -0.3752
vn 0.7228 0.5386 -0.4329
vn 0.7228 0.5599 -0.4050
vn 0.7565 0.5618 -0.3347
vn 0.7626 0.5337 -0.3655
vn 0.8175 0.5671 -0.1001
vn 0.8386 0.5350 -0.1023
vn 0.7969 0.5669 0.2088
vn 0.8121 0.5671 0.1374
vn 0.8252 0.5399 0.1661
vn 0.8035 0.5464 0.2361
vn 0.6833 0.4888 -0.5424
vn 0.7130 0.5152 -0.4755
vn 0.7540 0.5010 -0.4250
vn 0.7996 0.4771 -0.3647
vn 0.8650 0.4906 -0.1055
vn 0.8705 0.4814 -0.1024
vn 0.8041 0.5244 0.2801
vn 0.8303 0.5094 0.2261
vn 0.8600 0.4844 0.1608
vn 0.7906 0.5010 0.3521
vn -0.1932 0.5979 0.7779
vn -0.2660 0.6001 0.7543
vn -0.2564 0.6316 0.7316
vn -0.1800 0.6371 0.7495
vn -0.1859 0.5272 0.8291
vn -0.2026 0.5430 0.8149
vn -0.2775 0.5441 0.7918
vn -0.2621 0.5228 0.8112
vn -0.4924 0.5472 0.6768
vn -0.5022 0.5212 0.6900
vn -0.7068 0.5458 0.4500
vn -0.6642 0.5462 0.5104
vn -0.6888 0.5232 0.5018
vn -0.7273 0.5282 0.4382
vn -0.0998 0.4930 0.8643
vn -0.1553 0.5105 0.8457
vn -0.2221 0.4994 0.8374
vn -0.2967 0.4799 0.8256
vn -0.5147 0.4860 0.7063
vn -0.5161 0.4787 0.7102
vn -0.7547 0.5095 0.4133
vn -0.7292 0.4968 0.4706
vn -0.6973 0.4767 0.5353
vn -0.7930 0.4885 0.3639
vn -0.6029 0.6504 -0.4621
vn -0.5524 0.6542 -0.5165
vn -0.5351 0.6834 -0.4966
vn -0.5818 0.6865 -0.4361
vn -0.6803 0.5575 -0.4759
vn -0.6431 0.5880 -0.4906
vn -0.5926 0.5895 -0.5490
vn -0.6394 0.5483 -0.5391
vn -0.4002 0.5942 -0.6977
vn -0.4165 0.5460 -0.7269
vn -0.1068 0.5919 -0.7989
vn -0.1784 0.5923 -0.7857
vn -0.1456 0.5502 -0.8222
vn -0.0743 0.5602 -0.8250
vn -0.7936 0.4919 -0.3581
vn -0.7300 0.5246 -0.4381
vn -0.7077 0.5064 -0.4927
vn -0.6748 0.4760 -0.5639
vn -0.4339 0.4865 -0.7583
vn -0.4365 0.4766 -0.7631
vn -0.0155 0.5265 -0.8500
vn -0.0687 0.5068 -0.8593
vn -0.1431 0.4756 -0.8679
vn 0.0890 0.4921 -0.8660
vn 0.0980 0.6640 -0.7413
vn 0.1697 0.6683 -0.7243
vn 0.1606 0.6968 -0.6991
vn 0.0854 0.6994 -0.7097
vn 0.0593 0.5421 -0.8382
vn 0.0995 0.5777 -0.8102
vn 0.1775 0.5782 -0.7964
vn 0.1276 0.5280 -0.8396
vn 0.4114 0.5834 -0.7003
vn 0.4318 0.5245 -0.7338
vn 0.6502 0.5845 -0.4853
vn 0.6036 0.5834 -0.5434
vn 0.6663 0.5340 -0.5205
vn 0.6953 0.5493 -0.4635
vn -0.1501 0.4745 -0.8674
vn -0.0207 0.5041 -0.8634
vn 0.0341 0.4884 -0.8719
vn 0.1198 0.4644 -0.8775
vn 0.4469 0.4736 -0.7589
vn 0.4515 0.4691 -0.7590
vn 0.7565 0.5128 -0.4060
vn 0.7405 0.4965 -0.4529
vn 0.7062 0.4714 -0.5282
vn 0.8234 0.4860 -0.2930
vn 0.7620 0.6140 -0.2057
vn 0.7862 0.5786 -0.2170
vn 0.7600 0.5807 -0.2918
vn 0.7410 0.6085 -0.2839
vn 0.8109 0.5408 -0.2235
vn 0.7860 0.5408 -0.2995
vn 0.8035 0.5184 -0.2927
vn 0.8245 0.5239 -0.2139
vn 0.4028 0.5524 -0.7298
vn 0.4691 0.5552 -0.6868
vn 0.8405 0.5055 -0.1950
vn 0.8280 0.4914 -0.2702
vn 0.8160 0.4668 -0.3409
vn 0.8578 0.4872 -0.1636
vn 0.5212 0.5794 -0.6266
vn 0.5354 0.5396 -0.6498
vn 0.4636 0.5410 -0.7017
vn 0.4516 0.5738 -0.6833
vn -0.1710 0.4757 -0.8628
vn -0.1651 0.4791 -0.8621
vn -0.0748 0.4798 -0.8742
vn -0.0808 0.4744 -0.8766
vn 0.2168 0.4812 -0.8494
vn 0.2178 0.4738 -0.8533
vn 0.5573 0.4793 -0.6780
vn 0.4841 0.4800 -0.7316
vn 0.4903 0.4752 -0.7306
vn 0.5624 0.4767 -0.6756
vn -0.2017 0.4592 -0.8651
vn -0.1830 0.4696 -0.8637
vn -0.0975 0.4616 -0.8817
vn -0.0225 0.4455 -0.8950
vn 0.2204 0.4538 -0.8634
vn 0.2226 0.4454 -0.8672
vn 0.5726 0.4717 -0.6705
vn 0.5066 0.4640 -0.7267
vn 0.4475 0.4480 -0.7740
vn 0.5887 0.4630 -0.6627
vn 0.2818 0.5590 0.7799
vn 0.2938 0.5254 0.7985
vn 0.4088 0.5320 0.7415
vn 0.3981 0.5619 0.7251
vn 0.8634 0.4734 -0.1744
vn 0.8639 0.4748 -0.1679
vn 0.8779 0.4774 -0.0357
vn 0.8792 0.4745 -0.0432
vn 0.7631 0.4823 0.4302
vn 0.7651 0.4780 0.4315
vn 0.3051 0.4753 0.8252
vn 0.4246 0.4779 0.7690
vn 0.4187 0.4765 0.7731
vn 0.2994 0.4754 0.8272
vn 0.8607 0.4642 -0.2091
vn 0.8623 0.4706 -0.1869
vn 0.8820 0.4671 -0.0630
vn 0.8884 0.4564 0.0494
vn 0.7717 0.4641 0.4348
vn 0.7708 0.4598 0.4409
vn 0.2888 0.4749 0.8313
vn 0.4037 0.4722 0.7836
vn 0.5022 0.4620 0.7310
vn 0.2705 0.4721 0.8390
vn -0.4548 0.8309 0.3206
vn -0.4766 0.8410 0.2561
vn -0.3791 0.8915 0.2482
vn -0.3449 0.8851 0.3125
vn -0.7448 0.5356 0.3980
vn -0.7209 0.5894 0.3646
vn -0.7526 0.5888 0.2948
vn -0.7853 0.5242 0.3295
vn -0.8031 0.5932 0.0568
vn -0.8522 0.5199 0.0589
vn -0.7646 0.5934 -0.2517
vn -0.7851 0.5920 -0.1819
vn -0.8243 0.5238 -0.2149
vn -0.7948 0.5359 -0.2849
vn -0.7391 0.4768 0.4758
vn -0.7502 0.4987 0.4342
vn -0.7923 0.4850 0.3701
vn -0.8336 0.4644 0.2989
vn -0.8812 0.4689 0.0600
vn -0.8846 0.4622 0.0626
vn -0.8064 0.4958 -0.3225
vn -0.8382 0.4806 -0.2577
vn -0.8686 0.4598 -0.1848
vn -0.8018 0.4697 -0.3694
vn -0.6792 0.6377 -0.3635
vn -0.7058 0.6461 -0.2905
vn -0.5371 0.6342 -0.5561
vn -0.3397 0.6377 -0.6914
vn -0.2657 0.6461 -0.7155
vn 0.2401 0.6057 0.7586
vn 0.3110 0.6157 0.7240
vn 0.0000 0.6005 0.7997
vn -0.2401 0.6057 0.7586
vn -0.3110 0.6157 0.7240
vn -0.5737 0.6042 0.5530
vn -0.5060 0.6127 0.6071
vn -0.7284 0.6004 0.3300
vn -0.7943 0.6039 0.0670
vn -0.7904 0.6123 -0.0192
vn 0.6526 0.6941 -0.3040
vn 0.6308 0.7164 -0.2980
vn 0.6847 0.7237 -0.0862
vn 0.6024 0.7122 -0.3603
vn 0.6204 0.6942 -0.3648
vn 0.6871 0.7152 0.1279
vn 0.6769 0.7108 0.1913
vn -0.2309 0.6770 0.6988
vn -0.2209 0.7000 0.6791
vn -0.4144 0.7066 0.5735
vn -0.1552 0.6963 0.7007
vn -0.1639 0.6778 0.7167
vn -0.5737 0.6987 0.4275
vn -0.6132 0.6947 0.3760
vn -0.5148 0.7249 -0.4576
vn -0.5006 0.7460 -0.4391
vn -0.3286 0.7545 -0.5681
vn -0.5467 0.7409 -0.3900
vn -0.5580 0.7240 -0.4055
vn -0.1358 0.7451 -0.6530
vn -0.0746 0.7400 -0.6685
vn 0.1364 0.7373 -0.6616
vn 0.1271 0.7579 -0.6399
vn 0.3230 0.7669 -0.5546
vn 0.0621 0.7525 -0.6557
vn 0.0702 0.7359 -0.6734
vn 0.4914 0.7571 -0.4305
vn 0.5352 0.7516 -0.3855
vn 0.4286 0.6377 -0.6401
vn 0.3585 0.6461 -0.6738
vn 0.6063 0.6342 -0.4798
vn 0.7215 0.6377 -0.2700
vn 0.7382 0.6461 -0.1940
vn -0.0731 0.6042 -0.7935
vn -0.1576 0.6127 -0.7744
vn 0.1977 0.6004 -0.7748
vn 0.4442 0.6039 -0.6619
vn 0.5090 0.6123 -0.6050
vn 0.8069 0.5893 -0.0412
vn 0.7919 0.5877 -0.1659
vn 0.6966 0.6004 0.3927
vn 0.3833 0.5889 0.7115
vn 0.2697 0.5873 0.7632
vn -0.2416 0.9387 0.2461
vn -0.1739 0.9544 0.2427
vn -0.1929 0.9801 0.0467
vn -0.1616 0.9400 0.3004
vn -0.2228 0.9264 0.3034
vn -0.1947 0.9696 -0.1480
vn -0.1898 0.9603 -0.2044
vn 0.6285 0.6857 -0.3671
vn 0.6691 0.6781 -0.3042
vn -0.1675 0.6690 0.7241
vn -0.2418 0.6605 0.7108
vn -0.5633 0.7159 -0.4124
vn -0.5216 0.7099 -0.4733
vn 0.0736 0.7281 -0.6815
vn 0.1467 0.7227 -0.6754
vn -0.2497 0.9190 0.3050
vn -0.2876 0.9258 0.2453
# 1045 vertex normals

vt 0.5000 0.1950 0.0000
vt 0.5000 0.1300 0.0000
vt 0.3750 0.1300 0.0000
vt 0.3594 0.1950 0.0000
vt 0.2500 0.1300 0.0000
vt 0.2188 0.1950 0.0000
vt 0.2500 0.0750 0.0000
vt 0.3750 0.0750 0.0000
vt 0.5000 0.0750 0.0000
vt 0.5000 0.4125 0.0000
vt 0.5000 0.3500 0.0000
vt 0.2500 0.3500 0.0000
vt 0.2500 0.4125 0.0000
vt 0.0000 0.3500 0.0000
vt 0.0000 0.4125 0.0000
vt 0.0313 0.3000 0.0000
vt 0.2656 0.3000 0.0000
vt 0.5000 0.3000 0.0000
vt 1.0000 0.4125 0.0000
vt 1.0000 0.3500 0.0000
vt 0.7500 0.3500 0.0000
vt 0.7500 0.4125 0.0000
vt 0.7344 0.3000 0.0000
vt 0.9688 0.3000 0.0000
vt 0.5000 0.6000 0.0000
vt 0.5000 0.5000 0.0000
vt 0.2500 0.5000 0.0000
vt 0.2500 0.6000 0.0000
vt 0.0000 0.5000 0.0000
vt 0.0000 0.6000 0.0000
vt 1.0000 0.6000 0.0000
vt 1.0000 0.5000 0.0000
vt 0.7500 0.5000 0.0000
vt 0.7500 0.6000 0.0000
vt 0.5000 0.7992 0.0000
vt 0.5000 0.7000 0.0000
vt 0.2500 0.7000 0.0000
vt 0.2500 0.7992 0.0000
vt 0.0000 0.7000 0.0000
vt 0.0000 0.7992 0.0000
vt 1.0000 0.7992 0.0000
vt 1.0000 0.7000 0.0000
vt 0.7500 0.7000 0.0000
vt 0.7500 0.7992 0.0000
vt 0.2500 0.8970 0.0000
vt 0.5000 0.8970 0.0000
vt 0.2500 0.9940 0.0000
vt 0.5000 0.9940 0.0000
vt 0.0000 0.9940 0.0000
vt 0.0000 0.8970 0.0000
vt 0.7500 0.8970 0.0000
vt 1.0000 0.8970 0.0000
vt 1.0000 0.9940 0.0000
vt 0.7500 0.9940 0.0000
vt 0.5000 0.0400 0.0000
vt 0.5000 0.0300 0.0000
vt 0.3750 0.0300 0.0000
vt 0.3750 0.0400 0.0000
vt 0.2500 0.0300 0.0000
vt 0.2500 0.0400 0.0000
vt 0.2500 0.0200 0.0000
vt 0.3750 0.0200 0.0000
vt 0.5000 0.0200 0.0000
vt 0.5000 0.0100 0.0000
vt 0.3750 0.0100 0.0000
vt 0.2500 0.0100 0.0000
vt 0.2500 0.0000 0.0000
vt 0.3750 0.0000 0.0000
vt 0.5000 0.0000 0.0000
vt 0.5000 0.0500 0.0000
vt 0.6250 0.0500 0.0000
vt 0.6250 0.0400 0.0000
vt 0.7500 0.0500 0.0000
vt 0.7500 0.0400 0.0000
vt 0.7500 0.0750 0.0000
vt 0.6250 0.0750 0.0000
vt 0.3750 0.0500 0.0000
vt 0.2500 0.0500 0.0000
vt 0.6250 0.1300 0.0000
vt 0.7500 0.1300 0.0000
vt 0.7813 0.1950 0.0000
vt 0.6406 0.1950 0.0000
vt 0.5000 0.2500 0.0000
vt 0.6875 0.2500 0.0000
vt 0.8750 0.2500 0.0000
vt 0.7500 0.0300 0.0000
vt 0.6250 0.0300 0.0000
vt 0.6250 0.0200 0.0000
vt 0.7500 0.0200 0.0000
vt 0.7500 0.0100 0.0000
vt 0.6250 0.0100 0.0000
vt 0.6250 0.0000 0.0000
vt 0.7500 0.0000 0.0000
vt 0.3125 0.2500 0.0000
vt 0.1250 0.2500 0.0000
# 95 texture coords

o PalmPlant_LOD0_backface
g PalmPlant_LOD0_backface
usemtl Material__25
s 2
f 1046/96/1046 1047/97/1047 1048/98/1048 1049/99/1049 
f 1049/99/1049 1048/98/1048 1050/100/1050 1051/101/1051 
f 1052/102/1052 1050/100/1050 1048/98/1048 1053/103/1053 
f 1053/103/1053 1048/98/1048 1047/97/1047 1054/104/1054 
f 1055/105/1055 1056/106/1056 1057/107/1057 1058/108/1058 
f 1058/108/1058 1057/107/1057 1059/109/1059 1060/110/1060 
f 1061/111/1061 1059/109/1059 1057/107/1057 1062/112/1062 
f 1062/112/1062 1057/107/1057 1056/106/1056 1063/113/1063 
f 1064/114/1064 1065/115/1065 1066/116/1066 1067/117/1067 
f 1067/117/1067 1066/116/1066 1056/106/1056 1055/105/1055 
f 1063/113/1063 1056/106/1056 1066/116/1066 1068/118/1068 
f 1068/118/1068 1066/116/1066 1065/115/1065 1069/119/1069 
f 1070/120/1070 1071/121/1071 1072/122/1072 1073/123/1073 
f 1073/123/1073 1072/122/1072 1074/124/1074 1075/125/1075 
f 1060/110/1060 1074/124/1074 1072/122/1072 1058/108/1058 
f 1058/108/1058 1072/122/1072 1071/121/1071 1055/105/1055 
f 1076/126/1076 1077/127/1077 1078/128/1078 1079/129/1079 
f 1079/129/1079 1078/128/1078 1071/121/1071 1070/120/1070 
f 1055/105/1055 1071/121/1071 1078/128/1078 1067/117/1067 
f 1067/117/1067 1078/128/1078 1077/127/1077 1064/114/1064 
f 1080/130/1080 1081/131/1081 1082/132/1082 1083/133/1083 
f 1083/133/1083 1082/132/1082 1084/134/1084 1085/135/1085 
f 1075/125/1075 1084/134/1084 1082/132/1082 1073/123/1073 
f 1073/123/1073 1082/132/1082 1081/131/1081 1070/120/1070 
f 1086/136/1086 1087/137/1087 1088/138/1088 1089/139/1089 
f 1089/139/1089 1088/138/1088 1081/131/1081 1080/130/1080 
f 1070/120/1070 1081/131/1081 1088/138/1088 1079/129/1079 
f 1079/129/1079 1088/138/1088 1087/137/1087 1076/126/1076 
f 1080/130/1080 1083/133/1083 1090/140/1090 1091/141/1091 
f 1091/141/1091 1090/140/1090 1092/142/1092 1093/143/1093 
f 1094/144/1094 1092/142/1092 1090/140/1090 1095/145/1095 
f 1095/145/1095 1090/140/1090 1083/133/1083 1085/135/1085 
f 1080/130/1080 1091/141/1091 1096/146/1096 1089/139/1089 
f 1089/139/1089 1096/146/1096 1097/147/1097 1086/136/1086 
f 1098/148/1098 1097/147/1097 1096/146/1096 1099/149/1099 
f 1099/149/1099 1096/146/1096 1091/141/1091 1093/143/1093 
f 1100/150/1100 1101/151/1101 1102/152/1102 1103/153/1103 
f 1103/153/1103 1102/152/1102 1104/154/1104 1105/155/1105 
f 1106/156/1106 1104/154/1104 1102/152/1102 1107/157/1107 
f 1107/157/1107 1102/152/1102 1101/151/1101 1108/158/1108 
f 1108/158/1108 1109/159/1109 1110/160/1110 1107/157/1107 
f 1107/157/1107 1110/160/1110 1111/161/1111 1106/156/1106 
f 1112/162/1112 1111/161/1111 1110/160/1110 1113/163/1113 
f 1113/163/1113 1110/160/1110 1109/159/1109 1114/164/1114 
f 1100/150/1100 1115/165/1115 1116/166/1116 1117/167/1117 
f 1117/167/1117 1116/166/1116 1118/168/1118 1119/169/1119 
f 1120/170/1120 1118/168/1118 1116/166/1116 1121/171/1121 
f 1121/171/1121 1116/166/1116 1115/165/1115 1054/104/1054 
f 1122/96/1122 1123/97/1123 1124/98/1124 1125/99/1125 
f 1125/99/1125 1124/98/1124 1126/100/1126 1127/101/1127 
f 1128/102/1128 1126/100/1126 1124/98/1124 1129/103/1129 
f 1129/103/1129 1124/98/1124 1123/97/1123 1130/104/1130 
f 1131/105/1131 1132/106/1132 1133/107/1133 1134/108/1134 
f 1134/108/1134 1133/107/1133 1135/109/1135 1136/110/1136 
f 1137/111/1137 1135/109/1135 1133/107/1133 1138/112/1138 
f 1138/112/1138 1133/107/1133 1132/106/1132 1139/113/1139 
f 1140/114/1140 1141/115/1141 1142/116/1142 1143/117/1143 
f 1143/117/1143 1142/116/1142 1132/106/1132 1131/105/1131 
f 1139/113/1139 1132/106/1132 1142/116/1142 1144/118/1144 
f 1144/118/1144 1142/116/1142 1141/115/1141 1145/119/1145 
f 1146/120/1146 1147/121/1147 1148/122/1148 1149/123/1149 
f 1149/123/1149 1148/122/1148 1150/124/1150 1151/125/1151 
f 1136/110/1136 1150/124/1150 1148/122/1148 1134/108/1134 
f 1134/108/1134 1148/122/1148 1147/121/1147 1131/105/1131 
f 1152/126/1152 1153/127/1153 1154/128/1154 1155/129/1155 
f 1155/129/1155 1154/128/1154 1147/121/1147 1146/120/1146 
f 1131/105/1131 1147/121/1147 1154/128/1154 1143/117/1143 
f 1143/117/1143 1154/128/1154 1153/127/1153 1140/114/1140 
f 1156/130/1156 1157/131/1157 1158/132/1158 1159/133/1159 
f 1159/133/1159 1158/132/1158 1160/134/1160 1161/135/1161 
f 1151/125/1151 1160/134/1160 1158/132/1158 1149/123/1149 
f 1149/123/1149 1158/132/1158 1157/131/1157 1146/120/1146 
f 1162/136/1162 1163/137/1163 1164/138/1164 1165/139/1165 
f 1165/139/1165 1164/138/1164 1157/131/1157 1156/130/1156 
f 1146/120/1146 1157/131/1157 1164/138/1164 1155/129/1155 
f 1155/129/1155 1164/138/1164 1163/137/1163 1152/126/1152 
f 1156/130/1156 1159/133/1159 1166/140/1166 1167/141/1167 
f 1167/141/1167 1166/140/1166 1168/142/1168 1169/143/1169 
f 1170/144/1170 1168/142/1168 1166/140/1166 1171/145/1171 
f 1171/145/1171 1166/140/1166 1159/133/1159 1161/135/1161 
f 1156/130/1156 1167/141/1167 1172/146/1172 1165/139/1165 
f 1165/139/1165 1172/146/1172 1173/147/1173 1162/136/1162 
f 1174/148/1174 1173/147/1173 1172/146/1172 1175/149/1175 
f 1175/149/1175 1172/146/1172 1167/141/1167 1169/143/1169 
f 1176/150/1176 1177/151/1177 1178/152/1178 1179/153/1179 
f 1179/153/1179 1178/152/1178 1180/154/1180 1181/155/1181 
f 1182/156/1182 1180/154/1180 1178/152/1178 1183/157/1183 
f 1183/157/1183 1178/152/1178 1177/151/1177 1184/158/1184 
f 1184/158/1184 1185/159/1185 1186/160/1186 1183/157/1183 
f 1183/157/1183 1186/160/1186 1187/161/1187 1182/156/1182 
f 1188/162/1188 1187/161/1187 1186/160/1186 1189/163/1189 
f 1189/163/1189 1186/160/1186 1185/159/1185 1190/164/1190 
f 1176/150/1176 1191/165/1191 1192/166/1192 1193/167/1193 
f 1193/167/1193 1192/166/1192 1194/168/1194 1195/169/1195 
f 1196/170/1196 1194/168/1194 1192/166/1192 1197/171/1197 
f 1197/171/1197 1192/166/1192 1191/165/1191 1130/104/1130 
f 1198/96/1198 1199/97/1199 1200/98/1200 1201/99/1201 
f 1201/99/1201 1200/98/1200 1202/100/1202 1203/101/1203 
f 1204/102/1204 1202/100/1202 1200/98/1200 1205/103/1205 
f 1205/103/1205 1200/98/1200 1199/97/1199 1206/104/1206 
f 1207/105/1207 1208/106/1208 1209/107/1209 1210/108/1210 
f 1210/108/1210 1209/107/1209 1211/109/1211 1212/110/1212 
f 1213/111/1213 1211/109/1211 1209/107/1209 1214/112/1214 
f 1214/112/1214 1209/107/1209 1208/106/1208 1215/113/1215 
f 1216/114/1216 1217/115/1217 1218/116/1218 1219/117/1219 
f 1219/117/1219 1218/116/1218 1208/106/1208 1207/105/1207 
f 1215/113/1215 1208/106/1208 1218/116/1218 1220/118/1220 
f 1220/118/1220 1218/116/1218 1217/115/1217 1221/119/1221 
f 1222/120/1222 1223/121/1223 1224/122/1224 1225/123/1225 
f 1225/123/1225 1224/122/1224 1226/124/1226 1227/125/1227 
f 1212/110/1212 1226/124/1226 1224/122/1224 1210/108/1210 
f 1210/108/1210 1224/122/1224 1223/121/1223 1207/105/1207 
f 1228/126/1228 1229/127/1229 1230/128/1230 1231/129/1231 
f 1231/129/1231 1230/128/1230 1223/121/1223 1222/120/1222 
f 1207/105/1207 1223/121/1223 1230/128/1230 1219/117/1219 
f 1219/117/1219 1230/128/1230 1229/127/1229 1216/114/1216 
f 1232/130/1232 1233/131/1233 1234/132/1234 1235/133/1235 
f 1235/133/1235 1234/132/1234 1236/134/1236 1237/135/1237 
f 1227/125/1227 1236/134/1236 1234/132/1234 1225/123/1225 
f 1225/123/1225 1234/132/1234 1233/131/1233 1222/120/1222 
f 1238/136/1238 1239/137/1239 1240/138/1240 1241/139/1241 
f 1241/139/1241 1240/138/1240 1233/131/1233 1232/130/1232 
f 1222/120/1222 1233/131/1233 1240/138/1240 1231/129/1231 
f 1231/129/1231 1240/138/1240 1239/137/1239 1228/126/1228 
f 1242/143/1242 1243/141/1243 1244/140/1244 1245/142/1245 
f 1245/142/1245 1244/140/1244 1246/145/1246 1247/144/1247 
f 1237/135/1237 1246/145/1246 1244/140/1244 1235/133/1235 
f 1235/133/1235 1244/140/1244 1243/141/1243 1232/130/1232 
f 1232/130/1232 1243/141/1243 1248/146/1248 1241/139/1241 
f 1241/139/1241 1248/146/1248 1249/147/1249 1238/136/1238 
f 1250/148/1250 1249/147/1249 1248/146/1248 1251/149/1251 
f 1251/149/1251 1248/146/1248 1243/141/1243 1242/143/1242 
f 1206/104/1206 1252/165/1252 1253/172/1253 1205/103/1205 
f 1205/103/1205 1253/172/1253 1254/173/1254 1204/102/1204 
f 1255/155/1255 1254/173/1254 1253/172/1253 1256/153/1256 
f 1256/153/1256 1253/172/1253 1252/165/1252 1257/150/1257 
f 1206/104/1206 1258/171/1258 1259/166/1259 1252/165/1252 
f 1252/165/1252 1259/166/1259 1260/167/1260 1257/150/1257 
f 1261/169/1261 1260/167/1260 1259/166/1259 1262/168/1262 
f 1262/168/1262 1259/166/1259 1258/171/1258 1263/170/1263 
f 1264/104/1264 1265/97/1265 1266/174/1266 1267/171/1267 
f 1267/171/1267 1266/174/1266 1268/175/1268 1269/170/1269 
f 1270/176/1270 1268/175/1268 1266/174/1266 1271/177/1271 
f 1271/177/1271 1266/174/1266 1265/97/1265 1272/96/1272 
f 1272/96/1272 1273/178/1273 1274/179/1274 1271/177/1271 
f 1271/177/1271 1274/179/1274 1275/180/1275 1270/176/1270 
f 1276/119/1276 1275/180/1275 1274/179/1274 1277/118/1277 
f 1277/118/1277 1274/179/1274 1273/178/1273 1278/113/1278 
f 1279/110/1279 1280/124/1280 1281/122/1281 1282/108/1282 
f 1282/108/1282 1281/122/1281 1283/121/1283 1284/105/1284 
f 1285/120/1285 1283/121/1283 1281/122/1281 1286/123/1286 
f 1286/123/1286 1281/122/1281 1280/124/1280 1287/125/1287 
f 1284/105/1284 1283/121/1283 1288/128/1288 1289/117/1289 
f 1289/117/1289 1288/128/1288 1290/127/1290 1291/114/1291 
f 1292/126/1292 1290/127/1290 1288/128/1288 1293/129/1293 
f 1293/129/1293 1288/128/1288 1283/121/1283 1285/120/1285 
f 1287/125/1287 1294/134/1294 1295/132/1295 1286/123/1286 
f 1286/123/1286 1295/132/1295 1296/131/1296 1285/120/1285 
f 1297/130/1297 1296/131/1296 1295/132/1295 1298/133/1298 
f 1298/133/1298 1295/132/1295 1294/134/1294 1299/135/1299 
f 1285/120/1285 1296/131/1296 1300/138/1300 1293/129/1293 
f 1293/129/1293 1300/138/1300 1301/137/1301 1292/126/1292 
f 1302/136/1302 1301/137/1301 1300/138/1300 1303/139/1303 
f 1303/139/1303 1300/138/1300 1296/131/1296 1297/130/1297 
f 1299/135/1299 1304/145/1304 1305/140/1305 1298/133/1298 
f 1298/133/1298 1305/140/1305 1306/141/1306 1297/130/1297 
f 1307/143/1307 1306/141/1306 1305/140/1305 1308/142/1308 
f 1308/142/1308 1305/140/1305 1304/145/1304 1309/144/1309 
f 1297/130/1297 1306/141/1306 1310/146/1310 1303/139/1303 
f 1303/139/1303 1310/146/1310 1311/147/1311 1302/136/1302 
f 1312/148/1312 1311/147/1311 1310/146/1310 1313/149/1313 
f 1313/149/1313 1310/146/1310 1306/141/1306 1307/143/1307 
f 1264/104/1264 1314/165/1314 1315/172/1315 1316/103/1316 
f 1316/103/1316 1315/172/1315 1317/173/1317 1318/102/1318 
f 1319/155/1319 1317/173/1317 1315/172/1315 1320/153/1320 
f 1320/153/1320 1315/172/1315 1314/165/1314 1321/150/1321 
f 1264/104/1264 1267/171/1267 1322/166/1322 1314/165/1314 
f 1314/165/1314 1322/166/1322 1323/167/1323 1321/150/1321 
f 1324/169/1324 1323/167/1323 1322/166/1322 1325/168/1325 
f 1325/168/1325 1322/166/1322 1267/171/1267 1269/170/1269 
f 1326/104/1326 1327/97/1327 1328/174/1328 1329/171/1329 
f 1329/171/1329 1328/174/1328 1330/175/1330 1331/170/1331 
f 1332/176/1332 1330/175/1330 1328/174/1328 1333/177/1333 
f 1333/177/1333 1328/174/1328 1327/97/1327 1334/96/1334 
f 1334/96/1334 1335/178/1335 1336/179/1336 1333/177/1333 
f 1333/177/1333 1336/179/1336 1337/180/1337 1332/176/1332 
f 1338/119/1338 1337/180/1337 1336/179/1336 1339/118/1339 
f 1339/118/1339 1336/179/1336 1335/178/1335 1340/113/1340 
f 1341/110/1341 1342/124/1342 1343/122/1343 1344/108/1344 
f 1344/108/1344 1343/122/1343 1345/121/1345 1346/105/1346 
f 1347/120/1347 1345/121/1345 1343/122/1343 1348/123/1348 
f 1348/123/1348 1343/122/1343 1342/124/1342 1349/125/1349 
f 1346/105/1346 1345/121/1345 1350/128/1350 1351/117/1351 
f 1351/117/1351 1350/128/1350 1352/127/1352 1353/114/1353 
f 1354/126/1354 1352/127/1352 1350/128/1350 1355/129/1355 
f 1355/129/1355 1350/128/1350 1345/121/1345 1347/120/1347 
f 1349/125/1349 1356/134/1356 1357/132/1357 1348/123/1348 
f 1348/123/1348 1357/132/1357 1358/131/1358 1347/120/1347 
f 1359/130/1359 1358/131/1358 1357/132/1357 1360/133/1360 
f 1360/133/1360 1357/132/1357 1356/134/1356 1361/135/1361 
f 1347/120/1347 1358/131/1358 1362/138/1362 1355/129/1355 
f 1355/129/1355 1362/138/1362 1363/137/1363 1354/126/1354 
f 1364/136/1364 1363/137/1363 1362/138/1362 1365/139/1365 
f 1365/139/1365 1362/138/1362 1358/131/1358 1359/130/1359 
f 1361/135/1361 1366/145/1366 1367/140/1367 1360/133/1360 
f 1360/133/1360 1367/140/1367 1368/141/1368 1359/130/1359 
f 1369/143/1369 1368/141/1368 1367/140/1367 1370/142/1370 
f 1370/142/1370 1367/140/1367 1366/145/1366 1371/144/1371 
f 1359/130/1359 1368/141/1368 1372/146/1372 1365/139/1365 
f 1365/139/1365 1372/146/1372 1373/147/1373 1364/136/1364 
f 1374/148/1374 1373/147/1373 1372/146/1372 1375/149/1375 
f 1375/149/1375 1372/146/1372 1368/141/1368 1369/143/1369 
f 1326/104/1326 1376/165/1376 1377/172/1377 1378/103/1378 
f 1378/103/1378 1377/172/1377 1379/173/1379 1380/102/1380 
f 1381/155/1381 1379/173/1379 1377/172/1377 1382/153/1382 
f 1382/153/1382 1377/172/1377 1376/165/1376 1383/150/1383 
f 1326/104/1326 1329/171/1329 1384/166/1384 1376/165/1376 
f 1376/165/1376 1384/166/1384 1385/167/1385 1383/150/1383 
f 1386/169/1386 1385/167/1385 1384/166/1384 1387/168/1387 
f 1387/168/1387 1384/166/1384 1329/171/1329 1331/170/1331 
f 1388/104/1388 1389/97/1389 1390/174/1390 1391/171/1391 
f 1391/171/1391 1390/174/1390 1392/175/1392 1393/170/1393 
f 1394/176/1394 1392/175/1392 1390/174/1390 1395/177/1395 
f 1395/177/1395 1390/174/1390 1389/97/1389 1396/96/1396 
f 1396/96/1396 1397/178/1397 1398/179/1398 1395/177/1395 
f 1395/177/1395 1398/179/1398 1399/180/1399 1394/176/1394 
f 1400/119/1400 1399/180/1399 1398/179/1398 1401/118/1401 
f 1401/118/1401 1398/179/1398 1397/178/1397 1402/113/1402 
f 1403/110/1403 1404/124/1404 1405/122/1405 1406/108/1406 
f 1406/108/1406 1405/122/1405 1407/121/1407 1408/105/1408 
f 1409/120/1409 1407/121/1407 1405/122/1405 1410/123/1410 
f 1410/123/1410 1405/122/1405 1404/124/1404 1411/125/1411 
f 1408/105/1408 1407/121/1407 1412/128/1412 1413/117/1413 
f 1413/117/1413 1412/128/1412 1414/127/1414 1415/114/1415 
f 1416/126/1416 1414/127/1414 1412/128/1412 1417/129/1417 
f 1417/129/1417 1412/128/1412 1407/121/1407 1409/120/1409 
f 1411/125/1411 1418/134/1418 1419/132/1419 1410/123/1410 
f 1410/123/1410 1419/132/1419 1420/131/1420 1409/120/1409 
f 1421/130/1421 1420/131/1420 1419/132/1419 1422/133/1422 
f 1422/133/1422 1419/132/1419 1418/134/1418 1423/135/1423 
f 1409/120/1409 1420/131/1420 1424/138/1424 1417/129/1417 
f 1417/129/1417 1424/138/1424 1425/137/1425 1416/126/1416 
f 1426/136/1426 1425/137/1425 1424/138/1424 1427/139/1427 
f 1427/139/1427 1424/138/1424 1420/131/1420 1421/130/1421 
f 1423/135/1423 1428/145/1428 1429/140/1429 1422/133/1422 
f 1422/133/1422 1429/140/1429 1430/141/1430 1421/130/1421 
f 1431/143/1431 1430/141/1430 1429/140/1429 1432/142/1432 
f 1432/142/1432 1429/140/1429 1428/145/1428 1433/144/1433 
f 1421/130/1421 1430/141/1430 1434/146/1434 1427/139/1427 
f 1427/139/1427 1434/146/1434 1435/147/1435 1426/136/1426 
f 1436/148/1436 1435/147/1435 1434/146/1434 1437/149/1437 
f 1437/149/1437 1434/146/1434 1430/141/1430 1431/143/1431 
f 1388/104/1388 1438/165/1438 1439/172/1439 1440/103/1440 
f 1440/103/1440 1439/172/1439 1441/173/1441 1442/102/1442 
f 1443/155/1443 1441/173/1441 1439/172/1439 1444/153/1444 
f 1444/153/1444 1439/172/1439 1438/165/1438 1445/150/1445 
f 1388/104/1388 1391/171/1391 1446/166/1446 1438/165/1438 
f 1438/165/1438 1446/166/1446 1447/167/1447 1445/150/1445 
f 1448/169/1448 1447/167/1447 1446/166/1446 1449/168/1449 
f 1449/168/1449 1446/166/1446 1391/171/1391 1393/170/1393 
f 1450/104/1450 1451/97/1451 1452/174/1452 1453/171/1453 
f 1453/171/1453 1452/174/1452 1454/175/1454 1455/170/1455 
f 1456/176/1456 1454/175/1454 1452/174/1452 1457/177/1457 
f 1457/177/1457 1452/174/1452 1451/97/1451 1458/96/1458 
f 1458/96/1458 1459/178/1459 1460/179/1460 1457/177/1457 
f 1457/177/1457 1460/179/1460 1461/180/1461 1456/176/1456 
f 1462/119/1462 1461/180/1461 1460/179/1460 1463/118/1463 
f 1463/118/1463 1460/179/1460 1459/178/1459 1464/113/1464 
f 1465/110/1465 1466/124/1466 1467/122/1467 1468/108/1468 
f 1468/108/1468 1467/122/1467 1469/121/1469 1470/105/1470 
f 1471/120/1471 1469/121/1469 1467/122/1467 1472/123/1472 
f 1472/123/1472 1467/122/1467 1466/124/1466 1473/125/1473 
f 1470/105/1470 1469/121/1469 1474/128/1474 1475/117/1475 
f 1475/117/1475 1474/128/1474 1476/127/1476 1477/114/1477 
f 1478/126/1478 1476/127/1476 1474/128/1474 1479/129/1479 
f 1479/129/1479 1474/128/1474 1469/121/1469 1471/120/1471 
f 1473/125/1473 1480/134/1480 1481/132/1481 1472/123/1472 
f 1472/123/1472 1481/132/1481 1482/131/1482 1471/120/1471 
f 1483/130/1483 1482/131/1482 1481/132/1481 1484/133/1484 
f 1484/133/1484 1481/132/1481 1480/134/1480 1485/135/1485 
f 1471/120/1471 1482/131/1482 1486/138/1486 1479/129/1479 
f 1479/129/1479 1486/138/1486 1487/137/1487 1478/126/1478 
f 1488/136/1488 1487/137/1487 1486/138/1486 1489/139/1489 
f 1489/139/1489 1486/138/1486 1482/131/1482 1483/130/1483 
f 1485/135/1485 1490/145/1490 1491/140/1491 1484/133/1484 
f 1484/133/1484 1491/140/1491 1492/141/1492 1483/130/1483 
f 1493/143/1493 1492/141/1492 1491/140/1491 1494/142/1494 
f 1494/142/1494 1491/140/1491 1490/145/1490 1495/144/1495 
f 1483/130/1483 1492/141/1492 1496/146/1496 1489/139/1489 
f 1489/139/1489 1496/146/1496 1497/147/1497 1488/136/1488 
f 1498/148/1498 1497/147/1497 1496/146/1496 1499/149/1499 
f 1499/149/1499 1496/146/1496 1492/141/1492 1493/143/1493 
f 1450/104/1450 1500/165/1500 1501/172/1501 1502/103/1502 
f 1502/103/1502 1501/172/1501 1503/173/1503 1504/102/1504 
f 1505/155/1505 1503/173/1503 1501/172/1501 1506/153/1506 
f 1506/153/1506 1501/172/1501 1500/165/1500 1507/150/1507 
f 1450/104/1450 1453/171/1453 1508/166/1508 1500/165/1500 
f 1500/165/1500 1508/166/1508 1509/167/1509 1507/150/1507 
f 1510/169/1510 1509/167/1509 1508/166/1508 1511/168/1511 
f 1511/168/1511 1508/166/1508 1453/171/1453 1455/170/1455 
f 1512/96/1512 1513/97/1513 1514/98/1514 1515/99/1515 
f 1515/99/1515 1514/98/1514 1516/100/1516 1517/101/1517 
f 1518/102/1518 1516/100/1516 1514/98/1514 1519/103/1519 
f 1519/103/1519 1514/98/1514 1513/97/1513 1520/104/1520 
f 1521/105/1521 1522/106/1522 1523/107/1523 1524/108/1524 
f 1524/108/1524 1523/107/1523 1525/109/1525 1526/110/1526 
f 1527/111/1527 1525/109/1525 1523/107/1523 1528/112/1528 
f 1528/112/1528 1523/107/1523 1522/106/1522 1529/113/1529 
f 1530/114/1530 1531/115/1531 1532/116/1532 1533/117/1533 
f 1533/117/1533 1532/116/1532 1522/106/1522 1521/105/1521 
f 1529/113/1529 1522/106/1522 1532/116/1532 1534/118/1534 
f 1534/118/1534 1532/116/1532 1531/115/1531 1535/119/1535 
f 1536/120/1536 1537/121/1537 1538/122/1538 1539/123/1539 
f 1539/123/1539 1538/122/1538 1540/124/1540 1541/125/1541 
f 1526/110/1526 1540/124/1540 1538/122/1538 1524/108/1524 
f 1524/108/1524 1538/122/1538 1537/121/1537 1521/105/1521 
f 1542/126/1542 1543/127/1543 1544/128/1544 1545/129/1545 
f 1545/129/1545 1544/128/1544 1537/121/1537 1536/120/1536 
f 1521/105/1521 1537/121/1537 1544/128/1544 1533/117/1533 
f 1533/117/1533 1544/128/1544 1543/127/1543 1530/114/1530 
f 1546/130/1546 1547/131/1547 1548/132/1548 1549/133/1549 
f 1549/133/1549 1548/132/1548 1550/134/1550 1551/135/1551 
f 1541/125/1541 1550/134/1550 1548/132/1548 1539/123/1539 
f 1539/123/1539 1548/132/1548 1547/131/1547 1536/120/1536 
f 1552/136/1552 1553/137/1553 1554/138/1554 1555/139/1555 
f 1555/139/1555 1554/138/1554 1547/131/1547 1546/130/1546 
f 1536/120/1536 1547/131/1547 1554/138/1554 1545/129/1545 
f 1545/129/1545 1554/138/1554 1553/137/1553 1542/126/1542 
f 1546/130/1546 1549/133/1549 1556/140/1556 1557/141/1557 
f 1557/141/1557 1556/140/1556 1558/142/1558 1559/143/1559 
f 1560/144/1560 1558/142/1558 1556/140/1556 1561/145/1561 
f 1561/145/1561 1556/140/1556 1549/133/1549 1551/135/1551 
f 1546/130/1546 1557/141/1557 1562/146/1562 1555/139/1555 
f 1555/139/1555 1562/146/1562 1563/147/1563 1552/136/1552 
f 1564/148/1564 1563/147/1563 1562/146/1562 1565/149/1565 
f 1565/149/1565 1562/146/1562 1557/141/1557 1559/143/1559 
f 1566/150/1566 1567/151/1567 1568/152/1568 1569/153/1569 
f 1569/153/1569 1568/152/1568 1570/154/1570 1571/155/1571 
f 1572/156/1572 1570/154/1570 1568/152/1568 1573/157/1573 
f 1573/157/1573 1568/152/1568 1567/151/1567 1574/158/1574 
f 1574/158/1574 1575/159/1575 1576/160/1576 1573/157/1573 
f 1573/157/1573 1576/160/1576 1577/161/1577 1572/156/1572 
f 1578/162/1578 1577/161/1577 1576/160/1576 1579/163/1579 
f 1579/163/1579 1576/160/1576 1575/159/1575 1580/164/1580 
f 1566/150/1566 1581/165/1581 1582/166/1582 1583/167/1583 
f 1583/167/1583 1582/166/1582 1584/168/1584 1585/169/1585 
f 1586/170/1586 1584/168/1584 1582/166/1582 1587/171/1587 
f 1587/171/1587 1582/166/1582 1581/165/1581 1520/104/1520 
f 1588/96/1588 1589/97/1589 1590/98/1590 1591/99/1591 
f 1591/99/1591 1590/98/1590 1592/100/1592 1593/101/1593 
f 1594/102/1594 1592/100/1592 1590/98/1590 1595/103/1595 
f 1595/103/1595 1590/98/1590 1589/97/1589 1596/104/1596 
f 1597/105/1597 1598/106/1598 1599/107/1599 1600/108/1600 
f 1600/108/1600 1599/107/1599 1601/109/1601 1602/110/1602 
f 1603/111/1603 1601/109/1601 1599/107/1599 1604/112/1604 
f 1604/112/1604 1599/107/1599 1598/106/1598 1605/113/1605 
f 1606/114/1606 1607/115/1607 1608/116/1608 1609/117/1609 
f 1609/117/1609 1608/116/1608 1598/106/1598 1597/105/1597 
f 1605/113/1605 1598/106/1598 1608/116/1608 1610/118/1610 
f 1610/118/1610 1608/116/1608 1607/115/1607 1611/119/1611 
f 1612/120/1612 1613/121/1613 1614/122/1614 1615/123/1615 
f 1615/123/1615 1614/122/1614 1616/124/1616 1617/125/1617 
f 1602/110/1602 1616/124/1616 1614/122/1614 1600/108/1600 
f 1600/108/1600 1614/122/1614 1613/121/1613 1597/105/1597 
f 1618/126/1618 1619/127/1619 1620/128/1620 1621/129/1621 
f 1621/129/1621 1620/128/1620 1613/121/1613 1612/120/1612 
f 1597/105/1597 1613/121/1613 1620/128/1620 1609/117/1609 
f 1609/117/1609 1620/128/1620 1619/127/1619 1606/114/1606 
f 1622/130/1622 1623/131/1623 1624/132/1624 1625/133/1625 
f 1625/133/1625 1624/132/1624 1626/134/1626 1627/135/1627 
f 1617/125/1617 1626/134/1626 1624/132/1624 1615/123/1615 
f 1615/123/1615 1624/132/1624 1623/131/1623 1612/120/1612 
f 1628/136/1628 1629/137/1629 1630/138/1630 1631/139/1631 
f 1631/139/1631 1630/138/1630 1623/131/1623 1622/130/1622 
f 1612/120/1612 1623/131/1623 1630/138/1630 1621/129/1621 
f 1621/129/1621 1630/138/1630 1629/137/1629 1618/126/1618 
f 1632/143/1632 1633/141/1633 1634/140/1634 1635/142/1635 
f 1635/142/1635 1634/140/1634 1636/145/1636 1637/144/1637 
f 1627/135/1627 1636/145/1636 1634/140/1634 1625/133/1625 
f 1625/133/1625 1634/140/1634 1633/141/1633 1622/130/1622 
f 1622/130/1622 1633/141/1633 1638/146/1638 1631/139/1631 
f 1631/139/1631 1638/146/1638 1639/147/1639 1628/136/1628 
f 1640/148/1640 1639/147/1639 1638/146/1638 1641/149/1641 
f 1641/149/1641 1638/146/1638 1633/141/1633 1632/143/1632 
f 1596/104/1596 1642/165/1642 1643/172/1643 1595/103/1595 
f 1595/103/1595 1643/172/1643 1644/173/1644 1594/102/1594 
f 1645/155/1645 1644/173/1644 1643/172/1643 1646/153/1646 
f 1646/153/1646 1643/172/1643 1642/165/1642 1647/150/1647 
f 1596/104/1596 1648/171/1648 1649/166/1649 1642/165/1642 
f 1642/165/1642 1649/166/1649 1650/167/1650 1647/150/1647 
f 1651/169/1651 1650/167/1650 1649/166/1649 1652/168/1652 
f 1652/168/1652 1649/166/1649 1648/171/1648 1653/170/1653 
f 1654/96/1654 1655/97/1655 1656/98/1656 1657/99/1657 
f 1657/99/1657 1656/98/1656 1658/100/1658 1659/101/1659 
f 1660/102/1660 1658/100/1658 1656/98/1656 1661/103/1661 
f 1661/103/1661 1656/98/1656 1655/97/1655 1662/104/1662 
f 1663/105/1663 1664/106/1664 1665/107/1665 1666/108/1666 
f 1666/108/1666 1665/107/1665 1667/109/1667 1668/110/1668 
f 1669/111/1669 1667/109/1667 1665/107/1665 1670/112/1670 
f 1670/112/1670 1665/107/1665 1664/106/1664 1671/113/1671 
f 1672/114/1672 1673/115/1673 1674/116/1674 1675/117/1675 
f 1675/117/1675 1674/116/1674 1664/106/1664 1663/105/1663 
f 1671/113/1671 1664/106/1664 1674/116/1674 1676/118/1676 
f 1676/118/1676 1674/116/1674 1673/115/1673 1677/119/1677 
f 1678/120/1678 1679/121/1679 1680/122/1680 1681/123/1681 
f 1681/123/1681 1680/122/1680 1682/124/1682 1683/125/1683 
f 1668/110/1668 1682/124/1682 1680/122/1680 1666/108/1666 
f 1666/108/1666 1680/122/1680 1679/121/1679 1663/105/1663 
f 1684/126/1684 1685/127/1685 1686/128/1686 1687/129/1687 
f 1687/129/1687 1686/128/1686 1679/121/1679 1678/120/1678 
f 1663/105/1663 1679/121/1679 1686/128/1686 1675/117/1675 
f 1675/117/1675 1686/128/1686 1685/127/1685 1672/114/1672 
f 1688/130/1688 1689/131/1689 1690/132/1690 1691/133/1691 
f 1691/133/1691 1690/132/1690 1692/134/1692 1693/135/1693 
f 1683/125/1683 1692/134/1692 1690/132/1690 1681/123/1681 
f 1681/123/1681 1690/132/1690 1689/131/1689 1678/120/1678 
f 1694/136/1694 1695/137/1695 1696/138/1696 1697/139/1697 
f 1697/139/1697 1696/138/1696 1689/131/1689 1688/130/1688 
f 1678/120/1678 1689/131/1689 1696/138/1696 1687/129/1687 
f 1687/129/1687 1696/138/1696 1695/137/1695 1684/126/1684 
f 1688/130/1688 1691/133/1691 1698/140/1698 1699/141/1699 
f 1699/141/1699 1698/140/1698 1700/142/1700 1701/143/1701 
f 1702/144/1702 1700/142/1700 1698/140/1698 1703/145/1703 
f 1703/145/1703 1698/140/1698 1691/133/1691 1693/135/1693 
f 1688/130/1688 1699/141/1699 1704/146/1704 1697/139/1697 
f 1697/139/1697 1704/146/1704 1705/147/1705 1694/136/1694 
f 1706/148/1706 1705/147/1705 1704/146/1704 1707/149/1707 
f 1707/149/1707 1704/146/1704 1699/141/1699 1701/143/1701 
f 1662/104/1662 1708/165/1708 1709/172/1709 1661/103/1661 
f 1661/103/1661 1709/172/1709 1710/173/1710 1660/102/1660 
f 1711/155/1711 1710/173/1710 1709/172/1709 1712/153/1712 
f 1712/153/1712 1709/172/1709 1708/165/1708 1713/150/1713 
f 1662/104/1662 1714/171/1714 1715/166/1715 1708/165/1708 
f 1708/165/1708 1715/166/1715 1716/167/1716 1713/150/1713 
f 1717/169/1717 1716/167/1716 1715/166/1715 1718/168/1718 
f 1718/168/1718 1715/166/1715 1714/171/1714 1719/170/1719 
f 1720/104/1720 1721/97/1721 1722/174/1722 1723/171/1723 
f 1723/171/1723 1722/174/1722 1724/175/1724 1725/170/1725 
f 1726/176/1726 1724/175/1724 1722/174/1722 1727/177/1727 
f 1727/177/1727 1722/174/1722 1721/97/1721 1728/96/1728 
f 1728/96/1728 1729/178/1729 1730/179/1730 1727/177/1727 
f 1727/177/1727 1730/179/1730 1731/180/1731 1726/176/1726 
f 1732/119/1732 1731/180/1731 1730/179/1730 1733/118/1733 
f 1733/118/1733 1730/179/1730 1729/178/1729 1734/113/1734 
f 1735/110/1735 1736/124/1736 1737/122/1737 1738/108/1738 
f 1738/108/1738 1737/122/1737 1739/121/1739 1740/105/1740 
f 1741/120/1741 1739/121/1739 1737/122/1737 1742/123/1742 
f 1742/123/1742 1737/122/1737 1736/124/1736 1743/125/1743 
f 1740/105/1740 1739/121/1739 1744/128/1744 1745/117/1745 
f 1745/117/1745 1744/128/1744 1746/127/1746 1747/114/1747 
f 1748/126/1748 1746/127/1746 1744/128/1744 1749/129/1749 
f 1749/129/1749 1744/128/1744 1739/121/1739 1741/120/1741 
f 1743/125/1743 1750/134/1750 1751/132/1751 1742/123/1742 
f 1742/123/1742 1751/132/1751 1752/131/1752 1741/120/1741 
f 1753/130/1753 1752/131/1752 1751/132/1751 1754/133/1754 
f 1754/133/1754 1751/132/1751 1750/134/1750 1755/135/1755 
f 1741/120/1741 1752/131/1752 1756/138/1756 1749/129/1749 
f 1749/129/1749 1756/138/1756 1757/137/1757 1748/126/1748 
f 1758/136/1758 1757/137/1757 1756/138/1756 1759/139/1759 
f 1759/139/1759 1756/138/1756 1752/131/1752 1753/130/1753 
f 1755/135/1755 1760/145/1760 1761/140/1761 1754/133/1754 
f 1754/133/1754 1761/140/1761 1762/141/1762 1753/130/1753 
f 1763/143/1763 1762/141/1762 1761/140/1761 1764/142/1764 
f 1764/142/1764 1761/140/1761 1760/145/1760 1765/144/1765 
f 1753/130/1753 1762/141/1762 1766/146/1766 1759/139/1759 
f 1759/139/1759 1766/146/1766 1767/147/1767 1758/136/1758 
f 1768/148/1768 1767/147/1767 1766/146/1766 1769/149/1769 
f 1769/149/1769 1766/146/1766 1762/141/1762 1763/143/1763 
f 1720/104/1720 1770/165/1770 1771/172/1771 1772/103/1772 
f 1772/103/1772 1771/172/1771 1773/173/1773 1774/102/1774 
f 1775/155/1775 1773/173/1773 1771/172/1771 1776/153/1776 
f 1776/153/1776 1771/172/1771 1770/165/1770 1777/150/1777 
f 1720/104/1720 1723/171/1723 1778/166/1778 1770/165/1770 
f 1770/165/1770 1778/166/1778 1779/167/1779 1777/150/1777 
f 1780/169/1780 1779/167/1779 1778/166/1778 1781/168/1781 
f 1781/168/1781 1778/166/1778 1723/171/1723 1725/170/1725 
f 1782/176/1782 1783/175/1783 1784/174/1784 1785/177/1785 
f 1785/177/1785 1784/174/1784 1047/97/1047 1046/96/1046 
f 1054/104/1054 1047/97/1047 1784/174/1784 1121/171/1121 
f 1121/171/1121 1784/174/1784 1783/175/1783 1120/170/1120 
f 1119/169/1119 1786/181/1786 1787/182/1787 1117/167/1117 
f 1117/167/1117 1787/182/1787 1101/151/1101 1100/150/1100 
f 1108/158/1108 1101/151/1101 1787/182/1787 1788/183/1788 
f 1788/183/1788 1787/182/1787 1786/181/1786 1789/184/1789 
f 1105/155/1105 1790/173/1790 1791/172/1791 1103/153/1103 
f 1103/153/1103 1791/172/1791 1115/165/1115 1100/150/1100 
f 1054/104/1054 1115/165/1115 1791/172/1791 1053/103/1053 
f 1053/103/1053 1791/172/1791 1790/173/1790 1052/102/1052 
f 1789/184/1789 1792/185/1792 1793/186/1793 1788/183/1788 
f 1788/183/1788 1793/186/1793 1109/159/1109 1108/158/1108 
f 1114/164/1114 1109/159/1109 1793/186/1793 1794/187/1794 
f 1794/187/1794 1793/186/1793 1792/185/1792 1795/188/1795 
f 1796/176/1796 1797/175/1797 1798/174/1798 1799/177/1799 
f 1799/177/1799 1798/174/1798 1123/97/1123 1122/96/1122 
f 1130/104/1130 1123/97/1123 1798/174/1798 1197/171/1197 
f 1197/171/1197 1798/174/1798 1797/175/1797 1196/170/1196 
f 1195/169/1195 1800/181/1800 1801/182/1801 1193/167/1193 
f 1193/167/1193 1801/182/1801 1177/151/1177 1176/150/1176 
f 1184/158/1184 1177/151/1177 1801/182/1801 1802/183/1802 
f 1802/183/1802 1801/182/1801 1800/181/1800 1803/184/1803 
f 1181/155/1181 1804/173/1804 1805/172/1805 1179/153/1179 
f 1179/153/1179 1805/172/1805 1191/165/1191 1176/150/1176 
f 1130/104/1130 1191/165/1191 1805/172/1805 1129/103/1129 
f 1129/103/1129 1805/172/1805 1804/173/1804 1128/102/1128 
f 1803/184/1803 1806/185/1806 1807/186/1807 1802/183/1802 
f 1802/183/1802 1807/186/1807 1185/159/1185 1184/158/1184 
f 1190/164/1190 1185/159/1185 1807/186/1807 1808/187/1808 
f 1808/187/1808 1807/186/1807 1806/185/1806 1809/188/1809 
f 1810/176/1810 1811/175/1811 1812/174/1812 1813/177/1813 
f 1813/177/1813 1812/174/1812 1199/97/1199 1198/96/1198 
f 1206/104/1206 1199/97/1199 1812/174/1812 1258/171/1258 
f 1258/171/1258 1812/174/1812 1811/175/1811 1263/170/1263 
f 1814/156/1814 1815/154/1815 1816/152/1816 1817/157/1817 
f 1817/157/1817 1816/152/1816 1818/151/1818 1819/158/1819 
f 1257/150/1257 1818/151/1818 1816/152/1816 1256/153/1256 
f 1256/153/1256 1816/152/1816 1815/154/1815 1255/155/1255 
f 1261/169/1261 1820/181/1820 1821/182/1821 1260/167/1260 
f 1260/167/1260 1821/182/1821 1818/151/1818 1257/150/1257 
f 1819/158/1819 1818/151/1818 1821/182/1821 1822/183/1822 
f 1822/183/1822 1821/182/1821 1820/181/1820 1823/184/1823 
f 1824/162/1824 1825/161/1825 1826/160/1826 1827/163/1827 
f 1827/163/1827 1826/160/1826 1828/159/1828 1829/164/1829 
f 1819/158/1819 1828/159/1828 1826/160/1826 1817/157/1817 
f 1817/157/1817 1826/160/1826 1825/161/1825 1814/156/1814 
f 1823/184/1823 1830/185/1830 1831/186/1831 1822/183/1822 
f 1822/183/1822 1831/186/1831 1828/159/1828 1819/158/1819 
f 1829/164/1829 1828/159/1828 1831/186/1831 1832/187/1832 
f 1832/187/1832 1831/186/1831 1830/185/1830 1833/188/1833 
f 1318/102/1318 1834/100/1834 1835/98/1835 1316/103/1316 
f 1316/103/1316 1835/98/1835 1265/97/1265 1264/104/1264 
f 1272/96/1272 1265/97/1265 1835/98/1835 1836/99/1836 
f 1836/99/1836 1835/98/1835 1834/100/1834 1837/101/1837 
f 1838/156/1838 1839/154/1839 1840/152/1840 1841/157/1841 
f 1841/157/1841 1840/152/1840 1842/151/1842 1843/158/1843 
f 1321/150/1321 1842/151/1842 1840/152/1840 1320/153/1320 
f 1320/153/1320 1840/152/1840 1839/154/1839 1319/155/1319 
f 1324/169/1324 1844/181/1844 1845/182/1845 1323/167/1323 
f 1323/167/1323 1845/182/1845 1842/151/1842 1321/150/1321 
f 1843/158/1843 1842/151/1842 1845/182/1845 1846/183/1846 
f 1846/183/1846 1845/182/1845 1844/181/1844 1847/184/1847 
f 1848/162/1848 1849/161/1849 1850/160/1850 1851/163/1851 
f 1851/163/1851 1850/160/1850 1852/159/1852 1853/164/1853 
f 1843/158/1843 1852/159/1852 1850/160/1850 1841/157/1841 
f 1841/157/1841 1850/160/1850 1849/161/1849 1838/156/1838 
f 1847/184/1847 1854/185/1854 1855/186/1855 1846/183/1846 
f 1846/183/1846 1855/186/1855 1852/159/1852 1843/158/1843 
f 1853/164/1853 1852/159/1852 1855/186/1855 1856/187/1856 
f 1856/187/1856 1855/186/1855 1854/185/1854 1857/188/1857 
f 1380/102/1380 1858/100/1858 1859/98/1859 1378/103/1378 
f 1378/103/1378 1859/98/1859 1327/97/1327 1326/104/1326 
f 1334/96/1334 1327/97/1327 1859/98/1859 1860/99/1860 
f 1860/99/1860 1859/98/1859 1858/100/1858 1861/101/1861 
f 1862/156/1862 1863/154/1863 1864/152/1864 1865/157/1865 
f 1865/157/1865 1864/152/1864 1866/151/1866 1867/158/1867 
f 1383/150/1383 1866/151/1866 1864/152/1864 1382/153/1382 
f 1382/153/1382 1864/152/1864 1863/154/1863 1381/155/1381 
f 1386/169/1386 1868/181/1868 1869/182/1869 1385/167/1385 
f 1385/167/1385 1869/182/1869 1866/151/1866 1383/150/1383 
f 1867/158/1867 1866/151/1866 1869/182/1869 1870/183/1870 
f 1870/183/1870 1869/182/1869 1868/181/1868 1871/184/1871 
f 1872/162/1872 1873/161/1873 1874/160/1874 1875/163/1875 
f 1875/163/1875 1874/160/1874 1876/159/1876 1877/164/1877 
f 1867/158/1867 1876/159/1876 1874/160/1874 1865/157/1865 
f 1865/157/1865 1874/160/1874 1873/161/1873 1862/156/1862 
f 1871/184/1871 1878/185/1878 1879/186/1879 1870/183/1870 
f 1870/183/1870 1879/186/1879 1876/159/1876 1867/158/1867 
f 1877/164/1877 1876/159/1876 1879/186/1879 1880/187/1880 
f 1880/187/1880 1879/186/1879 1878/185/1878 1881/188/1881 
f 1442/102/1442 1882/100/1882 1883/98/1883 1440/103/1440 
f 1440/103/1440 1883/98/1883 1389/97/1389 1388/104/1388 
f 1396/96/1396 1389/97/1389 1883/98/1883 1884/99/1884 
f 1884/99/1884 1883/98/1883 1882/100/1882 1885/101/1885 
f 1886/156/1886 1887/154/1887 1888/152/1888 1889/157/1889 
f 1889/157/1889 1888/152/1888 1890/151/1890 1891/158/1891 
f 1445/150/1445 1890/151/1890 1888/152/1888 1444/153/1444 
f 1444/153/1444 1888/152/1888 1887/154/1887 1443/155/1443 
f 1448/169/1448 1892/181/1892 1893/182/1893 1447/167/1447 
f 1447/167/1447 1893/182/1893 1890/151/1890 1445/150/1445 
f 1891/158/1891 1890/151/1890 1893/182/1893 1894/183/1894 
f 1894/183/1894 1893/182/1893 1892/181/1892 1895/184/1895 
f 1896/162/1896 1897/161/1897 1898/160/1898 1899/163/1899 
f 1899/163/1899 1898/160/1898 1900/159/1900 1901/164/1901 
f 1891/158/1891 1900/159/1900 1898/160/1898 1889/157/1889 
f 1889/157/1889 1898/160/1898 1897/161/1897 1886/156/1886 
f 1895/184/1895 1902/185/1902 1903/186/1903 1894/183/1894 
f 1894/183/1894 1903/186/1903 1900/159/1900 1891/158/1891 
f 1901/164/1901 1900/159/1900 1903/186/1903 1904/187/1904 
f 1904/187/1904 1903/186/1903 1902/185/1902 1905/188/1905 
f 1504/102/1504 1906/100/1906 1907/98/1907 1502/103/1502 
f 1502/103/1502 1907/98/1907 1451/97/1451 1450/104/1450 
f 1458/96/1458 1451/97/1451 1907/98/1907 1908/99/1908 
f 1908/99/1908 1907/98/1907 1906/100/1906 1909/101/1909 
f 1910/156/1910 1911/154/1911 1912/152/1912 1913/157/1913 
f 1913/157/1913 1912/152/1912 1914/151/1914 1915/158/1915 
f 1507/150/1507 1914/151/1914 1912/152/1912 1506/153/1506 
f 1506/153/1506 1912/152/1912 1911/154/1911 1505/155/1505 
f 1510/169/1510 1916/181/1916 1917/182/1917 1509/167/1509 
f 1509/167/1509 1917/182/1917 1914/151/1914 1507/150/1507 
f 1915/158/1915 1914/151/1914 1917/182/1917 1918/183/1918 
f 1918/183/1918 1917/182/1917 1916/181/1916 1919/184/1919 
f 1920/162/1920 1921/161/1921 1922/160/1922 1923/163/1923 
f 1923/163/1923 1922/160/1922 1924/159/1924 1925/164/1925 
f 1915/158/1915 1924/159/1924 1922/160/1922 1913/157/1913 
f 1913/157/1913 1922/160/1922 1921/161/1921 1910/156/1910 
f 1919/184/1919 1926/185/1926 1927/186/1927 1918/183/1918 
f 1918/183/1918 1927/186/1927 1924/159/1924 1915/158/1915 
f 1925/164/1925 1924/159/1924 1927/186/1927 1928/187/1928 
f 1928/187/1928 1927/186/1927 1926/185/1926 1929/188/1929 
f 1930/176/1930 1931/175/1931 1932/174/1932 1933/177/1933 
f 1933/177/1933 1932/174/1932 1513/97/1513 1512/96/1512 
f 1520/104/1520 1513/97/1513 1932/174/1932 1587/171/1587 
f 1587/171/1587 1932/174/1932 1931/175/1931 1586/170/1586 
f 1585/169/1585 1934/181/1934 1935/182/1935 1583/167/1583 
f 1583/167/1583 1935/182/1935 1567/151/1567 1566/150/1566 
f 1574/158/1574 1567/151/1567 1935/182/1935 1936/183/1936 
f 1936/183/1936 1935/182/1935 1934/181/1934 1937/184/1937 
f 1571/155/1571 1938/173/1938 1939/172/1939 1569/153/1569 
f 1569/153/1569 1939/172/1939 1581/165/1581 1566/150/1566 
f 1520/104/1520 1581/165/1581 1939/172/1939 1519/103/1519 
f 1519/103/1519 1939/172/1939 1938/173/1938 1518/102/1518 
f 1937/184/1937 1940/185/1940 1941/186/1941 1936/183/1936 
f 1936/183/1936 1941/186/1941 1575/159/1575 1574/158/1574 
f 1580/164/1580 1575/159/1575 1941/186/1941 1942/187/1942 
f 1942/187/1942 1941/186/1941 1940/185/1940 1943/188/1943 
f 1944/176/1944 1945/175/1945 1946/174/1946 1947/177/1947 
f 1947/177/1947 1946/174/1946 1589/97/1589 1588/96/1588 
f 1596/104/1596 1589/97/1589 1946/174/1946 1648/171/1648 
f 1648/171/1648 1946/174/1946 1945/175/1945 1653/170/1653 
f 1948/156/1948 1949/154/1949 1950/152/1950 1951/157/1951 
f 1951/157/1951 1950/152/1950 1952/151/1952 1953/158/1953 
f 1647/150/1647 1952/151/1952 1950/152/1950 1646/153/1646 
f 1646/153/1646 1950/152/1950 1949/154/1949 1645/155/1645 
f 1651/169/1651 1954/181/1954 1955/182/1955 1650/167/1650 
f 1650/167/1650 1955/182/1955 1952/151/1952 1647/150/1647 
f 1953/158/1953 1952/151/1952 1955/182/1955 1956/183/1956 
f 1956/183/1956 1955/182/1955 1954/181/1954 1957/184/1957 
f 1958/162/1958 1959/161/1959 1960/160/1960 1961/163/1961 
f 1961/163/1961 1960/160/1960 1962/159/1962 1963/164/1963 
f 1953/158/1953 1962/159/1962 1960/160/1960 1951/157/1951 
f 1951/157/1951 1960/160/1960 1959/161/1959 1948/156/1948 
f 1957/184/1957 1964/185/1964 1965/186/1965 1956/183/1956 
f 1956/183/1956 1965/186/1965 1962/159/1962 1953/158/1953 
f 1963/164/1963 1962/159/1962 1965/186/1965 1966/187/1966 
f 1966/187/1966 1965/186/1965 1964/185/1964 1967/188/1967 
f 1968/176/1968 1969/175/1969 1970/174/1970 1971/177/1971 
f 1971/177/1971 1970/174/1970 1655/97/1655 1654/96/1654 
f 1662/104/1662 1655/97/1655 1970/174/1970 1714/171/1714 
f 1714/171/1714 1970/174/1970 1969/175/1969 1719/170/1719 
f 1972/156/1972 1973/154/1973 1974/152/1974 1975/157/1975 
f 1975/157/1975 1974/152/1974 1976/151/1976 1977/158/1977 
f 1713/150/1713 1976/151/1976 1974/152/1974 1712/153/1712 
f 1712/153/1712 1974/152/1974 1973/154/1973 1711/155/1711 
f 1717/169/1717 1978/181/1978 1979/182/1979 1716/167/1716 
f 1716/167/1716 1979/182/1979 1976/151/1976 1713/150/1713 
f 1977/158/1977 1976/151/1976 1979/182/1979 1980/183/1980 
f 1980/183/1980 1979/182/1979 1978/181/1978 1981/184/1981 
f 1982/162/1982 1983/161/1983 1984/160/1984 1985/163/1985 
f 1985/163/1985 1984/160/1984 1986/159/1986 1987/164/1987 
f 1977/158/1977 1986/159/1986 1984/160/1984 1975/157/1975 
f 1975/157/1975 1984/160/1984 1983/161/1983 1972/156/1972 
f 1981/184/1981 1988/185/1988 1989/186/1989 1980/183/1980 
f 1980/183/1980 1989/186/1989 1986/159/1986 1977/158/1977 
f 1987/164/1987 1986/159/1986 1989/186/1989 1990/187/1990 
f 1990/187/1990 1989/186/1989 1988/185/1988 1991/188/1991 
f 1774/102/1774 1992/100/1992 1993/98/1993 1772/103/1772 
f 1772/103/1772 1993/98/1993 1721/97/1721 1720/104/1720 
f 1728/96/1728 1721/97/1721 1993/98/1993 1994/99/1994 
f 1994/99/1994 1993/98/1993 1992/100/1992 1995/101/1995 
f 1996/156/1996 1997/154/1997 1998/152/1998 1999/157/1999 
f 1999/157/1999 1998/152/1998 2000/151/2000 2001/158/2001 
f 1777/150/1777 2000/151/2000 1998/152/1998 1776/153/1776 
f 1776/153/1776 1998/152/1998 1997/154/1997 1775/155/1775 
f 1780/169/1780 2002/181/2002 2003/182/2003 1779/167/1779 
f 1779/167/1779 2003/182/2003 2000/151/2000 1777/150/1777 
f 2001/158/2001 2000/151/2000 2003/182/2003 2004/183/2004 
f 2004/183/2004 2003/182/2003 2002/181/2002 2005/184/2005 
f 2006/162/2006 2007/161/2007 2008/160/2008 2009/163/2009 
f 2009/163/2009 2008/160/2008 2010/159/2010 2011/164/2011 
f 2001/158/2001 2010/159/2010 2008/160/2008 1999/157/1999 
f 1999/157/1999 2008/160/2008 2007/161/2007 1996/156/1996 
f 2005/184/2005 2012/185/2012 2013/186/2013 2004/183/2004 
f 2004/183/2004 2013/186/2013 2010/159/2010 2001/158/2001 
f 2011/164/2011 2010/159/2010 2013/186/2013 2014/187/2014 
f 2014/187/2014 2013/186/2013 2012/185/2012 2015/188/2015 
f 1061/111/1061 1062/112/1062 2016/189/2016 2017/190/2017 
f 2017/190/2017 2016/189/2016 1049/99/1049 1051/101/1051 
f 1046/96/1046 1049/99/1049 2016/189/2016 2018/178/2018 
f 2018/178/2018 2016/189/2016 1062/112/1062 1063/113/1063 
f 1063/113/1063 1068/118/1068 2019/179/2019 2018/178/2018 
f 2018/178/2018 2019/179/2019 1785/177/1785 1046/96/1046 
f 1782/176/1782 1785/177/1785 2019/179/2019 2020/180/2020 
f 2020/180/2020 2019/179/2019 1068/118/1068 1069/119/1069 
f 1137/111/1137 1138/112/1138 2021/189/2021 2022/190/2022 
f 2022/190/2022 2021/189/2021 1125/99/1125 1127/101/1127 
f 1122/96/1122 1125/99/1125 2021/189/2021 2023/178/2023 
f 2023/178/2023 2021/189/2021 1138/112/1138 1139/113/1139 
f 1139/113/1139 1144/118/1144 2024/179/2024 2023/178/2023 
f 2023/178/2023 2024/179/2024 1799/177/1799 1122/96/1122 
f 1796/176/1796 1799/177/1799 2024/179/2024 2025/180/2025 
f 2025/180/2025 2024/179/2024 1144/118/1144 1145/119/1145 
f 1213/111/1213 1214/112/1214 2026/189/2026 2027/190/2027 
f 2027/190/2027 2026/189/2026 1201/99/1201 1203/101/1203 
f 1198/96/1198 1201/99/1201 2026/189/2026 2028/178/2028 
f 2028/178/2028 2026/189/2026 1214/112/1214 1215/113/1215 
f 1215/113/1215 1220/118/1220 2029/179/2029 2028/178/2028 
f 2028/178/2028 2029/179/2029 1813/177/1813 1198/96/1198 
f 1810/176/1810 1813/177/1813 2029/179/2029 2030/180/2030 
f 2030/180/2030 2029/179/2029 1220/118/1220 1221/119/1221 
f 1278/113/1278 2031/112/2031 2032/107/2032 2033/106/2033 
f 2033/106/2033 2032/107/2032 1282/108/1282 1284/105/1284 
f 1279/110/1279 1282/108/1282 2032/107/2032 2034/109/2034 
f 2034/109/2034 2032/107/2032 2031/112/2031 2035/111/2035 
f 1276/119/1276 1277/118/1277 2036/116/2036 2037/115/2037 
f 2037/115/2037 2036/116/2036 1289/117/1289 1291/114/1291 
f 1284/105/1284 1289/117/1289 2036/116/2036 2033/106/2033 
f 2033/106/2033 2036/116/2036 1277/118/1277 1278/113/1278 
f 1340/113/1340 2038/112/2038 2039/107/2039 2040/106/2040 
f 2040/106/2040 2039/107/2039 1344/108/1344 1346/105/1346 
f 1341/110/1341 1344/108/1344 2039/107/2039 2041/109/2041 
f 2041/109/2041 2039/107/2039 2038/112/2038 2042/111/2042 
f 1338/119/1338 1339/118/1339 2043/116/2043 2044/115/2044 
f 2044/115/2044 2043/116/2043 1351/117/1351 1353/114/1353 
f 1346/105/1346 1351/117/1351 2043/116/2043 2040/106/2040 
f 2040/106/2040 2043/116/2043 1339/118/1339 1340/113/1340 
f 1402/113/1402 2045/112/2045 2046/107/2046 2047/106/2047 
f 2047/106/2047 2046/107/2046 1406/108/1406 1408/105/1408 
f 1403/110/1403 1406/108/1406 2046/107/2046 2048/109/2048 
f 2048/109/2048 2046/107/2046 2045/112/2045 2049/111/2049 
f 1400/119/1400 1401/118/1401 2050/116/2050 2051/115/2051 
f 2051/115/2051 2050/116/2050 1413/117/1413 1415/114/1415 
f 1408/105/1408 1413/117/1413 2050/116/2050 2047/106/2047 
f 2047/106/2047 2050/116/2050 1401/118/1401 1402/113/1402 
f 1464/113/1464 2052/112/2052 2053/107/2053 2054/106/2054 
f 2054/106/2054 2053/107/2053 1468/108/1468 1470/105/1470 
f 1465/110/1465 1468/108/1468 2053/107/2053 2055/109/2055 
f 2055/109/2055 2053/107/2053 2052/112/2052 2056/111/2056 
f 1462/119/1462 1463/118/1463 2057/116/2057 2058/115/2058 
f 2058/115/2058 2057/116/2057 1475/117/1475 1477/114/1477 
f 1470/105/1470 1475/117/1475 2057/116/2057 2054/106/2054 
f 2054/106/2054 2057/116/2057 1463/118/1463 1464/113/1464 
f 1527/111/1527 1528/112/1528 2059/189/2059 2060/190/2060 
f 2060/190/2060 2059/189/2059 1515/99/1515 1517/101/1517 
f 1512/96/1512 1515/99/1515 2059/189/2059 2061/178/2061 
f 2061/178/2061 2059/189/2059 1528/112/1528 1529/113/1529 
f 1529/113/1529 1534/118/1534 2062/179/2062 2061/178/2061 
f 2061/178/2061 2062/179/2062 1933/177/1933 1512/96/1512 
f 1930/176/1930 1933/177/1933 2062/179/2062 2063/180/2063 
f 2063/180/2063 2062/179/2062 1534/118/1534 1535/119/1535 
f 1603/111/1603 1604/112/1604 2064/189/2064 2065/190/2065 
f 2065/190/2065 2064/189/2064 1591/99/1591 1593/101/1593 
f 1588/96/1588 1591/99/1591 2064/189/2064 2066/178/2066 
f 2066/178/2066 2064/189/2064 1604/112/1604 1605/113/1605 
f 1605/113/1605 1610/118/1610 2067/179/2067 2066/178/2066 
f 2066/178/2066 2067/179/2067 1947/177/1947 1588/96/1588 
f 1944/176/1944 1947/177/1947 2067/179/2067 2068/180/2068 
f 2068/180/2068 2067/179/2067 1610/118/1610 1611/119/1611 
f 1669/111/1669 1670/112/1670 2069/189/2069 2070/190/2070 
f 2070/190/2070 2069/189/2069 1657/99/1657 1659/101/1659 
f 1654/96/1654 1657/99/1657 2069/189/2069 2071/178/2071 
f 2071/178/2071 2069/189/2069 1670/112/1670 1671/113/1671 
f 1671/113/1671 1676/118/1676 2072/179/2072 2071/178/2071 
f 2071/178/2071 2072/179/2072 1971/177/1971 1654/96/1654 
f 1968/176/1968 1971/177/1971 2072/179/2072 2073/180/2073 
f 2073/180/2073 2072/179/2072 1676/118/1676 1677/119/1677 
f 1734/113/1734 2074/112/2074 2075/107/2075 2076/106/2076 
f 2076/106/2076 2075/107/2075 1738/108/1738 1740/105/1740 
f 1735/110/1735 1738/108/1738 2075/107/2075 2077/109/2077 
f 2077/109/2077 2075/107/2075 2074/112/2074 2078/111/2078 
f 1732/119/1732 1733/118/1733 2079/116/2079 2080/115/2080 
f 2080/115/2080 2079/116/2079 1745/117/1745 1747/114/1747 
f 1740/105/1740 1745/117/1745 2079/116/2079 2076/106/2076 
f 2076/106/2076 2079/116/2079 1733/118/1733 1734/113/1734 
f 1837/101/1837 2081/190/2081 2082/189/2082 1836/99/1836 
f 1836/99/1836 2082/189/2082 1273/178/1273 1272/96/1272 
f 1278/113/1278 1273/178/1273 2082/189/2082 2031/112/2031 
f 2031/112/2031 2082/189/2082 2081/190/2081 2035/111/2035 
f 1861/101/1861 2083/190/2083 2084/189/2084 1860/99/1860 
f 1860/99/1860 2084/189/2084 1335/178/1335 1334/96/1334 
f 1340/113/1340 1335/178/1335 2084/189/2084 2038/112/2038 
f 2038/112/2038 2084/189/2084 2083/190/2083 2042/111/2042 
f 1885/101/1885 2085/190/2085 2086/189/2086 1884/99/1884 
f 1884/99/1884 2086/189/2086 1397/178/1397 1396/96/1396 
f 1402/113/1402 1397/178/1397 2086/189/2086 2045/112/2045 
f 2045/112/2045 2086/189/2086 2085/190/2085 2049/111/2049 
f 1909/101/1909 2087/190/2087 2088/189/2088 1908/99/1908 
f 1908/99/1908 2088/189/2088 1459/178/1459 1458/96/1458 
f 1464/113/1464 1459/178/1459 2088/189/2088 2052/112/2052 
f 2052/112/2052 2088/189/2088 2087/190/2087 2056/111/2056 
f 1995/101/1995 2089/190/2089 2090/189/2090 1994/99/1994 
f 1994/99/1994 2090/189/2090 1729/178/1729 1728/96/1728 
f 1734/113/1734 1729/178/1729 2090/189/2090 2074/112/2074 
f 2074/112/2074 2090/189/2090 2089/190/2089 2078/111/2078 
# 792 polygons

#
# object PalmPalntTrunck_LOD0
#

v  3.2483 -0.0000 -0.0000
v  2.8131 -0.0000 -1.6242
v  2.7665 17.6000 -1.5973
v  3.1945 17.6000 -0.0000
v  1.6242 -0.0000 -2.8131
v  1.5973 17.6000 -2.7665
v  -0.0000 -0.0000 -3.2483
v  -0.0000 17.6000 -3.1945
v  -1.6242 -0.0000 -2.8131
v  -1.5973 17.6000 -2.7665
v  -2.8131 -0.0000 -1.6242
v  -2.7665 17.6000 -1.5973
v  -3.2483 -0.0000 -0.0000
v  -3.1945 17.6000 -0.0000
v  -2.8131 -0.0000 1.6242
v  -2.7666 17.6000 1.5973
v  -1.6242 -0.0000 2.8131
v  -1.5973 17.6000 2.7665
v  -0.0000 -0.0000 3.2483
v  -0.0000 17.6000 3.1945
v  1.6241 -0.0000 2.8131
v  1.5973 17.6000 2.7665
v  2.8131 -0.0000 1.6242
v  2.7665 17.6000 1.5973
v  2.5837 35.2000 -1.4917
v  2.9835 35.2000 -0.0000
v  1.4917 35.2000 -2.5838
v  -0.0000 35.2000 -2.9835
v  -1.4917 35.2000 -2.5837
v  -2.5838 35.2000 -1.4917
v  -2.9835 35.2000 -0.0000
v  -2.5838 35.2000 1.4917
v  -1.4917 35.2000 2.5838
v  -0.0000 35.2000 2.9835
v  1.4917 35.2000 2.5838
v  2.5837 35.2000 1.4917
v  2.1711 52.8000 -1.2535
v  2.5069 52.8000 -0.0000
v  1.2535 52.8000 -2.1711
v  -0.0000 52.8000 -2.5069
v  -1.2535 52.8000 -2.1711
v  -2.1711 52.8000 -1.2535
v  -2.5069 52.8000 -0.0000
v  -2.1711 52.8000 1.2535
v  -1.2535 52.8000 2.1711
v  -0.0000 52.8000 2.5069
v  1.2535 52.8000 2.1711
v  2.1711 52.8000 1.2535
v  1.4349 70.4000 -0.8284
v  1.6568 70.4000 0.0000
v  0.8284 70.4000 -1.4349
v  -0.0000 70.4000 -1.6568
v  -0.8284 70.4000 -1.4349
v  -1.4349 70.4000 -0.8284
v  -1.6568 70.4000 -0.0000
v  -1.4349 70.4000 0.8284
v  -0.8284 70.4000 1.4349
v  -0.0000 70.4000 1.6568
v  0.8284 70.4000 1.4349
v  1.4349 70.4000 0.8284
v  0.2815 88.0000 -0.1625
v  0.3250 88.0000 -0.0000
v  0.1625 88.0000 -0.2815
v  -0.0000 88.0000 -0.3250
v  -0.1625 88.0000 -0.2815
v  -0.2815 88.0000 -0.1625
v  -0.3250 88.0000 -0.0000
v  -0.2815 88.0000 0.1625
v  -0.1625 88.0000 0.2815
v  -0.0000 88.0000 0.3250
v  0.1625 88.0000 0.2815
v  0.2815 88.0000 0.1625
v  0.3250 -8.0000 -0.0000
v  0.2815 -8.0000 -0.1625
v  0.1625 -8.0000 -0.2815
v  -0.0000 -8.0000 -0.3250
v  -0.1625 -8.0000 -0.2815
v  -0.2815 -8.0000 -0.1625
v  -0.3250 -8.0000 -0.0000
v  -0.2815 -8.0000 0.1625
v  -0.1625 -8.0000 0.2815
v  -0.0000 -8.0000 0.3250
v  0.1625 -8.0000 0.2815
v  0.2815 -8.0000 0.1625
# 84 vertices

vn 0.9858 -0.1680 -0.0000
vn 0.8537 -0.1680 -0.4929
vn 0.8660 0.0075 -0.5000
vn 1.0000 0.0075 -0.0000
vn 0.4929 -0.1680 -0.8537
vn 0.5000 0.0075 -0.8660
vn -0.0000 -0.1680 -0.9858
vn 0.0000 0.0075 -1.0000
vn -0.4929 -0.1680 -0.8537
vn -0.5000 0.0075 -0.8660
vn -0.8537 -0.1680 -0.4929
vn -0.8660 0.0075 -0.5000
vn -0.9858 -0.1680 -0.0000
vn -1.0000 0.0075 -0.0000
vn -0.8537 -0.1680 0.4929
vn -0.8660 0.0075 0.5000
vn -0.4929 -0.1680 0.8537
vn -0.5000 0.0075 0.8660
vn -0.0000 -0.1680 0.9858
vn -0.0000 0.0075 1.0000
vn 0.4929 -0.1680 0.8537
vn 0.5000 0.0075 0.8660
vn 0.8537 -0.1680 0.4929
vn 0.8660 0.0075 0.5000
vn 0.8659 0.0195 -0.4999
vn 0.9998 0.0195 0.0000
vn 0.4999 0.0195 -0.8659
vn -0.0000 0.0195 -0.9998
vn -0.4999 0.0195 -0.8659
vn -0.8659 0.0195 -0.4999
vn -0.9998 0.0195 -0.0000
vn -0.8659 0.0195 0.4999
vn -0.4999 0.0195 0.8659
vn -0.0000 0.0195 0.9998
vn 0.4999 0.0195 0.8659
vn 0.8659 0.0195 0.4999
vn 0.8654 0.0376 -0.4996
vn 0.9993 0.0376 0.0000
vn 0.4996 0.0376 -0.8654
vn -0.0000 0.0376 -0.9993
vn -0.4996 0.0376 -0.8654
vn -0.8654 0.0376 -0.4996
vn -0.9993 0.0376 0.0000
vn -0.8654 0.0376 0.4996
vn -0.4996 0.0376 0.8654
vn -0.0000 0.0376 0.9993
vn 0.4996 0.0376 0.8654
vn 0.8654 0.0376 0.4996
vn 0.8644 0.0617 -0.4990
vn 0.9981 0.0617 0.0000
vn 0.4990 0.0617 -0.8644
vn -0.0000 0.0617 -0.9981
vn -0.4990 0.0617 -0.8644
vn -0.8644 0.0617 -0.4990
vn -0.9981 0.0617 0.0000
vn -0.8644 0.0617 0.4990
vn -0.4990 0.0617 0.8644
vn -0.0000 0.0617 0.9981
vn 0.4990 0.0617 0.8644
vn 0.8644 0.0617 0.4990
vn 0.8636 0.0755 -0.4986
vn 0.9971 0.0755 0.0000
vn 0.4986 0.0755 -0.8636
vn 0.0000 0.0755 -0.9971
vn -0.4986 0.0755 -0.8636
vn -0.8636 0.0755 -0.4986
vn -0.9971 0.0755 -0.0000
vn -0.8636 0.0755 0.4986
vn -0.4986 0.0755 0.8636
vn 0.0000 0.0755 0.9971
vn 0.4986 0.0755 0.8636
vn 0.8636 0.0755 0.4986
vn 0.9393 -0.3432 0.0000
vn 0.8134 -0.3432 -0.4696
vn 0.4696 -0.3432 -0.8134
vn 0.0000 -0.3432 -0.9393
vn -0.4696 -0.3432 -0.8134
vn -0.8134 -0.3432 -0.4696
vn -0.9393 -0.3432 0.0000
vn -0.8134 -0.3432 0.4696
vn -0.4696 -0.3432 0.8134
vn -0.0000 -0.3432 0.9393
vn 0.4696 -0.3432 0.8134
vn 0.8134 -0.3432 0.4696
# 84 vertex normals

vt 0.4347 0.0160 -28.0000
vt 0.4451 0.0160 -28.0000
vt 0.4451 0.0251 -28.0000
vt 0.4347 0.0251 -28.0000
vt 0.4556 0.0160 -28.0000
vt 0.4556 0.0251 -28.0000
vt 0.4660 0.0160 -28.0000
vt 0.4660 0.0251 -28.0000
vt 0.4764 0.0160 -28.0000
vt 0.4764 0.0251 -28.0000
vt 0.4867 0.0160 -28.0000
vt 0.4867 0.0251 -28.0000
vt 0.4970 0.0160 -28.0000
vt 0.4970 0.0251 -28.0000
vt 0.5073 0.0160 -28.0000
vt 0.5073 0.0251 -28.0000
vt 0.5175 0.0160 -28.0000
vt 0.5175 0.0251 -28.0000
vt 0.5277 0.0160 -28.0000
vt 0.5277 0.0251 -28.0000
vt 0.5380 0.0160 -28.0000
vt 0.5380 0.0251 -28.0000
vt 0.5483 0.0160 -28.0000
vt 0.5483 0.0251 -28.0000
vt 0.5587 0.0160 -28.0000
vt 0.5587 0.0251 -28.0000
vt 0.4451 0.0342 -28.0000
vt 0.4347 0.0342 -28.0000
vt 0.4556 0.0342 -28.0000
vt 0.4660 0.0342 -28.0000
vt 0.4764 0.0342 -28.0000
vt 0.4867 0.0342 -28.0000
vt 0.4970 0.0342 -28.0000
vt 0.5073 0.0342 -28.0000
vt 0.5175 0.0342 -28.0000
vt 0.5277 0.0342 -28.0000
vt 0.5380 0.0342 -28.0000
vt 0.5483 0.0342 -28.0000
vt 0.5587 0.0342 -28.0000
vt 0.4451 0.0433 -28.0000
vt 0.4347 0.0433 -28.0000
vt 0.4556 0.0433 -28.0000
vt 0.4660 0.0433 -28.0000
vt 0.4764 0.0433 -28.0000
vt 0.4867 0.0433 -28.0000
vt 0.4970 0.0433 -28.0000
vt 0.5073 0.0433 -28.0000
vt 0.5175 0.0433 -28.0000
vt 0.5277 0.0433 -28.0000
vt 0.5380 0.0433 -28.0000
vt 0.5483 0.0433 -28.0000
vt 0.5587 0.0433 -28.0000
vt 0.4451 0.0524 -28.0000
vt 0.4347 0.0524 -28.0000
vt 0.4556 0.0524 -28.0000
vt 0.4660 0.0524 -28.0000
vt 0.4764 0.0524 -28.0000
vt 0.4867 0.0524 -28.0000
vt 0.4970 0.0524 -28.0000
vt 0.5073 0.0524 -28.0000
vt 0.5175 0.0524 -28.0000
vt 0.5277 0.0524 -28.0000
vt 0.5380 0.0524 -28.0000
vt 0.5483 0.0524 -28.0000
vt 0.5587 0.0524 -28.0000
vt 0.4451 0.0615 36.0000
vt 0.4347 0.0615 -28.0000
vt 0.4556 0.0615 -28.0000
vt 0.4660 0.0615 -28.0000
vt 0.4764 0.0615 -28.0000
vt 0.4867 0.0615 -28.0000
vt 0.4970 0.0615 -28.0000
vt 0.5073 0.0615 -28.0000
vt 0.5175 0.0615 -28.0000
vt 0.5277 0.0615 -28.0000
vt 0.5380 0.0615 -28.0000
vt 0.5483 0.0615 -28.0000
vt 0.5587 0.0615 -28.0000
vt 0.4347 0.0103 -36.0000
vt 0.4451 0.0103 -28.0000
vt 0.4556 0.0103 -28.0000
vt 0.4660 0.0103 -28.0000
vt 0.4764 0.0103 -28.0000
vt 0.4867 0.0103 -28.0000
vt 0.4970 0.0103 -28.0000
vt 0.5073 0.0103 -28.0000
vt 0.5175 0.0103 -28.0000
vt 0.5277 0.0103 -28.0000
vt 0.5380 0.0103 -28.0000
vt 0.5483 0.0103 -28.0000
vt 0.5587 0.0103 -36.0000
# 91 texture coords

o PalmPalntTrunck_LOD0
g PalmPalntTrunck_LOD0
usemtl Material__25
s 1
f 2091/191/2091 2092/192/2092 2093/193/2093 2094/194/2094 
f 2092/192/2092 2095/195/2095 2096/196/2096 2093/193/2093 
f 2095/195/2095 2097/197/2097 2098/198/2098 2096/196/2096 
f 2097/197/2097 2099/199/2099 2100/200/2100 2098/198/2098 
f 2099/199/2099 2101/201/2101 2102/202/2102 2100/200/2100 
f 2101/201/2101 2103/203/2103 2104/204/2104 2102/202/2102 
f 2103/203/2103 2105/205/2105 2106/206/2106 2104/204/2104 
f 2105/205/2105 2107/207/2107 2108/208/2108 2106/206/2106 
f 2107/207/2107 2109/209/2109 2110/210/2110 2108/208/2108 
f 2109/209/2109 2111/211/2111 2112/212/2112 2110/210/2110 
f 2111/211/2111 2113/213/2113 2114/214/2114 2112/212/2112 
f 2113/213/2113 2091/215/2091 2094/216/2094 2114/214/2114 
f 2094/194/2094 2093/193/2093 2115/217/2115 2116/218/2116 
f 2093/193/2093 2096/196/2096 2117/219/2117 2115/217/2115 
f 2096/196/2096 2098/198/2098 2118/220/2118 2117/219/2117 
f 2098/198/2098 2100/200/2100 2119/221/2119 2118/220/2118 
f 2100/200/2100 2102/202/2102 2120/222/2120 2119/221/2119 
f 2102/202/2102 2104/204/2104 2121/223/2121 2120/222/2120 
f 2104/204/2104 2106/206/2106 2122/224/2122 2121/223/2121 
f 2106/206/2106 2108/208/2108 2123/225/2123 2122/224/2122 
f 2108/208/2108 2110/210/2110 2124/226/2124 2123/225/2123 
f 2110/210/2110 2112/212/2112 2125/227/2125 2124/226/2124 
f 2112/212/2112 2114/214/2114 2126/228/2126 2125/227/2125 
f 2114/214/2114 2094/216/2094 2116/229/2116 2126/228/2126 
f 2116/218/2116 2115/217/2115 2127/230/2127 2128/231/2128 
f 2115/217/2115 2117/219/2117 2129/232/2129 2127/230/2127 
f 2117/219/2117 2118/220/2118 2130/233/2130 2129/232/2129 
f 2118/220/2118 2119/221/2119 2131/234/2131 2130/233/2130 
f 2119/221/2119 2120/222/2120 2132/235/2132 2131/234/2131 
f 2120/222/2120 2121/223/2121 2133/236/2133 2132/235/2132 
f 2121/223/2121 2122/224/2122 2134/237/2134 2133/236/2133 
f 2122/224/2122 2123/225/2123 2135/238/2135 2134/237/2134 
f 2123/225/2123 2124/226/2124 2136/239/2136 2135/238/2135 
f 2124/226/2124 2125/227/2125 2137/240/2137 2136/239/2136 
f 2125/227/2125 2126/228/2126 2138/241/2138 2137/240/2137 
f 2126/228/2126 2116/229/2116 2128/242/2128 2138/241/2138 
f 2128/231/2128 2127/230/2127 2139/243/2139 2140/244/2140 
f 2127/230/2127 2129/232/2129 2141/245/2141 2139/243/2139 
f 2129/232/2129 2130/233/2130 2142/246/2142 2141/245/2141 
f 2130/233/2130 2131/234/2131 2143/247/2143 2142/246/2142 
f 2131/234/2131 2132/235/2132 2144/248/2144 2143/247/2143 
f 2132/235/2132 2133/236/2133 2145/249/2145 2144/248/2144 
f 2133/236/2133 2134/237/2134 2146/250/2146 2145/249/2145 
f 2134/237/2134 2135/238/2135 2147/251/2147 2146/250/2146 
f 2135/238/2135 2136/239/2136 2148/252/2148 2147/251/2147 
f 2136/239/2136 2137/240/2137 2149/253/2149 2148/252/2148 
f 2137/240/2137 2138/241/2138 2150/254/2150 2149/253/2149 
f 2138/241/2138 2128/242/2128 2140/255/2140 2150/254/2150 
f 2140/244/2140 2139/243/2139 2151/256/2151 2152/257/2152 
f 2139/243/2139 2141/245/2141 2153/258/2153 2151/256/2151 
f 2141/245/2141 2142/246/2142 2154/259/2154 2153/258/2153 
f 2142/246/2142 2143/247/2143 2155/260/2155 2154/259/2154 
f 2143/247/2143 2144/248/2144 2156/261/2156 2155/260/2155 
f 2144/248/2144 2145/249/2145 2157/262/2157 2156/261/2156 
f 2145/249/2145 2146/250/2146 2158/263/2158 2157/262/2157 
f 2146/250/2146 2147/251/2147 2159/264/2159 2158/263/2158 
f 2147/251/2147 2148/252/2148 2160/265/2160 2159/264/2159 
f 2148/252/2148 2149/253/2149 2161/266/2161 2160/265/2160 
f 2149/253/2149 2150/254/2150 2162/267/2162 2161/266/2161 
f 2150/254/2150 2140/255/2140 2152/268/2152 2162/267/2162 
f 2092/192/2092 2091/191/2091 2163/269/2163 2164/270/2164 
f 2095/195/2095 2092/192/2092 2164/270/2164 2165/271/2165 
f 2097/197/2097 2095/195/2095 2165/271/2165 2166/272/2166 
f 2099/199/2099 2097/197/2097 2166/272/2166 2167/273/2167 
f 2101/201/2101 2099/199/2099 2167/273/2167 2168/274/2168 
f 2103/203/2103 2101/201/2101 2168/274/2168 2169/275/2169 
f 2105/205/2105 2103/203/2103 2169/275/2169 2170/276/2170 
f 2107/207/2107 2105/205/2105 2170/276/2170 2171/277/2171 
f 2109/209/2109 2107/207/2107 2171/277/2171 2172/278/2172 
f 2111/211/2111 2109/209/2109 2172/278/2172 2173/279/2173 
f 2113/213/2113 2111/211/2111 2173/279/2173 2174/280/2174 
f 2091/215/2091 2113/213/2113 2174/280/2174 2163/281/2163 
# 72 polygons

